data;horario;n_da_ocorrencia;tipo_de_ocorrencia;km;trecho;sentido;tipo_de_acidente;automovel;bicicleta;caminhao;moto;onibus;outros;tracao_animal;transporte_de_cargas_especiais;trator_maquinas;utilitarios;ilesos;levemente_feridos;moderadamente_feridos;gravemente_feridos;mortos
30/10/2014;21:32:00;146;com vítima;96,5;BR-050/MG;Norte;Colisão Traseira;;;2;;;;;;;;1;;1;;
30/10/2014;12:22:00;78;com vítima;154,46;BR-050/GO;Norte;Colisão Transversal;2;;1;;;;;;;;0;4;;;1
30/10/2014;16:03:00;105;com vítima;279,2;BR-050/GO;Sul;Queda de Moto;;;;1;;1;;;;;1;1;;;
31/10/2014;17:19:00;118;sem vítima;2;Contorno;Sul;Colisão Lateral;2;;;;;;;;;;2;;;;
31/10/2014;16:52:00;115;sem vítima;5;Contorno;Norte;Saida de Pista;1;;;;;;;;;;1;;;;
31/10/2014;16:15:00;108;sem vítima;13,5;BR-050/MG;Sul;Saida de Pista;1;;;;;;;;;;3;;;;
31/10/2014;16:01:00;104;sem vítima;17;BR-050/MG;Sul;Tombamento;1;;;;;;;;;;3;;;;
31/10/2014;08:06:00;37;com vítima;22;BR-050/MG;Norte;Choque - Defensa, barreira ou meio fio;1;;;1;;;;;;;1;1;;;
31/10/2014;14:39:00;95;com vítima;133;BR-050/GO;Sul;Capotamento;1;;;;;;;;;;0;1;1;;
31/10/2014;14:50:00;97;sem vítima;133,1;BR-050/GO;Sul;Saida de Pista;;;1;;;;;;;;1;;;;
31/10/2014;21:32:00;153;sem vítima;86;BR-050/MG;Norte;Colisão Traseira;1;;1;;;;;;;;4;;;;
31/10/2014;11:22:00;63;sem vítima;117,2;BR-050/MG;Norte;Saida de Pista;1;;;;;;;;;;4;;;;
31/10/2014;17:02:00;117;sem vítima;128,4;BR-050/MG;Sul;Choque - Defensa, barreira ou meio fio;1;;;;;;;;;;3;;;;
31/10/2014;03:59:00;16;sem vítima;291;BR-050/GO;Norte;Choque - Barranco;;;1;;;;;;;;1;;;;
31/10/2014;17:39:00;123;sem vítima;186;BR-050/MG;Sul;Colisão Traseira;2;;;;;;;;;;2;;;;
31/10/2014;08:26:00;40;sem vítima;203,5;BR-050/MG;Norte;Colisão Lateral;1;;1;;;;;;;;5;;;;
01/11/2014;18:54:00;114;com vítima;11,5;CONTORNO;Norte;Choque - Defensa, barreira ou meio fio;;;1;;;;;;;;0;;1;;
01/11/2014;12:19:00;60;sem vítima;18;BR-050/MG;Norte;Choque - Defensa, barreira ou meio fio;;;;;;;;;;1;1;;;;
01/11/2014;23:06:00;138;sem vítima;61,3;BR-050/MG;Norte;Choque - Barranco;;;;;;;;;;1;3;;;;
01/11/2014;21:45:00;131;com vítima;77,1;BR-050/MG;Sul;Choque - Defensa, barreira ou meio fio;1;;;;;;;;;;0;1;;;
01/11/2014;05:39:00;17;com vítima;81,5;BR-050/MG;Norte;Capotamento;1;;;;;;;;;;0;2;;;
01/11/2014;06:58:00;19;sem vítima;109,38;BR-050/MG;Norte;Capotamento;1;;;;;;;;;;2;;;;
01/11/2014;10:38:00;50;com vítima;191,3;BR-050/GO;Norte;Atropelamento - Funcionário;;;1;;;;;;;;1;;1;;
01/11/2014;10:48:00;52;com vítima;165,4;BR-050/MG;Norte;Choque - Arvore;;;;;;;;;;1;0;;;;1
01/11/2014;07:40:00;25;com vítima;167,84;BR-050/MG;Sul;Colisão Traseira;;;1;;;;;;;1;2;1;;;
01/11/2014;13:20:00;66;sem vítima;182,4;BR-050/MG;Sul;Colisão Lateral;1;;1;;;;;;;;5;;;;
02/11/2014;12:02:00;68;sem vítima;33,8;BR-050/MG;Sul;Saida de Pista;1;;;;;;;;;;1;;;;
02/11/2014;17:21:00;101;com vítima;45,18;BR-050/MG;Norte;Colisão Traseira;;;;;;;;;;1;3;2;;;
02/11/2014;19:32:00;115;sem vítima;61,3;BR-050/MG;Sul;Colisão Traseira;2;;;;;;;;;;3;;;;
02/11/2014;07:26:00;23;sem vítima;171,1;BR-050/MG;Sul;Colisão Traseira;1;;;;;;;;;;1;;;;
02/11/2014;09:43:00;38;sem vítima;201,2;BR-050/MG;Sul;Colisão Traseira;1;;1;;;;;;;;4;;;;
03/11/2014;23:37:00;142;sem vítima;3;Contorno;Sul;Atropelamento - Animal;1;;;;;;;;;;1;;;;
03/11/2014;23:37:00;144;sem vítima;3;Contorno;Sul;Choque - Defensa, barreira ou meio fio;;;;;;;;;;1;1;;;;
03/11/2014;10:31:00;49;sem vítima;194,55;BR-050/GO;Norte;Engavetamento;1;;2;;;;;;;;3;;;;
03/11/2014;20:10:00;133;sem vítima;171,3;BR-050/MG;Norte;Queda de Moto;;;;1;;;;;;;1;;;;
03/11/2014;07:23:00;18;com vítima;177,5;BR-050/MG;Sul;Engavetamento;3;;;1;;;;;;;3;2;;;1
03/11/2014;07:02:00;16;sem vítima;178;BR-050/MG;Sul;Engavetamento;4;;1;;;;;;;;5;;;;
03/11/2014;23:08:00;140;sem vítima;178;BR-050/MG;Sul;Choque - Veiculo parado na pista;1;;1;;;;;;;;2;;;;
03/11/2014;17:45:00;119;sem vítima;190;BR-050/MG;Norte;Choque - Defensa, barreira ou meio fio;;;1;;;;;;;;1;;;;
04/11/2014;08:20:00;23;sem vítima;1,6;CONTORNO;Norte;Colisão Lateral;;;2;;;;;;;;2;;;;
04/11/2014;06:09:00;10;com vítima;207;BR-050/GO;Sul;Colisão Traseira;1;;1;;;;;;;;1;1;;;
04/11/2014;19:10:00;103;sem vítima;273;BR-050/GO;Sul;Queda de Moto;;;;1;;;;;;;1;;;;
05/11/2014;04:47:00;15;com vítima;1,5;BR-050/MG;Sul;Capotamento;1;;;;;;;;;;1;2;;;
05/11/2014;15:01:00;104;com vítima;45,285;BR-050/MG;Norte;Capotamento;1;;;;;;;;;;0;;1;;
06/11/2014;18:16:00;112;sem vítima;52,7;BR-050/MG;Sul;Saida de Pista;;;1;;;;;;;;1;;;;
06/11/2014;12:56:00;73;com vítima;109,369;BR-050/GO;Norte;Capotamento;1;;;;;;;;;;3;;2;;
06/11/2014;14:04:00;81;com vítima;82,7;BR-050/MG;Norte;Capotamento;1;;;;;;;;;;0;2;;;
06/11/2014;07:52:00;27;com vítima;280;BR-050/GO;Norte;Colisão Lateral;1;;;1;;;;;;;2;1;;;
07/11/2014;04:36:00;11;com vítima;19,7;BR-050/MG;Norte;Saida de Pista;1;;;;;;;;;;0;1;;;
07/11/2014;23:46:00;167;sem vítima;280;BR-050/GO;Norte;Colisão Traseira;2;;;;;;;;;;2;;;;
08/11/2014;05:27:00;19;com vítima;41;BR-050/MG;Norte;Choque - Suporte de Sinalização;1;;;;;;;;;;1;1;;;
08/11/2014;03:30:00;12;com vítima;138,88;BR-050/MG;Norte;Choque - Barranco;;;1;;;;;;;;0;1;;;
08/11/2014;16:45:00;102;com vítima;154,4;BR-050/MG;Sul;Capotamento;1;;;;;;;;;;0;1;;;
08/11/2014;19:45:00;133;com vítima;171,2;BR-050/MG;Norte;Capotamento;1;;;;;;;;;;2;2;;;
09/11/2014;04:59:00;14;com vítima;174,8;BR-050/MG;Sul;Capotamento;1;;;;;;;;;;0;1;;;
09/11/2014;19:40:00;126;sem vítima;178;BR-050/MG;Sul;Choque - Defensa, barreira ou meio fio;1;;;;;;;;;;2;;;;
09/11/2014;19:40:00;122;sem vítima;178,1;BR-050/MG;Sul;Choque - Defensa, barreira ou meio fio;1;;;;;;;;;;3;;;;
10/11/2014;07:27:00;19;com vítima;3;Contorno;Sul;Tombamento;;;1;;;;;;;;0;1;;;
10/11/2014;14:35:00;78;sem vítima;18,1;BR-050/MG;Norte;Tombamento;;;1;;;;;;;;1;;;;
10/11/2014;14:32:00;75;sem vítima;18,35;BR-050/MG;Norte;Saida de Pista;1;;;;;;;;;;1;;;;
10/11/2014;10:06:00;50;com vítima;25;BR-050/MG;Norte;Capotamento;1;;;;;;;;;;0;;1;;
10/11/2014;15:43:00;86;sem vítima;37,95;BR-050/MG;Sul;Saida de Pista;1;;;;;;;;;;2;;;;
10/11/2014;13:47:00;70;sem vítima;53,9;BR-050/MG;Sul;Choque - Defensa, barreira ou meio fio;;;1;;;;;;;;1;;;;
10/11/2014;00:33:00;6;sem vítima;162,6;BR-050/MG;Sul;Capotamento;1;;;;;;;;;;1;;;;
10/11/2014;16:39:00;92;sem vítima;221;BR-050/GO;Sul;Capotamento;1;;;;;;;;;;1;;;;
10/11/2014;09:39:00;47;sem vítima;182,3;BR-050/MG;Sul;Colisão Lateral;1;;1;;;;;;;;2;;;;
11/11/2014;05:57:00;11;com vítima;81,5;BR-050/MG;Norte;Choque - Veiculo parado no acostamento;1;;;1;;;;;;;1;1;;;
11/11/2014;08:49:00;36;sem vítima;136;BR-050/MG;Norte;Choque - Defensa, barreira ou meio fio;1;;;;;;;;;;1;;;;
11/11/2014;12:25:00;67;com vítima;146,55;BR-050/MG;Norte;Colisão Traseira;;;1;;;;;;;1;1;;1;;
12/11/2014;15:06:00;73;sem vítima;33,9;BR-050/MG;Norte;Saida de Pista;;;1;;;;;;;;1;;;;
12/11/2014;21:08:00;107;com vítima;39;BR-050/MG;Sul;Choque - Defensa, barreira ou meio fio;1;;;;;;;;;;2;1;;;
12/11/2014;18:11:00;87;sem vítima;42;BR-050/MG;Sul;Engavetamento;2;;;;;;;;;1;3;;;;
12/11/2014;15:05:00;72;sem vítima;43,2;BR-050/MG;Norte;Colisão Traseira;;;2;;;;;;;;2;;;;
12/11/2014;16:44:00;80;com vítima;140,5;BR-050/GO;Sul;Choque - Arvore;;;;;;;;;;1;1;2;;;
12/11/2014;06:13:00;17;sem vítima;102,1;BR-050/MG;Norte;Carreta deu L;;;1;;;;;;;;1;;;;
12/11/2014;20:42:00;104;com vítima;152,2;BR-050/MG;Norte;Colisão Transversal;;;1;1;;;;;;;1;1;;;
12/11/2014;06:23:00;18;sem vítima;160;BR-050/MG;Norte;Choque - Defensa, barreira ou meio fio;1;;;;;;;;;;2;;;;
12/11/2014;10:52:00;47;com vítima;270,2;BR-050/GO;Norte;Engavetamento;;;2;;1;;;;;1;22;2;;;
13/11/2014;10:27:00;34;sem vítima;0;CONTORNO;Norte;Carreta deu L;;;1;;;;;;;;1;;;;
13/11/2014;12:23:00;51;com vítima;158,9;BR-050/MG;Sul;Capotamento;1;;;;;;;;;;0;1;;;
13/11/2014;18:00:00;88;sem vítima;179;BR-050/MG;Sul;Colisão Lateral;1;;1;;;;;;;;2;;;;
14/11/2014;20:38:00;142;sem vítima;61;BR-050/MG;Norte;Saida de Pista;1;;;;;;;;;;1;;;;
14/11/2014;08:28:00;36;sem vítima;105,1;BR-050/MG;Norte;Colisão Traseira;1;;;;;;;;;1;2;;;;
14/11/2014;17:33:00;123;sem vítima;278;BR-050/GO;Sul;Colisão Lateral;1;;1;;;;;;;;2;;;;
14/11/2014;13:45:00;81;sem vítima;180;BR-050/MG;Norte;Colisão Transversal;1;;1;;;;;;;1;3;;;;
15/11/2014;01:44:00;4;sem vítima;41,5;BR-050/MG;Norte;Saida de Pista;1;;;;;;;;;;1;;;;
15/11/2014;17:19:00;110;com vítima;56,6;BR-050/MG;Norte;Choque - Defensa, barreira ou meio fio;1;;;;;;;;;;0;;2;;
15/11/2014;05:59:00;15;sem vítima;61,5;BR-050/MG;Sul;Saida de Pista;1;;;;;;;;;;4;;;;
15/11/2014;13:50:00;88;sem vítima;114,1;BR-050/GO;Norte;Capotamento;;;1;;;;;;;;1;;;;
15/11/2014;18:51:00;119;com vítima;189,3;BR-050/MG;Sul;Capotamento;1;;;;;;;;;;0;;1;;
16/11/2014;05:30:00;18;sem vítima;17,9;BR-050/MG;Norte;Saida de Pista;1;;;;;;;;;;4;;;;
16/11/2014;20:03:00;114;com vítima;27,8;BR-050/MG;Sul;Saida de Pista;1;;;;;;;;;;0;1;;;
16/11/2014;06:21:00;19;sem vítima;36;BR-050/MG;Sul;Capotamento;1;;;;;;;;;;4;;;;
16/11/2014;02:38:00;13;com vítima;112,6;BR-050/GO;Norte;Colisão Traseira;1;;;;;;;;;;1;1;;;
16/11/2014;15:36:00;75;com vítima;168,25;BR-050/GO;Sul;Saida de Pista;;;;1;;;;;;;0;1;;;
16/11/2014;18:27:00;98;com vítima;274,7;BR-050/GO;Norte;Colisão Transversal;;;1;1;;;;;;;1;;1;;
16/11/2014;18:32:00;99;sem vítima;195;BR-050/MG;Sul;Engavetamento;4;;;;;;;;;1;5;;;;
16/11/2014;19:01:00;104;com vítima;196;BR-050/MG;Sul;Engavetamento;3;;;;;;;;;1;3;1;;;
16/11/2014;16:04:00;79;com vítima;198;BR-050/MG;Sul;Colisão Traseira;;;;1;;1;;;;;1;1;;;
17/11/2014;17:03:00;89;sem vítima;206,5;BR-050/MG;Sul;Colisão Traseira;1;;;;;;;;;1;5;;;;
18/11/2014;11:43:00;73;com vítima;173,1;BR-050/MG;Norte;Queda de Moto;;;;1;;;;;;;0;2;;;
18/11/2014;11:55:00;74;sem vítima;7,88;CONTORNO;Sul;Colisão Traseira;;;1;;;;;;;1;2;;;;
18/11/2014;13:03:00;78;sem vítima;180,06;BR-050/MG;Norte;Choque - Defensa, barreira ou meio fio;1;;;;;;;;;;1;;;;
19/11/2014;20:48:00;123;sem vítima;14,4;CONTORNO;Sul;Choque - Defensa, barreira ou meio fio;1;;;;;;;;;;1;;;;
19/11/2014;13:00:00;65;com vítima;78,7;BR-050/MG;Norte;Colisão Traseira;2;;;;;;;;;;0;3;;;
19/11/2014;23:05:00;135;sem vítima;211,15;BR-050/GO;Norte;Colisão Lateral;;;1;;1;;;;;;10;;;;
19/11/2014;08:42:00;31;sem vítima;174,1;BR-050/MG;Norte;Colisão Lateral;1;;1;;;;;;;;5;;;;
20/11/2014;17:33:00;114;com vítima;61;BR-050/MG;Sul;Queda de Moto;;;;1;;;;;;;1;;1;;
20/11/2014;16:36:00;106;com vítima;79,8;BR-050/MG;Norte;Colisão Traseira;1;;;1;;;;;;;1;;2;;
21/11/2014;12:47:00;72;com vítima;19;CONTORNO;Norte;Queda de Moto;;;;1;;;;;;;0;1;;;
21/11/2014;02:01:00;7;sem vítima;56;BR-050/MG;Norte;Choque - Defensa, barreira ou meio fio;1;;;;;;;;;;2;;;;
21/11/2014;20:49:00;156;sem vítima;91,3;BR-050/MG;Norte;Colisão Traseira;1;;1;;;;;;;;2;;;;
21/11/2014;12:03:00;65;sem vítima;186,8;BR-050/GO;Norte;Choque - Arvore;;;1;;;;;;;;1;;;;
21/11/2014;17:59:00;128;com vítima;276;BR-050/GO;Sul;Atropelamento - Usuário;;;;1;;;;;;;1;1;;;
21/11/2014;20:44:00;155;sem vítima;279;BR-050/GO;Norte;Colisão Lateral;1;;;;;;;;;;4;;;;
21/11/2014;20:21:00;153;sem vítima;292;BR-050/GO;Sul;Atropelamento - Animal;1;;;;;;;;;;2;;;;
21/11/2014;14:33:00;88;sem vítima;196,56;BR-050/MG;Sul;Carreta deu L;;;2;;;;;;;;2;;;;
22/11/2014;14:52:00;81;com vítima;3,7;BR-050/MG;Sul;Saida de Pista;;;;1;;;;;;;0;1;;;
22/11/2014;23:42:00;132;sem vítima;41,5;BR-050/MG;Sul;Saida de Pista;1;;;;;;;;;;3;;;;
22/11/2014;13:50:00;74;com vítima;164,7;BR-050/GO;Norte;Queda de Ciclista;;1;;;;;;;;;0;1;;;
22/11/2014;14:45:00;79;com vítima;167,5;BR-050/GO;Sul;Capotamento;1;;;;;;;;;;0;3;;;
22/11/2014;13:15:00;69;sem vítima;177,8;BR-050/MG;Sul;Colisão Traseira;2;;;;;;;;;;4;;;;
22/11/2014;18:13:00;101;com vítima;311,8;BR-050/GO;Sul;Capotamento;1;;;;;;;;;;1;2;;;
22/11/2014;20:45:00;126;sem vítima;202,6;BR-050/MG;Norte;Choque - Defensa, barreira ou meio fio;1;;;;;;;;;;3;;;;
23/11/2014;16:25:00;72;sem vítima;16,7;BR-050/MG;Sul;Colisão Traseira;2;;;;;;;;;;6;;;;
23/11/2014;15:50:00;68;sem vítima;86,6;BR-050/MG;Sul;Capotamento;1;;;;;;;;;;1;;;;
23/11/2014;13:27:00;55;com vítima;154,6;BR-050/MG;Norte;Capotamento;1;;;;;;;;;;0;2;;;
23/11/2014;15:08:00;63;com vítima;271;BR-050/GO;Norte;Saida de Pista;1;;;;;;;;;;0;2;;;
23/11/2014;16:35:00;74;com vítima;278,9;BR-050/GO;Norte;Colisão Traseira;1;;;1;;;;;;;2;1;;;
23/11/2014;18:00:00;81;sem vítima;178;BR-050/MG;Sul;Choque - Defensa, barreira ou meio fio;1;;;;;;;;;;4;;;;
24/11/2014;15:37:00;92;sem vítima;52,3;BR-050/MG;Norte;Colisão Lateral;;;2;;;;;;;;2;;;;
24/11/2014;22:51:00;133;sem vítima;61,5;BR-050/MG;Norte;Saida de Pista;1;;;;;;;;;;1;;;;
24/11/2014;16:21:00;95;sem vítima;114;BR-050/GO;Sul;Capotamento;;;;;;;;;;1;2;;;;
24/11/2014;16:35:00;100;com vítima;131,64;BR-050/MG;Norte;Colisão Traseira;;;1;;;;;;;1;2;;2;;
24/11/2014;03:58:00;6;com vítima;187,2;BR-050/GO;Norte;Choque - Arvore;1;;;;;;;;;;2;2;;;
24/11/2014;15:04:00;86;sem vítima;205,3;BR-050/MG;Norte;Colisão Lateral;1;;1;;;;;;;;2;;;;
25/11/2014;07:46:00;23;sem vítima;58,3;BR-050/MG;Norte;Choque - Defensa, barreira ou meio fio;;;;;;;;;;1;1;;;;
25/11/2014;08:32:00;32;sem vítima;96;BR-050/MG;Sul;Saida de Pista;1;;;;;;;;;;3;;;;
25/11/2014;18:51:00;98;sem vítima;158;BR-050/MG;Norte;Choque - Talude;1;;;;;;;;;;1;;;;
25/11/2014;19:46:00;106;sem vítima;178,1;BR-050/MG;Sul;Choque - Defensa, barreira ou meio fio;1;;;;;;;;;;1;;;;
25/11/2014;11:05:00;55;com vítima;312;BR-050/GO;Norte;Colisão Frontal;1;;2;;;;;;;;5;;;;1
26/11/2014;17:09:00;105;sem vítima;59;BR-050/MG;Sul;Saida de Pista;1;;;;;;;;;;2;;;;
26/11/2014;15:53:00;93;sem vítima;173,8;BR-050/MG;Sul;Colisão Traseira;;;1;;;;;;;1;3;;;;
26/11/2014;15:19:00;88;sem vítima;182,9;BR-050/MG;Sul;Tombamento;;;1;;;;;;;;1;;;;
27/11/2014;21:00:00;113;sem vítima;15;BR-050/MG;Sul;Saida de Pista;;;1;;;;;;;;1;;;;
27/11/2014;09:29:00;41;com vítima;43,9;BR-050/MG;Norte;Colisão Traseira;1;;1;;;;;;;;1;1;;;
27/11/2014;15:19:00;71;sem vítima;88,2;BR-050/MG;Sul;Queda de Ciclista;;1;;;;;;;;;1;;;;
27/11/2014;19:56:00;104;sem vítima;131,8;BR-050/MG;Norte;Saida de Pista;;;1;;;;;;;;2;;;;
27/11/2014;22:08:00;121;sem vítima;169;BR-050/MG;Norte;Choque - Defensa, barreira ou meio fio;1;;;;;;;;;;1;;;;
27/11/2014;14:31:00;72;com vítima;247;BR-050/GO;Sul;Colisão Frontal;;;1;;;;;;;1;1;;;1;
27/11/2014;18:46:00;100;sem vítima;199,8;BR-050/MG;Norte;Colisão Traseira;1;;;;1;1;;;;;4;;;;
28/11/2014;16:45:00;83;sem vítima;10,8;BR-050/MG;Sul;Saida de Pista;1;;;;;;;;;;1;;;;
28/11/2014;07:51:00;28;com vítima;48;BR-050/MG;Sul;Queda de Moto;;;;1;;;;;;;0;1;;;
28/11/2014;00:50:00;8;sem vítima;55;BR-050/MG;Sul;Tombamento;;;1;;;;;;;;1;;;;
28/11/2014;16:25:00;79;sem vítima;60;BR-050/MG;Norte;Saida de Pista;1;;;;;;;;;;1;;;;
28/11/2014;15:55:00;72;com vítima;62;BR-050/MG;Norte;Choque - Arvore;;;;;;;;;;1;2;;;1;
28/11/2014;18:52:00;96;sem vítima;62;BR-050/MG;Sul;Colisão Lateral;1;;;;;;;;;;1;;;;
28/11/2014;17:39:00;87;sem vítima;120;BR-050/GO;Norte;Saida de Pista;1;;;;;;;;;;1;;;;
28/11/2014;18:11:00;92;com vítima;144,9;BR-050/MG;Sul;Saida de Pista;1;;;;;;;;;;0;1;;;
28/11/2014;18:05:00;90;sem vítima;154;BR-050/MG;Sul;Saida de Pista;1;;;;;;;;;;3;;;;
28/11/2014;11:50:00;48;sem vítima;167,35;BR-050/MG;Norte;Saida de Pista;1;;;;;1;;;;;4;;;;
28/11/2014;19:46:00;100;sem vítima;178;BR-050/MG;Sul;Choque - Defensa, barreira ou meio fio;1;;;;;;;;;;2;;;;
28/11/2014;21:53:00;113;sem vítima;303,6;BR-050/GO;Sul;Saida de Pista;1;;;;;;;;;;1;;;;
28/11/2014;16:28:00;80;sem vítima;180;BR-050/MG;Sul;Colisão Lateral;2;;2;;;;;;;;4;;;;
29/11/2014;01:21:00;8;sem vítima;41,6;BR-050/MG;Norte;Saida de Pista;1;;;;;;;;;;3;;;;
29/11/2014;00:37:00;3;sem vítima;61,5;BR-050/MG;Norte;Saida de Pista;1;;;;;;;;;;2;;;;
29/11/2014;19:11:00;90;com vítima;125,4;BR-050/GO;Norte;Capotamento;1;;;;;;;;;;0;3;;;
29/11/2014;08:42:00;32;com vítima;92,1;BR-050/MG;Norte;Choque - Barranco;1;;;;;;;;;;1;1;;;
29/11/2014;02:10:00;11;sem vítima;104,5;BR-050/MG;Sul;Choque - Objeto sobre a pista;;;1;;;;;;;;1;;;;
29/11/2014;15:03:00;73;com vítima;115,08;BR-050/MG;Norte;Capotamento;1;;;;;;;;;;0;;1;;
29/11/2014;15:37:00;77;sem vítima;194;BR-050/GO;Sul;Engavetamento;;;3;;;;;;;;4;;;;
29/11/2014;01:07:00;7;sem vítima;180;BR-050/MG;Sul;Tombamento;;;1;;;;;;;;1;;;;
29/11/2014;19:51:00;92;com vítima;180;BR-050/MG;Sul;Colisão Traseira;1;;;;;;;;;;3;;1;;
30/11/2014;18:44:00;98;com vítima;24,6;BR-050/MG;Sul;Saida de Pista;1;;;;;;;;;;2;1;;;
30/11/2014;18:01:00;92;sem vítima;39,5;BR-050/MG;Norte;Queda;1;;;;;;;;;;4;;;;
30/11/2014;18:29:00;97;sem vítima;146,5;BR-050/MG;Sul;Saida de Pista;1;;;;;;;;;;4;;;;
30/11/2014;01:09:00;6;com vítima;149;BR-050/MG;Sul;Capotamento;1;;;;;;;;;;0;;1;;
30/11/2014;16:23:00;75;sem vítima;284;BR-050/GO;Norte;Colisão Lateral;2;;;;;;;;;;4;;;;
30/11/2014;17:35:00;88;sem vítima;296,8;BR-050/GO;Sul;Capotamento;1;;;;;;;;;;2;;;;
30/11/2014;07:22:00;16;sem vítima;178,02;BR-050/MG;Sul;Choque - Defensa, barreira ou meio fio;1;;;;;;;;;;2;;;;
30/11/2014;03:54:00;10;com vítima;199;BR-050/MG;Sul;Choque - Defensa, barreira ou meio fio;1;;;;;;;;;;0;;1;1;
01/12/2014;20:20:00;115;com vítima;3;CONTORNO;Norte;Colisão Traseira;;1;;;;1;;;;;1;;1;;
01/12/2014;01:58:00;6;com vítima;22;BR-050/MG;Sul;Queda de Moto;;;;1;;;;;;;0;1;;;
01/12/2014;19:17:00;106;com vítima;31,5;BR-050/MG;Norte;Tombamento;;;1;;;;;;;;0;1;;;
01/12/2014;19:36:00;110;sem vítima;168,2;BR-050/GO;Norte;Tombamento;;;1;;;;;;;;1;;;;
01/12/2014;22:42:00;127;com vítima;95,7;BR-050/GO;Norte;Capotamento;;;1;;;;;;;;0;1;;;
01/12/2014;18:42:00;103;sem vítima;96;BR-050/GO;Sul;Capotamento;2;;;;;;;;;;3;;;;
02/12/2014;08:37:00;39;com vítima;142,4;BR-050/GO;Norte;Colisão Frontal;1;;1;;;;;;;;1;1;1;;
02/12/2014;04:52:00;11;com vítima;167,2;BR-050/MG;Sul;Capotamento;1;;;;;;;;;;0;1;;;
02/12/2014;06:54:00;17;sem vítima;304,5;BR-050/GO;Norte;Saida de Pista;;;;;;;;;;1;1;;;;
02/12/2014;16:53:00;85;sem vítima;194;BR-050/MG;Norte;Colisão Traseira;;;1;;;;;;;1;4;;;;
03/12/2014;03:18:00;9;sem vítima;23;BR-050/MG;Norte;Saida de Pista;;;1;;;;;;;;1;;;;
03/12/2014;20:42:00;125;sem vítima;41,7;BR-050/MG;Sul;Choque - Defensa, barreira ou meio fio;1;;;;;;;;;;1;;;;
03/12/2014;12:35:00;63;sem vítima;227,2;BR-050/GO;Norte;Choque - Arvore;1;;;;;;;;;;1;;;;
03/12/2014;02:49:00;8;com vítima;235;BR-050/GO;Norte;Tombamento;;;1;;;;;;;;0;1;;;
03/12/2014;08:32:00;31;com vítima;191,08;BR-050/MG;Norte;Colisão Lateral;1;;1;;;;;;;;3;2;;;
03/12/2014;07:20:00;20;com vítima;99;BR-050/GO;Sul;Colisão Transversal;1;;;1;;;;;;;1;1;;;
04/12/2014;10:22:00;55;sem vítima;77,3;BR-050/MG;Norte;Colisão Traseira;1;;;;;;;;;1;2;;;;
04/12/2014;23:12:00;140;sem vítima;120,44;BR-050/MG;Sul;Tombamento;;;1;;;;;;;;1;;;;
04/12/2014;18:43:00;115;sem vítima;158;BR-050/MG;Sul;Saida de Pista;;;;;;;;;;1;1;;;;
04/12/2014;04:47:00;19;sem vítima;262;BR-050/GO;Sul;Saida de Pista;1;;;;;;;;;;1;;;;
04/12/2014;08:16:00;39;sem vítima;198;BR-050/MG;Norte;Engavetamento;;;;;;;;;;3;5;;;;
05/12/2014;17:38:00;111;sem vítima;49,9;BR-050/MG;Sul;Saida de Pista;;;;;;;;;;1;1;;;;
05/12/2014;19:14:00;122;sem vítima;60,8;BR-050/MG;Sul;Saida de Pista;1;;;;;;;;;;1;;;;
05/12/2014;10:17:00;52;sem vítima;147,5;BR-050/MG;Norte;Choque - Defensa, barreira ou meio fio;1;;;;;;;;;;1;;;;
05/12/2014;14:21:00;85;sem vítima;158,7;BR-050/MG;Sul;Saida de Pista;;;;;;;;;;1;5;;;;
05/12/2014;15:07:00;93;com vítima;243,1;BR-050/GO;Sul;Choque - Arvore;1;;;;;;;;;;1;1;;;
05/12/2014;18:22:00;114;sem vítima;300;BR-050/GO;Sul;Colisão Lateral;1;;1;;;;;;;;5;;;;
06/12/2014;04:47:00;16;com vítima;50;BR-050/MG;Norte;Capotamento;1;;;;;;;;;;0;1;;;
06/12/2014;06:29:00;21;com vítima;51,6;BR-050/MG;Norte;Saida de Pista;1;;;;;;;;;;0;1;;;
06/12/2014;14:44:00;82;sem vítima;158,8;BR-050/GO;Sul;Carreta deu L;;;1;;;;;;;;1;;;;
06/12/2014;16:30:00;94;sem vítima;199,9;BR-050/MG;Sul;Tombamento;;;1;;;;;;;;1;;;;
07/12/2014;06:47:00;17;com vítima;5,7;BR-050/MG;Sul;Saida de Pista;1;;;;;;;;;;0;1;;;
07/12/2014;16:22:00;69;com vítima;46,7;BR-050/MG;Sul;Choque - Defensa, barreira ou meio fio;1;;;;;;;;;;0;1;;;
07/12/2014;22:19:00;119;sem vítima;62,5;BR-050/MG;Sul;Capotamento;1;;;;;;;;;;3;;;;
07/12/2014;23:46:00;126;com vítima;159;BR-050/MG;Norte;Colisão Lateral;1;;;1;;;;;;;1;;;1;
07/12/2014;05:08:00;12;sem vítima;166,4;BR-050/MG;Norte;Saida de Pista;1;;;;;;;;;;2;;;;
07/12/2014;18:45:00;89;com vítima;280,8;BR-050/GO;Sul;Colisão Traseira;;;1;1;;;;;;;1;1;;;
07/12/2014;19:04:00;94;sem vítima;281,1;BR-050/GO;Norte;Colisão Traseira;2;;;;;;;;;;5;;;;
07/12/2014;18:13:00;86;sem vítima;169,8;BR-050/MG;Sul;Carreta deu L;;;1;;;;;;;;1;;;;
08/12/2014;04:01:00;6;com vítima;0,6;BR-050/MG;Norte;Capotamento;1;;;;;;;;;;4;2;;;
09/12/2014;19:06:00;121;sem vítima;21;BR-050/MG;Sul;Saida de Pista;1;;;;;;;;;;4;;;;