data;horario;n_da_ocorrencia;tipo_de_ocorrencia;km;trecho;sentido;tipo_de_acidente;automovel;bicicleta;caminhao;moto;onibus;outros;tracao_animal;transporte_de_cargas_especiais;trator_maquinas;utilitarios;ilesos;levemente_feridos;moderadamente_feridos;gravemente_feridos;mortos
14/05/2015;18:45:00;140;com vítima;176,1;BR-050/MG;Norte;Capotamento;;;;;;;;;;1;0;;;1;
14/05/2015;17:53:00;137;sem vítima;96;BR-050/GO;Norte;Colisão Transversal;1;;;1;;;;;;;2;;;;
15/05/2015;04:21:00;14;sem vítima;29,8;BR-050/MG;Norte;Saida de Pista;;;;;;;;;;1;1;;;;
15/05/2015;15:55:00;111;com vítima;53,1;BR-050/MG;Sul;Queda de Moto;;;;1;;;;;;;0;1;1;;
15/05/2015;08:29:00;42;com vítima;111;BR-050/GO;Norte;Colisão Frontal;1;;2;;;;;;;;2;1;1;;
15/05/2015;17:51:00;136;com vítima;145;BR-050/MG;Sul;Saida de Pista;1;;1;;;;;;;;1;1;;;
15/05/2015;19:48:00;155;sem vítima;279;BR-050/GO;Norte;Colisão Transversal;1;;;1;;;;;;;3;;;;
15/05/2015;10:59:00;65;com vítima;170,1;BR-050/MG;Sul;Colisão Lateral;1;;;1;;;;;;;1;;1;;
16/05/2015;19:04:00;110;com vítima;4;BR-050/MG;Sul;Choque - Defensa, barreira ou meio fio;;;;1;;;;;;;0;1;;;
16/05/2015;13:03:00;60;sem vítima;19,5;CONTORNO;Norte;Choque - Defensa, barreira ou meio fio;;;;;;;;;;1;1;;;;
16/05/2015;20:42:00;120;sem vítima;41;BR-050/MG;Norte;Queda de Moto;;;;1;;;;;;;1;;;;
16/05/2015;01:06:00;6;sem vítima;42,5;BR-050/MG;Sul;Choque - Defensa, barreira ou meio fio;1;;;;;;;;;;6;;;;
16/05/2015;02:36:00;13;com vítima;44;BR-050/MG;Norte;Colisão Traseira;2;;;;;;;;;1;1;2;;;
16/05/2015;12:57:00;59;sem vítima;51,4;BR-050/MG;Norte;Colisão Traseira;1;;;;;;;;;;1;;;;
16/05/2015;05:21:00;16;com vítima;129,3;BR-050/MG;Norte;Atropelamento - Animal;;;;;;;;;;1;0;;2;;
16/05/2015;16:24:00;86;com vítima;191,3;BR-050/GO;Norte;Queda de Moto;;;;1;;;;;;;0;;1;;
16/05/2015;14:54:00;74;sem vítima;171,8;BR-050/MG;Norte;Choque - Defensa, barreira ou meio fio;1;;;;;;;;;;1;;;;
16/05/2015;10:33:00;38;sem vítima;189;BR-050/MG;Sul;Saida de Pista;;;;;;;;;;1;1;;;;
16/05/2015;18:54:00;108;sem vítima;98,5;BR-050/GO;Norte;Colisão Transversal;2;;;;;;;;;;4;;;;
17/05/2015;01:48:00;7;sem vítima;37,4;BR-050/MG;Sul;Choque - Elemento de Drenagem;1;;;;;;;;;;1;;;;
17/05/2015;01:18:00;5;com vítima;280;BR-050/GO;Sul;Colisão Lateral;1;;;;;;;;;;1;1;;;
18/05/2015;22:08:00;125;sem vítima;41,25;BR-050/MG;Norte;Choque - Defensa, barreira ou meio fio;1;;;;;;;;;;3;;;;
18/05/2015;17:11:00;91;sem vítima;104,9;BR-050/MG;Norte;Choque - Suporte de Sinalização;;;;;;;;;;1;2;;;;
18/05/2015;06:25:00;12;com vítima;161,2;BR-050/MG;Sul;Choque - Suporte de Sinalização;1;;;;;;;;;;0;1;;;
18/05/2015;05:07:00;10;com vítima;232,5;BR-050/GO;Norte;Capotamento;1;;;;;;;;;;0;;1;1;1
19/05/2015;15:10:00;84;com vítima;30,3;BR-050/MG;Sul;Choque - Defensa, barreira ou meio fio;1;;;;;;;;;;0;;1;;
19/05/2015;08:44:00;36;com vítima;55,8;BR-050/MG;Sul;Choque - Defensa, barreira ou meio fio;1;;;;;;;;;;0;1;;;
19/05/2015;12:28:00;66;sem vítima;183,8;BR-050/MG;Norte;Tombamento;;;;;;;;;;1;4;;;;
19/05/2015;23:51:00;139;com vítima;98,4;BR-050/GO;Norte;Queda de Ciclista;;1;;;;;;;;;0;1;;;
20/05/2015;16:39:00;98;com vítima;17;BR-050/MG;Norte;Choque - Defensa, barreira ou meio fio;1;;;;;;;;;;4;1;;;
20/05/2015;12:15:00;71;sem vítima;42,1;BR-050/MG;Sul;Choque - Poste;1;;;;;;;;;;4;;;;
20/05/2015;17:55:00;107;sem vítima;106;BR-050/MG;Sul;Saida de Pista;;;;;;;;;;1;1;;;;
20/05/2015;14:33:00;86;com vítima;137;BR-050/MG;Sul;Capotamento;1;;1;;;;;;;;1;;2;;
20/05/2015;04:13:00;8;sem vítima;160;BR-050/MG;Norte;Atropelamento - Animal;1;;;;;;;;;;1;;;;
20/05/2015;12:59:00;76;sem vítima;178,8;BR-050/MG;Norte;Colisão Lateral;2;;;;;;;;;;3;;;;
21/05/2015;04:46:00;13;sem vítima;271;BR-050/GO;Sul;Colisão Traseira;1;;1;;;;;;;;2;;;;
21/05/2015;01:38:00;2;sem vítima;192,5;BR-050/MG;Sul;Atropelamento - Animal;;;1;;;;;;;;1;;;;
22/05/2015;18:33:00;113;com vítima;0;BR-050/MG;Norte;Tombamento;;;1;;;;;;;;0;1;;;
22/05/2015;16:58:00;104;sem vítima;52,4;BR-050/MG;Norte;Colisão Traseira;;;;;;;;;;2;6;;;;
22/05/2015;12:25:00;73;sem vítima;53,3;BR-050/MG;Norte;Choque - Elemento de Drenagem;1;;;;;;;;;;1;;;;
22/05/2015;18:28:00;111;com vítima;99,5;BR-050/MG;Sul;Colisão Traseira;1;;1;;;;;;;;1;;;1;
22/05/2015;21:34:00;129;sem vítima;127,85;BR-050/MG;Norte;Colisão Traseira;;;1;;;;;;;1;2;;;;
22/05/2015;19:36:00;120;sem vítima;166,4;BR-050/MG;Norte;Colisão Lateral;1;;;;;;;;;1;2;;;;
22/05/2015;16:40:00;100;sem vítima;280;BR-050/GO;Norte;Colisão Transversal;2;;;;;;;;;;2;;;;
23/05/2015;01:03:00;6;com vítima;111,8;BR-050/MG;Norte;Capotamento;1;;;;;;;;;;0;1;1;;
23/05/2015;18:23:00;108;com vítima;290;BR-050/GO;Norte;Saida de Pista;1;;;;;;;;;;0;3;2;;
24/05/2015;11:16:00;65;sem vítima;273;BR-050/GO;Norte;Colisão Traseira;2;;;;;;;;;;5;;;;
25/05/2015;05:41:00;17;com vítima;110;BR-050/GO;Norte;Capotamento;1;;;;;;;;;;3;1;;;
25/05/2015;12:14:00;69;com vítima;97,8;BR-050/MG;Sul;Capotamento;1;;;;;;;;;;0;1;;;
25/05/2015;13:56:00;80;sem vítima;138,1;BR-050/MG;Sul;Carreta deu L;;;1;;;;;;;;1;;;;
25/05/2015;18:33:00;111;com vítima;281,6;BR-050/GO;Norte;Atropelamento - Animal;;;;1;;;;;;;0;;1;;
25/05/2015;07:29:00;26;sem vítima;180,3;BR-050/MG;Sul;Colisão Lateral;;;1;;;;;;;1;2;;;;
27/05/2015;21:13:00;119;sem vítima;19,2;CONTORNO;Norte;Choque - Defensa, barreira ou meio fio;1;;;;;;;;;;1;;;;
27/05/2015;09:18:00;26;com vítima;144,1;BR-050/GO;Norte;Colisão Traseira;;;2;;;;;;;;1;1;;;
28/05/2015;19:41:00;110;com vítima;40;BR-050/MG;Sul;Choque - Defensa, barreira ou meio fio;1;;;;;;;;;;1;1;;;
28/05/2015;17:29:00;94;sem vítima;81;BR-050/MG;Norte;Colisão Lateral;1;;1;;;;;;;;2;;;;
28/05/2015;12:35:00;64;com vítima;112,36;BR-050/MG;Sul;Capotamento;1;;;;;;;;;;0;;;1;
28/05/2015;19:17:00;108;com vítima;282;BR-050/GO;Sul;Colisão Lateral;1;;1;;;;;;;;2;3;1;;
29/05/2015;11:58:00;67;sem vítima;29;BR-050/MG;Norte;Tombamento;;;1;;;;;;;;1;;;;
29/05/2015;01:52:00;6;sem vítima;34,5;BR-050/MG;Sul;Tombamento;;;1;;;;;;;;1;;;;
29/05/2015;05:57:00;16;com vítima;282;BR-050/GO;Sul;Queda de Moto;;;;1;;;;;;;0;;1;;
29/05/2015;15:53:00;106;sem vítima;282;BR-050/GO;Norte;Colisão Lateral;;;1;1;;;;;;;3;;;;
29/05/2015;17:00:00;117;sem vítima;178;BR-050/MG;Sul;Capotamento;;;;;;;;;;1;1;;;;
30/05/2015;04:47:00;13;com vítima;128;BR-050/GO;Sul;Capotamento;;;1;;;;;;;;0;;1;;
30/05/2015;20:10:00;130;sem vítima;200;BR-050/GO;Sul;Saida de Pista;1;;;;;;;;;;2;;;;
30/05/2015;15:15:00;81;com vítima;172;BR-050/MG;Norte;Choque - Defensa, barreira ou meio fio;;;1;;;;;;;;1;;1;;
31/05/2015;15:03:00;68;sem vítima;55,8;BR-050/MG;Sul;Colisão Traseira;1;;;;;;;;;;4;;;;
31/05/2015;16:46:00;83;sem vítima;245,7;BR-050/GO;Norte;Colisão Frontal;;;;1;;1;;;;;2;;;;
31/05/2015;17:38:00;92;com vítima;280,6;BR-050/GO;Norte;Colisão Lateral;1;;;1;;;;;;;1;1;;;
31/05/2015;18:05:00;96;com vítima;199,5;BR-050/MG;Norte;Choque - Defensa, barreira ou meio fio;1;;;;;;;;;;0;;1;;
01/06/2015;05:51:00;10;sem vítima;105;BR-050/MG;Norte;Colisão Traseira;;;2;;;;;;;;2;;;;
01/06/2015;16:05:00;74;com vítima;143,7;BR-050/MG;Sul;Capotamento;;;;;;;;;;1;0;;1;;
02/06/2015;04:53:00;13;com vítima;2,15;BR-050/MG;Norte;Tombamento;;;1;;;;;;;;0;1;;;
02/06/2015;17:13:00;109;sem vítima;25;BR-050/MG;Norte;Choque - Suporte de Sinalização;;;;;;;;;;1;1;;;;
02/06/2015;15:52:00;102;com vítima;145;BR-050/MG;Sul;Saida de Pista;1;;;;;;;;;;0;;1;;
02/06/2015;20:07:00;127;sem vítima;273;BR-050/GO;Sul;Engavetamento;2;;;;;;;;;1;6;;;;
02/06/2015;17:09:00;108;sem vítima;207;BR-050/MG;Sul;Choque - Defensa, barreira ou meio fio;1;;;;;;;;;;2;;;;
03/06/2015;07:09:00;18;sem vítima;65,1;BR-050/MG;Sul;Colisão Traseira;1;;;;;;;;;1;3;;;;
03/06/2015;06:37:00;14;com vítima;65,3;BR-050/MG;Sul;Colisão Lateral;;;1;1;;;;;;;1;;1;;
03/06/2015;17:36:00;102;sem vítima;168,2;BR-050/GO;Sul;Saida de Pista;1;;;;;;;;;;3;;;;
03/06/2015;05:53:00;11;sem vítima;176,9;BR-050/GO;Sul;Capotamento;1;;;;;;;;;;1;;;;
03/06/2015;23:29:00;143;com vítima;131,2;BR-050/MG;Norte;Colisão Traseira;;;2;;;;;;;;1;;;1;
03/06/2015;19:48:00;122;sem vítima;172,8;BR-050/MG;Sul;Tombamento;;;1;;;;;;;;1;;;;
03/06/2015;15:33:00;81;sem vítima;186,4;BR-050/MG;Norte;Choque - Defensa, barreira ou meio fio;;;;;;;;;;1;1;;;;
04/06/2015;12:00:00;73;sem vítima;6,3;BR-050/MG;Sul;Saida de Pista;1;;;;;;;;;;1;;;;
04/06/2015;15:54:00;106;sem vítima;33,9;BR-050/MG;Sul;Saida de Pista;2;;;;;;;;;;4;;;;
05/06/2015;19:48:00;133;sem vítima;41,7;BR-050/MG;Norte;Choque - Defensa, barreira ou meio fio;1;;;;;;;;;;1;;;;
05/06/2015;20:57:00;138;com vítima;45;BR-050/MG;Sul;Colisão Lateral;;;;1;;;;;;1;4;;2;;
05/06/2015;08:31:00;36;sem vítima;85,4;BR-050/MG;Norte;Saida de Pista;;;;1;;;;;;;1;;;;
06/06/2015;20:38:00;122;sem vítima;29,2;BR-050/MG;Norte;Choque - Elemento de Drenagem;1;;;;;;;;;;1;;;;
06/06/2015;06:40:00;21;com vítima;122,5;BR-050/MG;Norte;Capotamento;1;;;;;;;;;;0;;;4;
06/06/2015;07:09:00;23;com vítima;186;BR-050/MG;Norte;Queda de Moto;;;;1;;;;;;;0;1;;;
07/06/2015;20:24:00;154;com vítima;123,4;BR-050/GO;Norte;Capotamento;;;;;;;;;;1;0;2;;;
07/06/2015;21:12:00;165;com vítima;187;BR-050/GO;Sul;Capotamento;1;;;;;;;;;;1;2;;;
07/06/2015;18:01:00;125;com vítima;157;BR-050/MG;Sul;Capotamento;1;;;;;;;;;;0;;;2;
07/06/2015;11:02:00;52;sem vítima;280,8;BR-050/GO;Norte;Colisão Traseira;1;;;;;;;;;1;2;;;;
07/06/2015;01:15:00;3;sem vítima;8;CONTORNO;Sul;Choque - Defensa, barreira ou meio fio;1;;;;;;;;;;1;;;;
07/06/2015;17:04:00;111;com vítima;307,17;BR-050/GO;Sul;Capotamento;1;;;;;;;;;;0;2;1;;
07/06/2015;18:05:00;126;com vítima;180,2;BR-050/MG;Norte;Colisão Lateral;1;1;;;;;;;;;1;;;;1
08/06/2015;01:05:00;6;com vítima;47,38;BR-050/MG;Sul;Colisão Lateral;1;;1;;;;;;;;1;;1;;
08/06/2015;07:09:00;24;com vítima;179,9;BR-050/MG;Norte;Queda de Moto;;;;1;;;;;;;0;;1;;
09/06/2015;12:58:00;57;com vítima;100,1;BR-050/GO;Norte;Capotamento;1;;;;;;;;;;0;1;;1;
09/06/2015;08:14:00;25;com vítima;158,26;BR-050/MG;Norte;Queda de Moto;;;;1;;;;;;;0;;2;;
09/06/2015;12:44:00;55;com vítima;198;BR-050/MG;Sul;Choque - Veiculo parado na pista;;;2;;;;;;;;1;;1;;
10/06/2015;17:18:00;116;com vítima;18;CONTORNO;Norte;Colisão Traseira;;;;1;;1;;;;;1;;;1;
10/06/2015;12:05:00;62;sem vítima;180,7;BR-050/GO;Sul;Colisão Lateral;;;1;;;;;;;1;4;;;;
10/06/2015;21:54:00;147;com vítima;250;BR-050/GO;Sul;Colisão Traseira;1;;1;;;;;;;;2;1;;;
10/06/2015;16:32:00;111;com vítima;182,2;BR-050/MG;Sul;Colisão Lateral;;1;;1;;;;;;;1;1;;;
11/06/2015;09:02:00;31;sem vítima;280,5;BR-050/GO;Norte;;;;;1;;;;;;;1;;;;
11/06/2015;14:09:00;81;com vítima;183,42;BR-050/MG;Sul;Colisão Traseira;;;;1;;;;;;1;1;;2;;
12/06/2015;21:39:00;155;com vítima;13;BR-050/MG;Norte;Objeto lançado contra veículo;1;;;;;;;;;;2;2;;;
12/06/2015;18:52:00;142;sem vítima;41,4;BR-050/MG;Sul;Choque - Defensa, barreira ou meio fio;1;;;;;;;;;;5;;;;
12/06/2015;22:46:00;160;sem vítima;56,4;BR-050/MG;Sul;Queda de Moto;;;;1;;;;;;;1;;;;
12/06/2015;09:25:00;55;sem vítima;100,8;BR-050/MG;Sul;Tombamento;;;1;;;;;;;;1;;;;
12/06/2015;16:42:00;116;com vítima;168,8;BR-050/MG;Sul;Choque - Defensa, barreira ou meio fio;;;;1;;;;;;;0;2;;;
12/06/2015;12:27:00;76;com vítima;235,4;BR-050/GO;Sul;Capotamento;1;;;;;;;;;;0;1;;1;
12/06/2015;15:48:00;105;sem vítima;280;BR-050/GO;Sul;Choque - Veiculo parado no acostamento;;;1;;;;;;;1;3;;;;
12/06/2015;10:14:00;59;sem vítima;172;BR-050/MG;Sul;Choque - Suporte de Sinalização;1;;;;;;;;;;1;;;;
12/06/2015;18:39:00;140;sem vítima;288;BR-050/GO;Sul;Colisão Traseira;;;1;;;;;;;1;2;;;;
13/06/2015;07:07:00;25;sem vítima;20,4;CONTORNO;Sul;Colisão Traseira;1;;;;1;;;;;;12;;;;
13/06/2015;23:24:00;157;com vítima;58,6;BR-050/MG;Sul;Choque - Arvore;1;;;;;;;;;;0;;1;;
13/06/2015;11:10:00;63;sem vítima;112,7;BR-050/GO;Norte;Saida de Pista;1;;;;;;;;;;1;;;;
13/06/2015;19:19:00;134;com vítima;197,1;BR-050/GO;Norte;Colisão Frontal;;;;1;1;;;;;;35;;;;1
13/06/2015;16:09:00;108;sem vítima;206,5;BR-050/MG;Sul;Colisão Traseira;1;;;;1;;;;;;37;;;;
14/06/2015;19:14:00;119;com vítima;273;BR-050/GO;Sul;Choque - Suporte de Sinalização;;;;1;;;;;;;0;1;;;
14/06/2015;18:41:00;115;com vítima;311;BR-050/GO;Sul;Queda de Moto;;;;1;;;;;;;1;1;;;
15/06/2015;01:22:00;3;sem vítima;173,4;BR-050/MG;Norte;Choque - Elemento de Drenagem;1;;;;;;;;;;3;;;;
15/06/2015;14:46:00;86;sem vítima;193,06;BR-050/MG;Sul;Colisão Traseira;2;;;;;;;;;;3;;;;
16/06/2015;12:58:00;65;com vítima;56,3;BR-050/MG;Sul;Capotamento;1;;;;;;;;;;1;;1;;
16/06/2015;16:48:00;96;sem vítima;284,04;BR-050/GO;Norte;Choque - Veiculo parado no acostamento;;1;;;;;;;;1;2;;;;
17/06/2015;08:44:00;38;com vítima;118,7;BR-050/GO;Sul;Queda de Moto;;;;1;;;;;;;0;;1;;
17/06/2015;05:57:00;19;com vítima;171,7;BR-050/MG;Sul;Tombamento;;;1;;;;;;;;0;;1;;
17/06/2015;22:31:00;148;sem vítima;190,5;BR-050/MG;Norte;Colisão Traseira;;;2;;;;;;;;2;;;;
17/06/2015;09:46:00;49;com vítima;200,4;BR-050/MG;Norte;Capotamento;;;;;;;;;;1;0;;1;;
18/06/2015;13:38:00;83;com vítima;163,3;BR-050/MG;Norte;Capotamento;1;;;;;;;;;;0;;1;;
18/06/2015;22:24:00;159;com vítima;252;BR-050/GO;Norte;Atropelamento - Andarilho;;;;;1;;;;;;23;;;;1
18/06/2015;17:51:00;112;sem vítima;180;BR-050/MG;Sul;Engavetamento;3;;;;;;;;;;4;;;;
18/06/2015;23:05:00;153;sem vítima;187,6;BR-050/MG;Sul;Colisão Traseira;;;2;;;;;;;;2;;;;
19/06/2015;13:44:00;68;sem vítima;25;BR-050/MG;Sul;Choque - Suporte de Sinalização;1;;;;;;;;;;2;;;;
19/06/2015;13:44:00;73;sem vítima;25;BR-050/MG;Sul;Choque - Defensa, barreira ou meio fio;;;;;;;;;;1;1;;;;
19/06/2015;19:32:00;123;com vítima;269,8;BR-050/GO;Norte;Colisão Traseira;2;;;1;;;;;;;4;;;1;
19/06/2015;13:24:00;63;sem vítima;207;BR-050/MG;Norte;Choque - Defensa, barreira ou meio fio;1;;;;;;;;;;1;;;;
20/06/2015;08:20:00;34;sem vítima;42,3;BR-050/MG;Norte;Colisão Traseira;1;;;;;;;;;1;2;;;;
20/06/2015;18:29:00;106;com vítima;111,58;BR-050/MG;Norte;Capotamento;1;;;;;;;;;;0;3;;;
20/06/2015;16:01:00;86;com vítima;124,04;BR-050/MG;Sul;Colisão Transversal;2;;;;;;;;;;0;1;1;;
20/06/2015;04:05:00;16;com vítima;160,2;BR-050/MG;Norte;Colisão Traseira;1;;;;1;;;;;;17;;;1;
20/06/2015;06:56:00;25;com vítima;262,95;BR-050/GO;Sul;Colisão Transversal;2;;;;;;;;;;0;1;1;;
20/06/2015;01:30:00;8;sem vítima;172,97;BR-050/MG;Norte;Atropelamento - Animal;1;;;;;;;;;;1;;;;
20/06/2015;10:10:00;45;sem vítima;303;BR-050/GO;Sul;Capotamento;1;;;;;;;;;;1;;;;
21/06/2015;02:56:00;13;com vítima;103,08;BR-050/MG;Norte;Capotamento;;;;;;;;;;1;0;1;;;
21/06/2015;06:47:00;29;sem vítima;109,3;BR-050/MG;Norte;Submersão;1;;;;;;;;;;2;;;;
21/06/2015;15:08:00;96;com vítima;280,6;BR-050/GO;Norte;Colisão Transversal;;;;1;;;;;;1;2;;1;;
21/06/2015;05:00:00;23;sem vítima;170,5;BR-050/MG;Sul;Capotamento;1;;;;;;;;;;3;;;;
21/06/2015;06:21:00;26;sem vítima;174,6;BR-050/MG;Sul;Colisão Traseira;2;;;;;;;;;;2;;;;
21/06/2015;15:24:00;98;sem vítima;98;BR-050/GO;Sul;Colisão Traseira;1;;;;;;;;;1;3;;;;
22/06/2015;13:07:00;90;sem vítima;19,4;BR-050/MG;Sul;Colisão Traseira;;;1;;;;;;;1;3;;;;
22/06/2015;04:03:00;19;com vítima;138,8;BR-050/GO;Norte;Tombamento;;;1;;;;;;;;0;1;;;
22/06/2015;19:24:00;149;com vítima;279;BR-050/GO;Sul;Colisão Lateral;1;;;1;;;;;;;1;1;;;
22/06/2015;16:38:00;121;sem vítima;180;BR-050/MG;Sul;Engavetamento;;;;;1;2;;;;;25;;;;
22/06/2015;16:57:00;124;sem vítima;180;BR-050/MG;Sul;Abalroamento - Longitudinal;1;;1;;;;;;;;2;;;;
23/06/2015;14:47:00;84;sem vítima;119,3;BR-050/GO;Sul;Colisão Transversal;2;;;;;;;;;;5;;;;
23/06/2015;07:47:00;33;com vítima;98,1;BR-050/MG;Norte;Capotamento;1;;;;;;;;;;2;;1;2;
23/06/2015;02:12:00;11;sem vítima;172,9;BR-050/MG;Sul;Atropelamento - Animal;1;;;;;;;;;;1;;;;
24/06/2015;10:04:00;62;sem vítima;6,5;BR-050/MG;Sul;Saida de Pista;;;1;;;;;;;;2;;;;
24/06/2015;13:57:00;87;sem vítima;43,75;BR-050/MG;Sul;Choque - Elemento de Drenagem;;;;;;;;;;1;1;;;;
25/06/2015;18:38:00;161;sem vítima;27;BR-050/MG;Sul;Saida de Pista;1;;;;;;;;;;1;;;;
25/06/2015;22:56:00;198;sem vítima;35,4;BR-050/MG;Norte;Tombamento;1;;;;;;;;;;1;;;;
25/06/2015;18:17:00;157;sem vítima;51,4;BR-050/MG;Sul;Colisão Traseira;1;;1;;;;;;;;5;;;;
26/06/2015;15:20:00;123;com vítima;118,9;BR-050/MG;Sul;Capotamento;1;;;;;;;;;;0;;;1;
26/06/2015;13:35:00;94;com vítima;170;BR-050/GO;Sul;Queda de Moto;;;;1;;;;;;;0;;1;;
26/06/2015;10:44:00;64;sem vítima;128;BR-050/MG;Norte;Colisão Traseira;1;;;;;;;;;1;4;;;;
26/06/2015;20:39:00;200;sem vítima;265;BR-050/GO;Norte;Tombamento;;;1;;;;;;;;1;;;;
26/06/2015;06:28:00;14;com vítima;270;BR-050/GO;Norte;Tombamento;;;1;;;;;;;;0;1;;;
27/06/2015;17:02:00;117;sem vítima;3,7;BR-050/MG;Sul;Saida de Pista;1;;;;;;;;;;1;;;;
27/06/2015;07:15:00;34;sem vítima;108;BR-050/MG;Norte;Saida de Pista;1;;;;;;;;;;3;;;;
27/06/2015;04:26:00;19;com vítima;157,8;BR-050/MG;Norte;Capotamento;1;;;;;;;;;;0;;2;;
27/06/2015;12:11:00;83;sem vítima;280,6;BR-050/GO;Sul;Colisão Transversal;2;;;;;;;;;;5;;;;
29/06/2015;11:11:00;78;com vítima;6,8;CONTORNO;Norte;Capotamento;1;;;;;;;;;;0;3;;;
29/06/2015;06:21:00;14;com vítima;20,5;BR-050/MG;Sul;Colisão Traseira;;;1;;;;;;;1;0;2;1;;
29/06/2015;15:30:00;139;com vítima;102,8;BR-050/MG;Sul;Queda de Moto;;;;1;;;;;;;0;;2;;
30/06/2015;17:24:00;176;com vítima;281;BR-050/GO;Sul;Colisão Transversal;;;1;1;;;;;;;1;;1;;
01/07/2015;15:01:00;95;sem vítima;3,9;BR-050/MG;Sul;Choque - Defensa, barreira ou meio fio;1;;;;;;;;;;1;;;;
01/07/2015;01:26:00;3;sem vítima;117,3;BR-050/MG;Norte;Tombamento;;;1;;;;;;;;1;;;;
01/07/2015;20:41:00;178;sem vítima;280;BR-050/GO;Norte;Colisão Traseira;;;2;;;;;;;;2;;;;
02/07/2015;03:41:00;12;com vítima;4;BR-050/MG;Norte;Saida de Pista;1;;;;;;;;;;0;1;;;
02/07/2015;14:57:00;92;sem vítima;177,5;BR-050/MG;Sul;Choque - Defensa, barreira ou meio fio;;;1;;;;;;;;2;;;;
03/07/2015;08:30:00;56;sem vítima;278,6;BR-050/GO;Sul;Colisão Lateral;1;;1;;;;;;;;3;;;;
04/07/2015;12:02:00;116;sem vítima;2,6;BR-050/MG;Norte;Saida de Pista;;;1;;;;;;;;1;;;;
04/07/2015;14:56:00;149;com vítima;22;BR-050/MG;Sul;Saida de Pista;1;;;;;;;;;;1;1;;;
04/07/2015;02:26:00;13;com vítima;209,3;BR-050/GO;Norte;Capotamento;1;;;;;;;;;;0;5;1;;
04/07/2015;14:38:00;144;com vítima;175,6;BR-050/MG;Norte;Colisão Transversal;;;2;;;;;;;;1;;;1;
04/07/2015;14:58:00;150;com vítima;176,16;BR-050/MG;Norte;Queda de Moto;;;;1;;;;;;;0;1;;;
04/07/2015;20:36:00;230;sem vítima;179;BR-050/MG;Sul;Choque - Defensa, barreira ou meio fio;1;;;;;;;;;;2;;;;
05/07/2015;16:18:00;115;com vítima;11;BR-050/MG;Sul;Colisão Transversal;;;;1;;;;;;1;3;;;1;
05/07/2015;07:09:00;31;com vítima;272,5;BR-050/GO;Sul;Colisão Traseira;;;;2;;;;;;;1;1;;;
05/07/2015;21:35:00;197;com vítima;278;BR-050/GO;Norte;Queda de Moto;;;;1;;;;;;;0;1;;;
05/07/2015;18:42:00;145;com vítima;280;BR-050/GO;Norte;Colisão Lateral;1;;;1;;;;;;;2;2;;;
06/07/2015;00:17:00;3;sem vítima;77,32;BR-050/MG;Norte;Colisão Traseira;;;1;;;;;;;1;2;;;;
08/07/2015;12:38:00;116;sem vítima;54,5;BR-050/MG;Sul;Choque - Defensa, barreira ou meio fio;;;1;;;;;;;;1;;;;
08/07/2015;08:19:00;58;sem vítima;55,82;BR-050/MG;Sul;Capotamento;;;;;;;;;;1;1;;;;
08/07/2015;08:40:00;65;sem vítima;56,4;BR-050/MG;Norte;Choque - Defensa, barreira ou meio fio;1;;;;;;;;;;2;;;;
08/07/2015;07:19:00;33;sem vítima;89,84;BR-050/MG;Sul;Choque - Elemento de Drenagem;1;;;;;;;;;;3;;;;
08/07/2015;09:51:00;75;sem vítima;158,4;BR-050/MG;Sul;Choque - Suporte de Sinalização;;;;;;;;;;1;2;;;;
08/07/2015;19:50:00;210;com vítima;160,8;BR-050/MG;Norte;Capotamento;;;;;;;;;;1;0;;1;;
08/07/2015;00:14:00;2;com vítima;288,4;BR-050/GO;Sul;Queda de Moto;;;;1;;;;;;;0;1;;;
08/07/2015;07:45:00;44;sem vítima;177,6;BR-050/MG;Sul;Choque - Defensa, barreira ou meio fio;1;;;;;;;;;;1;;;;
08/07/2015;08:01:00;51;sem vítima;177,65;BR-050/MG;Sul;Choque - Defensa, barreira ou meio fio;1;;;;;;;;;;1;;;;
09/07/2015;19:39:00;228;sem vítima;41,3;BR-050/MG;Norte;Saida de Pista;1;;;;;;;;;;3;;;;
09/07/2015;10:39:00;111;sem vítima;81;BR-050/MG;Norte;Tombamento;;;1;;;;;;;;1;;;;
09/07/2015;11:32:00;124;sem vítima;86;BR-050/MG;Norte;Choque - Defensa, barreira ou meio fio;1;;;;;;;;;;1;;;;
09/07/2015;21:35:00;250;com vítima;220,2;BR-050/GO;Norte;Capotamento;1;;;;;;;;;;0;1;;;
09/07/2015;13:36:00;140;com vítima;169,38;BR-050/MG;Sul;Colisão Traseira;;;1;1;;;;;;;1;;;1;
10/07/2015;06:38:00;19;sem vítima;85;BR-050/MG;Sul;Colisão Lateral;1;;;1;;;;;;;2;;;;
10/07/2015;09:04:00;85;sem vítima;270,2;BR-050/GO;Norte;Colisão Traseira;1;;1;;;;;;;;2;;;;
10/07/2015;17:47:00;172;sem vítima;97;BR-050/GO;Sul;Engavetamento;2;;1;;;;;;;;8;;;;
11/07/2015;16:04:00;141;com vítima;10,3;CONTORNO;Norte;Colisão Traseira;1;;1;;;;;;;;1;;1;;
11/07/2015;03:02:00;18;sem vítima;59,2;BR-050/MG;Norte;Atropelamento - Animal;1;;;;;;;;;;1;;;;
11/07/2015;18:58:00;175;com vítima;63,6;BR-050/MG;Sul;Capotamento;1;;;;;;;;;;0;;1;;