data;horario;n_da_ocorrencia;tipo_de_ocorrencia;km;trecho;sentido;tipo_de_acidente;automovel;bicicleta;caminhao;moto;onibus;outros;tracao_animal;transporte_de_cargas_especiais;trator_maquinas;utilitarios;ilesos;levemente_feridos;moderadamente_feridos;gravemente_feridos;mortos
26/04/2017;20:01:00;179;sem vítima;43,14;BR-050/MG;Norte;Saida de Pista;1;;;;;;;;;;2;;;;
27/04/2017;00:46:00;8;com vítima;258,9;BR-050/GO;Sul;Tombamento;;;1;;;;;;;;0;1;;;
27/04/2017;13:49:00;91;sem vítima;39,9;BR-050/MG;Norte;Colisão Traseira;1;;1;;;;;;;;2;;;;
27/04/2017;18:33:00;133;sem vítima;283;BR-050/GO;Norte;Colisão Traseira;2;;;;;;;;;;2;;;;
27/04/2017;20:12:00;144;com vítima;258;BR-050/GO;Sul;Colisão Traseira;;;2;;;;;;;;1;2;;;
27/04/2017;23:14:00;161;sem vítima;185;BR-050/GO;Sul;Choque - Defensa, barreira ou meio fio;1;;;;;;;;;;3;;;;
28/04/2017;08:11:00;39;com vítima;107,6;BR-050/GO;Sul;Capotamento;1;;;;;;;;;;0;1;1;1;
28/04/2017;14:07:00;95;com vítima;169,16;BR-050/MG;Norte;Queda de Moto;;;;1;;;;;;;0;;1;;
28/04/2017;19:01:00;140;sem vítima;44,4;BR-050/MG;Norte;Colisão Traseira;1;;1;;;;;;;;2;;;;
28/04/2017;19:50:00;148;sem vítima;278;BR-050/GO;Norte;Colisão Transversal;1;;;;;;;;;1;2;;;;
29/04/2017;13:38:00;98;com vítima;219,02;BR-050/GO;Sul;Queda de Moto;;;;1;;;;;;;1;;1;;
29/04/2017;14:22:00;109;com vítima;109,6;BR-050/MG;Sul;Choque - Barranco;1;;;;;;;;;;0;;2;;
29/04/2017;18:40:00;142;sem vítima;59,96;BR-050/MG;Norte;Choque - Defensa, barreira ou meio fio;1;;;;;;;;;;4;;;;
29/04/2017;19:38:00;154;sem vítima;272;BR-050/GO;Norte;Saida de Pista;1;;;;;;;;;;1;;;;
30/04/2017;02:10:00;5;com vítima;18,42;Contorno;Sul;Capotamento;1;;;;;;;;;;0;2;;;
30/04/2017;05:48:00;20;sem vítima;121,8;BR-050/GO;Norte;Capotamento;1;;;;;;;;;;4;;;;
30/04/2017;06:01:00;21;sem vítima;17;BR-050/MG;Norte;Choque - Elemento de Drenagem;1;;;;;;;;;;4;;;;
30/04/2017;07:08:00;29;sem vítima;108,68;BR-050/MG;Norte;Saida de Pista;1;;;;;;;;;;1;;;;
30/04/2017;11:52:00;69;com vítima;3,76;BR-050/MG;Sul;Queda de Moto;;;;2;;;;;;;0;;1;1;
30/04/2017;22:16:00;138;sem vítima;205,5;BR-050/MG;Sul;Choque - Defensa, barreira ou meio fio;;;;;;;;;;1;1;;;;
01/05/2017;15:31:00;85;com vítima;174,3;BR-050/MG;Norte;Choque - Defensa, barreira ou meio fio;1;;;;;;;;;;0;2;4;;
01/05/2017;21:17:00;138;com vítima;272,965;BR-050/GO;Norte;Capotamento;1;;;;;;;;;1;1;1;;4;
02/05/2017;10:04:00;58;com vítima;92,4;BR-050/MG;Norte;Capotamento;1;;;;;;;;;;0;3;;;
02/05/2017;14:41:00;100;com vítima;110,24;BR-050/MG;Norte;Capotamento;;;;;;;;;;1;0;;;4;
03/05/2017;04:29:00;20;com vítima;47,4;BR-050/MG;Sul;Choque - Talude;;;;;;;;;;1;0;;1;1;
03/05/2017;09:48:00;79;sem vítima;180;BR-050/MG;Sul;Capotamento;;;1;;;;;;;;1;;;;
04/05/2017;12:16:00;107;sem vítima;0,18;BR-050/MG;Sul;Choque - Suporte de Sinalização;;;;;;;;;;2;3;;;;
04/05/2017;16:02:00;142;com vítima;155,3;BR-050/MG;Norte;Choque - Barranco;;;;;;;;;;1;0;;1;;
04/05/2017;22:40:00;207;sem vítima;51;BR-050/MG;Norte;Atropelamento de Animal;1;;;;;;;;;;1;;;;
05/05/2017;17:08:00;139;sem vítima;257,2;BR-050/GO;Norte;Choque - Elemento de Drenagem;1;;;;;;;;;;3;;;;
05/05/2017;17:25:00;140;com vítima;117,6;BR-050/MG;Norte;Choque - Elemento de Drenagem;1;;;;;;;;;;0;;2;;
05/05/2017;22:27:00;187;com vítima;162;BR-050/MG;Sul;Choque - Suporte de Sinalização;1;;;;;;;;;;0;;1;;
06/05/2017;03:36:00;14;sem vítima;204;BR-050/GO;Sul;Tombamento;;;1;;;;;;;;1;;;;
06/05/2017;04:09:00;15;com vítima;162,5;BR-050/MG;Norte;Capotamento;1;;;;;;;;;;0;;2;;
06/05/2017;04:51:00;16;sem vítima;193,9;BR-050/GO;Norte;Tombamento;;;1;;;;;;;;1;;;;
06/05/2017;13:54:00;74;sem vítima;175,5;BR-050/MG;Sul;Queda de Moto;;;;1;;;;;;;2;;;;
06/05/2017;14:30:00;81;com vítima;80;BR-050/MG;Sul;Capotamento;1;;;;;;;;;;0;;1;2;
06/05/2017;17:03:00;104;com vítima;97;BR-050/GO;Sul;Colisão Frontal;1;;;1;;;;;;;0;2;;;
07/05/2017;21:05:00;154;com vítima;33,2;BR-050/MG;Sul;Atropelamento de Animal;;;;1;;;;;;;0;;1;;
07/05/2017;21:54:00;157;com vítima;154;BR-050/GO;Sul;Colisão Lateral;;;2;;;;;;;;2;1;;;
08/05/2017;01:43:00;8;com vítima;175,9;BR-050/MG;Sul;Queda de Moto;;;;1;;;;;;;0;1;;;
08/05/2017;06:15:00;25;com vítima;87,42;BR-050/MG;Sul;Choque - Defensa, barreira ou meio fio;1;;;;;;;;;;2;;2;;
08/05/2017;07:17:00;28;com vítima;178,4;BR-050/MG;Sul;Atropelamento - Morador;;;;;;;;;;1;1;;1;;
08/05/2017;09:30:00;59;sem vítima;186,5;BR-050/MG;Sul;Tombamento;;;1;;;;;;;;1;;;;
08/05/2017;20:24:00;176;sem vítima;4,6;Contorno;Norte;Choque - Elemento de Drenagem;1;;;;;;;;;;2;;;;
09/05/2017;10:40:00;71;com vítima;105,7;BR-050/MG;Sul;Capotamento;1;;;;;;;;;;0;;;1;
09/05/2017;10:43:00;72;com vítima;2,66;BR-050/MG;Norte;Choque - Talude;;;;;;;;;;1;0;1;;;
09/05/2017;11:29:00;78;com vítima;181,52;BR-050/MG;Norte;Queda de Moto;;;;1;;;;;;;0;;;1;
09/05/2017;15:02:00;99;sem vítima;54,2;BR-050/MG;Norte;Colisão Traseira;1;;1;;;;;;;;2;;;;
09/05/2017;15:25:00;104;sem vítima;54,1;BR-050/MG;Norte;Colisão Traseira;;;1;;;;;;;1;3;;;;
09/05/2017;16:29:00;109;sem vítima;193;BR-050/MG;Sul;Colisão Lateral;1;;1;;;;;;;;2;;;;
09/05/2017;18:38:00;139;com vítima;172;BR-050/MG;Norte;Queda de Moto;;;;1;;;;;;;0;;1;;
09/05/2017;20:26:00;154;sem vítima;304,95;BR-050/GO;Sul;Saida de Pista;;;1;;;;;;;;1;;;;
10/05/2017;05:00:00;21;com vítima;156,45;BR-050/MG;Sul;Tombamento;;;1;;;;;;;;0;;1;;
10/05/2017;08:15:00;44;com vítima;245,7;BR-050/GO;Sul;Colisão Traseira;1;;1;;;;;;;;3;1;;;
10/05/2017;09:58:00;72;com vítima;140,6;BR-050/MG;Norte;Capotamento;1;;;;;;;;;;0;;;1;
12/05/2017;06:42:00;24;com vítima;171;BR-050/MG;Norte;Colisão Lateral;;1;;1;;;;;;;1;;;1;
12/05/2017;06:49:00;28;com vítima;21,5;Contorno;Sul;Capotamento;1;;;;;;;;;;0;;1;;
12/05/2017;17:58:00;177;sem vítima;271,05;BR-050/GO;Norte;Colisão Lateral;1;;1;;;;;;;;4;;;;
12/05/2017;20:38:00;206;com vítima;20,95;BR-050/MG;Sul;Colisão Lateral;1;;1;;;;;;;;1;;2;;
12/05/2017;21:24:00;213;sem vítima;115,6;BR-050/GO;Norte;Tombamento;1;;;;;;;;;;2;;;;
12/05/2017;22:07:00;219;com vítima;218;BR-050/GO;Sul;Saida de Pista;1;;;;;;;;;;4;;1;;
13/05/2017;17:21:00;128;sem vítima;27,7;BR-050/MG;Sul;Choque - Veiculo parado na pista;;;2;;;;;;;;3;;;;
14/05/2017;05:02:00;25;com vítima;15;Contorno;Norte;Choque - Defensa, barreira ou meio fio;1;;;;;;;;;;0;;1;;
15/05/2017;09:41:00;63;com vítima;64,4;BR-050/MG;Norte;Capotamento;;;;;;;;;;1;0;;2;;
15/05/2017;12:23:00;88;sem vítima;103;BR-050/MG;Sul;Choque - Objeto sobre a pista;1;;1;;;;;;;;2;;;;
16/05/2017;10:45:00;79;com vítima;57;BR-050/MG;Norte;Capotamento;1;;;;;;;;;;0;;1;;
16/05/2017;19:47:00;163;sem vítima;172,9;BR-050/MG;Norte;Colisão Traseira;;;1;;;1;;;;;4;;;;
16/05/2017;19:57:00;167;sem vítima;172,9;BR-050/MG;Norte;Choque - Objeto sobre a pista;1;;;;;;;;;;2;;;;
17/05/2017;18:57:00;151;com vítima;96;BR-050/GO;Norte;Colisão Lateral;1;;1;;;;;;;;1;2;1;;
18/05/2017;00:56:00;3;sem vítima;282;BR-050/GO;Norte;Atropelamento de Animal;;;;;1;;;;;;1;;;;
18/05/2017;04:34:00;16;sem vítima;180;BR-050/MG;Norte;Choque - Defensa, barreira ou meio fio;;;1;;;;;;;;1;;;;
18/05/2017;18:44:00;143;com vítima;8;BR-050/MG;Norte;Queda de Moto;;;;1;;;;;;;0;;1;;
18/05/2017;19:16:00;153;sem vítima;40,4;BR-050/MG;Sul;Choque - Elemento de Drenagem;1;;;;;;;;;;2;;;;
19/05/2017;04:56:00;15;sem vítima;61;BR-050/MG;Norte;Choque - Elemento de Drenagem;1;;;;;;;;;;1;;;;
19/05/2017;07:37:00;40;com vítima;6,5;Contorno;Norte;Capotamento;1;;;;;;;;;;0;2;1;;
19/05/2017;09:11:00;73;sem vítima;148;BR-050/MG;Norte;Saida de Pista;1;;;;;;;;;;1;;;;
19/05/2017;16:46:00;159;sem vítima;136;BR-050/MG;Norte;Capotamento;1;;;;;;;;;;1;;;;
20/05/2017;00:17:00;3;sem vítima;177,98;BR-050/MG;Sul;Choque - Defensa, barreira ou meio fio;1;;;;;;;;;;2;;;;
20/05/2017;06:25:00;23;sem vítima;9;Contorno;Norte;Saida de Pista;1;;;;;;;;;;1;;;;
20/05/2017;13:22:00;84;sem vítima;115,8;BR-050/MG;Sul;Colisão Lateral;1;;1;;;;;;;;4;;;;
20/05/2017;16:36:00;123;com vítima;144,75;BR-050/MG;Norte;Capotamento;1;;;;;;;;;;0;;1;;
20/05/2017;21:36:00;157;com vítima;179,1;BR-050/MG;Norte;Choque - Obstáculo Fixo;1;;;;;;;;;;0;1;1;;
20/05/2017;22:09:00;161;sem vítima;179,15;BR-050/MG;Norte;Colisão Traseira;2;;;;;;;;;;2;;;;
21/05/2017;05:00:00;19;sem vítima;178,4;BR-050/MG;Norte;Choque - Elemento de Drenagem;1;;;;;;;;;;2;;;;
21/05/2017;07:06:00;29;com vítima;115;BR-050/GO;Norte;Capotamento;1;;;;;;;;;;0;1;1;;
21/05/2017;13:21:00;66;com vítima;185,12;BR-050/MG;Sul;Choque - Obstáculo Fixo;1;;;;;;;;;;1;3;1;;
21/05/2017;19:22:00;116;com vítima;191,6;BR-050/MG;Sul;Choque - Defensa, barreira ou meio fio;1;;;;;;;;;;3;;2;;
22/05/2017;17:10:00;125;sem vítima;286;BR-050/GO;Norte;Colisão Traseira;1;;1;;;;;;;;2;;;;
22/05/2017;18:51:00;139;com vítima;43;BR-050/MG;Norte;Queda de Moto;;;;1;;;;;;;0;1;1;;
23/05/2017;06:11:00;25;com vítima;173;BR-050/MG;Norte;Queda de Moto;;;;1;;;;;;;0;;1;;
23/05/2017;18:21:00;174;sem vítima;3,7;BR-050/MG;Norte;Choque - Elemento de Drenagem;1;;;;;;;;;;1;;;;
24/05/2017;13:37:00;119;com vítima;273,3;BR-050/GO;Norte;Colisão Transversal;;;1;;;;;;;1;1;1;;1;
25/05/2017;04:41:00;21;com vítima;54,31;BR-050/MG;Sul;Colisão Traseira;;;1;;1;;;;;;26;;10;1;
25/05/2017;11:57:00;97;com vítima;176;BR-050/MG;Norte;Queda de Moto;1;;;1;;;;;;;1;;1;;
25/05/2017;18:44:00;177;com vítima;111,6;BR-050/GO;Norte;Colisão Traseira;1;;1;;;;;;;;1;;1;;
26/05/2017;04:44:00;24;sem vítima;174,3;BR-050/MG;Sul;Colisão Traseira;1;;1;;;;;;;;2;;;;
27/05/2017;03:26:00;13;com vítima;119;BR-050/GO;Norte;Capotamento;1;;;;;;;;;;2;2;;;
27/05/2017;04:29:00;16;com vítima;46;BR-050/MG;Sul;Colisão Lateral;1;;;;;;;;;1;1;3;;;
27/05/2017;13:32:00;105;sem vítima;184,5;BR-050/GO;Sul;Colisão Traseira;;;2;;;;;;;;2;;;;
27/05/2017;15:13:00;129;sem vítima;207,3;BR-050/MG;Norte;Choque - Defensa, barreira ou meio fio;;;;;;;;;;1;3;;;;
27/05/2017;22:05:00;191;com vítima;205,8;BR-050/MG;Norte;Colisão Traseira;;;1;;;1;;;;;1;;1;;
27/05/2017;23:13:00;194;com vítima;95,9;BR-050/GO;Sul;Colisão Transversal;1;;;1;;;;;;;2;2;;;
28/05/2017;02:19:00;8;com vítima;64,6;BR-050/MG;Norte;Capotamento;1;;;;;;;;;;0;;1;;
28/05/2017;14:44:00;89;com vítima;48,5;BR-050/MG;Sul;Queda de Moto;;;;1;;;;;;;0;2;;;
28/05/2017;15:22:00;98;sem vítima;133,4;BR-050/MG;Sul;Colisão Traseira;2;;;;;;;;;;10;;;;
28/05/2017;18:06:00;132;com vítima;310;BR-050/GO;Norte;Capotamento;;;;;;;;;;1;0;;1;;
31/05/2017;09:26:00;75;com vítima;65;BR-050/MG;Norte;Colisão Traseira;;;3;;;;;;;;5;;1;;
31/05/2017;09:52:00;78;sem vítima;65;BR-050/MG;Norte;Queda de Moto;;;;1;;;;;;;1;;;;
01/06/2017;06:45:00;18;com vítima;258,54;BR-050/GO;Sul;Capotamento;1;;;;;;;;;;0;1;;;
01/06/2017;07:01:00;22;sem vítima;180,15;BR-050/MG;Norte;Colisão Traseira;2;;;;;;;;;;3;;;;
01/06/2017;20:57:00;210;sem vítima;123,9;BR-050/GO;Norte;Saida de Pista;;;1;;;;;;;;1;;;;
01/06/2017;22:04:00;219;com vítima;191,1;BR-050/MG;Sul;Colisão Traseira;1;;1;;;;;;;1;3;;2;;
01/06/2017;22:45:00;226;com vítima;128,62;BR-050/MG;Sul;Queda de Moto;;;;1;;;;;;;0;;2;;
02/06/2017;11:40:00;93;com vítima;96,14;BR-050/MG;Norte;Colisão Traseira;;;2;;;;;;;;2;;;;1
02/06/2017;14:59:00;119;com vítima;166;BR-050/MG;Norte;Colisão Lateral;1;;1;;;;;;;;3;;1;;
03/06/2017;05:06:00;22;sem vítima;281;BR-050/GO;Norte;Choque - Defensa, barreira ou meio fio;1;;;;;;;;;;2;;;;
03/06/2017;07:07:00;37;sem vítima;5;BR-050/MG;Norte;Saida de Pista;1;;;;;;;;;;2;;;;
03/06/2017;17:23:00;122;sem vítima;250,3;BR-050/GO;Sul;Choque - Suporte de Sinalização;;;1;;;;;;;;2;;;;
03/06/2017;22:16:00;162;com vítima;119,05;BR-050/MG;Norte;Capotamento;1;;;;;;;;;;0;;2;;
04/06/2017;05:50:00;13;sem vítima;174,6;BR-050/MG;Norte;Choque - Poste;1;;;;;;;;;;1;;;;
04/06/2017;15:39:00;95;sem vítima;118,5;BR-050/GO;Norte;Choque - Suporte de Sinalização;1;;;;;;;;;;1;;;;
04/06/2017;18:42:00;124;com vítima;105;BR-050/GO;Norte;Capotamento;;;;;;;;;;1;0;3;1;;
04/06/2017;18:47:00;126;sem vítima;51,38;BR-050/MG;Sul;Colisão Lateral;2;;;;;;;;;;4;;;;
04/06/2017;20:34:00;138;com vítima;145,56;BR-050/MG;Sul;Choque - Suporte de Sinalização;1;;;;;;;;;;4;;1;;
04/06/2017;22:02:00;144;sem vítima;34;BR-050/MG;Norte;Choque - Elemento de Drenagem;1;;;;;;;;;;2;;;;
04/06/2017;22:32:00;146;com vítima;79,9;BR-050/MG;Norte;Colisão Traseira;2;;;;;;;;;;0;;6;;
05/06/2017;09:08:00;49;com vítima;180;BR-050/MG;Sul;Queda de Moto;;;;1;;;;;;;1;;1;;
05/06/2017;15:13:00;131;com vítima;178,5;BR-050/MG;Sul;Queda de Moto;;;;1;;;;;;;1;;1;;
05/06/2017;15:27:00;133;sem vítima;52,5;BR-050/MG;Sul;Tombamento;;;1;;;;;;;;1;;;;
05/06/2017;19:03:00;173;sem vítima;239;BR-050/GO;Norte;Capotamento;1;;;;;;;;;;1;;;;
05/06/2017;20:05:00;178;com vítima;2,14;BR-050/MG;Norte;Choque - Defensa, barreira ou meio fio;1;;;;;;;;;;0;;1;;
07/06/2017;13:45:00;107;com vítima;132,1;BR-050/MG;Sul;Colisão Lateral;;;1;;;;;;;1;0;5;;;
07/06/2017;22:07:00;178;sem vítima;283;BR-050/GO;Sul;Colisão Lateral;1;;1;;;;;;;;2;;;;
08/06/2017;14:38:00;131;com vítima;146,6;BR-050/MG;Norte;Colisão Traseira;;;1;;;;;;;1;1;;1;;
08/06/2017;18:26:00;187;sem vítima;27,9;BR-050/MG;Sul;Choque - Defensa, barreira ou meio fio;1;;;;;;;;;;3;;;;
09/06/2017;06:46:00;33;com vítima;79,6;BR-050/MG;Norte;Capotamento;1;;;;;;;;;;0;1;1;;
09/06/2017;08:52:00;65;com vítima;116,9;BR-050/GO;Norte;Saida de Pista;1;;;;;;;;;;1;1;;;
09/06/2017;09:47:00;79;com vítima;17;Contorno;Norte;Colisão Transversal;;;;1;;;;;;1;1;1;;;
10/06/2017;03:40:00;10;com vítima;54,4;BR-050/MG;Sul;Choque - Defensa, barreira ou meio fio;1;;;;;;;;;;0;3;;;
10/06/2017;09:03:00;43;com vítima;52;BR-050/MG;Sul;Queda de Moto;1;;;1;;;;;;;1;;1;;
10/06/2017;16:01:00;93;com vítima;181,7;BR-050/MG;Norte;Colisão Lateral;1;;1;;;;;;;;2;1;;;
10/06/2017;18:45:00;122;com vítima;169;BR-050/MG;Norte;Colisão Lateral;1;1;;;;;;;;;1;;;;1
11/06/2017;06:50:00;30;com vítima;46,27;BR-050/MG;Sul;Capotamento;1;;;;;;;;;;0;;1;;
11/06/2017;13:49:00;82;sem vítima;54;BR-050/MG;Sul;Colisão Traseira;;;1;;;;;;;1;3;;;;
11/06/2017;16:55:00;107;com vítima;114,1;BR-050/GO;Sul;Capotamento;;;;;;;;;;1;0;;;1;
11/06/2017;21:18:00;153;sem vítima;179;BR-050/MG;Norte;Saida de Pista;1;;;;;;;;;;5;;;;
12/06/2017;15:29:00;130;com vítima;52,04;BR-050/MG;Norte;Colisão Lateral;1;;1;;;;;;;;1;;1;;
12/06/2017;17:45:00;152;com vítima;97;BR-050/GO;Norte;Colisão Transversal;1;;;1;;;;;;;1;1;;;
12/06/2017;17:46:00;153;com vítima;60,95;BR-050/MG;Sul;Choque - Veiculo parado no acostamento;;;1;;;;;;;1;1;;;;1
12/06/2017;19:32:00;168;com vítima;175,4;BR-050/MG;Sul;Choque - Defensa, barreira ou meio fio;1;;;;;;;;;;0;1;;;
12/06/2017;19:56:00;177;com vítima;115,2;BR-050/MG;Sul;Tombamento;;;1;;;;;;;;0;;;1;
12/06/2017;20:05:00;179;sem vítima;115,21;BR-050/MG;Sul;Choque - Objeto sobre a pista;1;;;;;;;;;;1;;;;
13/06/2017;05:10:00;12;com vítima;2,3;BR-050/MG;Norte;Colisão Traseira;;;2;;;;;;;;1;;1;;
13/06/2017;05:10:00;13;sem vítima;2,4;BR-050/MG;Norte;Tombamento;;;1;;;;;;;;1;;;;
13/06/2017;07:54:00;35;sem vítima;147,95;BR-050/MG;Sul;Tombamento;;;1;;;;;;;;1;;;;
14/06/2017;01:33:00;7;sem vítima;186,6;BR-050/MG;Norte;Atropelamento de Animal;;;1;;;;;;;;1;;;;
14/06/2017;03:10:00;11;sem vítima;176;BR-050/GO;Norte;Choque - Arvore;1;;;;;;;;;;2;;;;
14/06/2017;08:42:00;49;sem vítima;138;BR-050/MG;Norte;Choque - Defensa, barreira ou meio fio;;;1;;;;;;;;1;;;;
14/06/2017;17:00:00;140;com vítima;18,8;BR-050/MG;Norte;Capotamento;1;;;;;;;;;;0;1;;;
14/06/2017;18:02:00;148;com vítima;277;BR-050/GO;Sul;Colisão Lateral;1;;1;;;;;;;;2;1;;;
14/06/2017;22:22:00;195;sem vítima;165,2;BR-050/GO;Norte;Capotamento;1;;;;;;;;;;1;;;;
15/06/2017;03:00:00;17;com vítima;165,2;BR-050/GO;Norte;Choque - Elemento de Drenagem;1;;;;;;;;;;1;2;;;
15/06/2017;05:18:00;23;com vítima;275,6;BR-050/GO;Sul;Colisão Frontal;1;;;;;;;;;1;1;4;;;
15/06/2017;11:31:00;78;sem vítima;314;BR-050/GO;Sul;Colisão Lateral;;;2;;;;;;;1;3;;;;
15/06/2017;14:19:00;106;com vítima;21;Contorno;Norte;Choque - Defensa, barreira ou meio fio;1;;;;;;;;;;0;3;;;
16/06/2017;16:05:00;130;sem vítima;122,42;BR-050/MG;Sul;Atropelamento de Animal;1;;;;;;;;;;1;;;;
16/06/2017;18:42:00;168;sem vítima;119;BR-050/MG;Norte;Saida de Pista;1;;;;;;;;;;1;;;;
17/06/2017;04:13:00;13;com vítima;177,1;BR-050/MG;Sul;Colisão Traseira;2;;;;;;;;;;0;;2;;
17/06/2017;11:45:00;72;com vítima;49,4;BR-050/MG;Norte;Atropelamento - Andarilho;;;;;;1;;;;;1;;;1;
17/06/2017;13:19:00;87;sem vítima;47,8;BR-050/MG;Norte;Choque - Defensa, barreira ou meio fio;1;;;;;;;;;;1;;;;
17/06/2017;19:39:00;146;com vítima;80,64;BR-050/MG;Sul;Colisão Traseira;;;;1;;;;;;1;1;;;1;
18/06/2017;17:48:00;112;com vítima;179;BR-050/MG;Sul;Colisão Traseira;;;;1;;;;;;;0;2;;;
18/06/2017;20:31:00;138;com vítima;45,2;BR-050/MG;Norte;Colisão Traseira;1;;1;;;;;;;;1;1;;;
19/06/2017;01:52:00;8;sem vítima;146;BR-050/MG;Norte;Choque - Elemento de Drenagem;1;;;;;;;;;;4;;;;
19/06/2017;19:34:00;160;com vítima;34;BR-050/MG;Sul;Capotamento;;1;;;;;;;;;0;1;;;
20/06/2017;03:06:00;13;com vítima;139;BR-050/MG;Sul;Tombamento;;;1;;;;;;;;0;;1;;
20/06/2017;09:42:00;67;com vítima;199,98;BR-050/MG;Norte;Choque - Defensa, barreira ou meio fio;1;;;;;;;;;;0;;1;;
20/06/2017;12:45:00;98;com vítima;185,4;BR-050/MG;Norte;Queda de Ciclista;;;;1;;;;;;;1;;1;;
20/06/2017;18:53:00;168;com vítima;0,3;BR-050/MG;Norte;Colisão Lateral;1;;;1;;;;;;;0;3;;;
20/06/2017;19:53:00;181;com vítima;207;BR-050/GO;Norte;Atropelamento - Andarilho;1;;;;;;;;;;1;;;1;
21/06/2017;05:32:00;20;com vítima;113,1;BR-050/GO;Norte;Colisão Traseira;;;2;;;;;;;;1;;1;;
22/06/2017;08:17:00;41;sem vítima;278;BR-050/GO;Sul;Colisão Traseira;2;;;;;;;;;;2;;;;
23/06/2017;07:13:00;28;com vítima;108,88;BR-050/GO;Sul;Capotamento;1;;;;;;;;;;0;1;;;
23/06/2017;11:22:00;75;sem vítima;123;BR-050/MG;Sul;Choque - Suporte de Sinalização;1;;;;;;;;;;1;;;;
23/06/2017;14:03:00;96;com vítima;56;BR-050/MG;Norte;Queda de Moto;;;;1;;;;;;;0;2;;;
23/06/2017;16:43:00;121;sem vítima;267;BR-050/GO;Norte;Choque - Suporte de Sinalização;1;;;;;;;;;;2;;;;
23/06/2017;17:51:00;129;com vítima;107,4;BR-050/MG;Sul;Colisão Lateral;2;;;;;;;;;;0;4;;;
24/06/2017;06:20:00;25;sem vítima;180;BR-050/MG;Sul;Choque - Elemento de Drenagem;1;;;;;;;;;;2;;;;
24/06/2017;07:18:00;29;sem vítima;207;BR-050/MG;Norte;Colisão Traseira;1;;;;;;;;;1;2;;;;
24/06/2017;07:40:00;35;com vítima;35;BR-050/MG;Norte;Colisão Traseira;2;;;;;;;;;;2;1;2;;
24/06/2017;09:39:00;54;com vítima;133,3;BR-050/MG;Sul;Colisão Traseira;1;;;;;;;;;1;11;;1;;
24/06/2017;22:16:00;166;sem vítima;102,7;BR-050/GO;Norte;Saida de Pista;;;1;;;;;;;;1;;;;
25/06/2017;02:45:00;10;com vítima;39;BR-050/MG;Sul;Queda de Moto;;;;1;;;;;;;0;;2;;
25/06/2017;09:08:00;42;sem vítima;252,1;BR-050/GO;Sul;Choque - Arvore;1;;;;;;;;;;1;;;;
25/06/2017;14:55:00;92;com vítima;171,36;BR-050/MG;Norte;Colisão Traseira;1;;1;;;;;;;;2;2;;;
25/06/2017;19:29:00;136;sem vítima;116,8;BR-050/GO;Norte;Colisão Traseira;2;;;;;;;;;;5;;;;
26/06/2017;15:56:00;115;com vítima;55;BR-050/MG;Norte;Tombamento;;;1;;;;;;;;0;2;;;
26/06/2017;16:05:00;116;com vítima;56,5;BR-050/MG;Norte;Colisão Traseira;1;;1;;;;;;;;1;;2;;
27/06/2017;14:46:00;98;sem vítima;141;BR-050/MG;Sul;Saida de Pista;1;;;;;;;;;;2;;;;
28/06/2017;04:30:00;13;com vítima;93,9;BR-050/MG;Norte;Tombamento;;;1;;;;;;;;0;1;;;
28/06/2017;14:31:00;125;sem vítima;289,5;BR-050/GO;Sul;Saida de Pista;1;;;;;;;;;;1;;;;
29/06/2017;09:16:00;64;com vítima;278,8;BR-050/GO;Sul;Atropelamento - Morador;;;;;;;;;;1;1;1;;;
29/06/2017;09:49:00;74;sem vítima;243,4;BR-050/GO;Norte;Colisão Lateral;2;;;;;;;;;;2;;;;
29/06/2017;11:35:00;99;sem vítima;180;BR-050/MG;Norte;Tombamento;;;1;;;;;;;;1;;;;
29/06/2017;14:16:00;122;sem vítima;198,4;BR-050/MG;Norte;Colisão Lateral;;;2;;;;;;;;2;;;;
29/06/2017;18:58:00;174;sem vítima;153,1;BR-050/GO;Sul;Atropelamento de Animal;1;;;;;;;;;;1;;;;
29/06/2017;21:40:00;192;com vítima;274;BR-050/GO;Norte;Colisão Frontal;1;;;1;;;;;;;1;;1;1;
29/06/2017;22:02:00;197;com vítima;121,4;BR-050/MG;Norte;Choque - Elemento de Drenagem;1;;;;;;;;;;0;1;;;
30/06/2017;18:35:00;162;sem vítima;204;BR-050/MG;Norte;Colisão Traseira;1;;;;;;;;;1;4;;;;
30/06/2017;20:43:00;189;com vítima;17,9;BR-050/MG;Sul;Capotamento;1;;;;;;;;;;0;1;;;
30/06/2017;23:36:00;208;sem vítima;94,1;BR-050/MG;Norte;Saida de Pista;1;;;;;;;;;;1;;;;
01/08/2017;00:42:00;4;com vítima;36;BR-050/MG;Sul;Choque - Defensa, barreira ou meio fio;1;;;;;;;;;;0;1;;;
01/08/2017;10:43:00;78;com vítima;180;BR-050/MG;Norte;Queda de Moto;;;;1;;;;;;;0;1;;;
01/08/2017;16:49:00;125;sem vítima;80;BR-050/MG;Sul;Colisão Traseira;2;;;;;;;;;;3;;;;
01/08/2017;18:32:00;142;sem vítima;230;BR-050/GO;Norte;Choque - Defensa, barreira ou meio fio;;;;;;;;;;1;1;;;;
02/08/2017;07:36:00;28;com vítima;41,57;BR-050/MG;Sul;Queda de Moto;;;;1;;;;;;;0;1;;;