data;horario;n_da_ocorrencia;tipo_de_ocorrencia;km;trecho;sentido;tipo_de_acidente;automovel;bicicleta;caminhao;moto;onibus;outros;tracao_animal;transporte_de_cargas_especiais;trator_maquinas;utilitarios;ilesos;levemente_feridos;moderadamente_feridos;gravemente_feridos;mortos
24/03/2018;02:26:00;18;sem vítima;98,35;BR-050/GO;Norte;Colisão Transversal;1;;;;;1;;;;;3;;;;
24/03/2018;07:39:00;43;com vítima;138,3;BR-050/MG;Sul;Colisão Traseira;;;1;;;;;;;1;2;;1;;
24/03/2018;13:19:00;113;com vítima;103,2;BR-050/GO;Sul;Choque - Barranco;;;1;;;;;;;;0;1;;;
24/03/2018;14:54:00;119;com vítima;272,45;BR-050/GO;Sul;Tombamento;;;1;;;;;;;;0;1;;;
25/03/2018;11:07:00;59;sem vítima;17,1;BR-050/MG;Sul;Queda de Moto;;;;1;;;;;;;1;;;;
25/03/2018;15:50:00;98;com vítima;152,18;BR-050/MG;Norte;Capotamento;;;;;;;;;;1;0;;3;;
25/03/2018;15:57:00;100;sem vítima;179,1;BR-050/MG;Norte;Colisão Traseira;2;;;;;;;;;;10;;;;
25/03/2018;17:31:00;115;sem vítima;95,12;BR-050/MG;Norte;Choque - Elemento de Drenagem;1;;;;;;;;;;1;;;;
26/03/2018;14:25:00;115;sem vítima;17,25;BR-050/MG;Norte;Choque - Defensa, barreira ou meio fio;;;;;;;;;;1;1;;;;
26/03/2018;16:42:00;157;sem vítima;27,7;BR-050/MG;Sul;Carreta deu L;;;1;;;;;;;;1;;;;
26/03/2018;17:35:00;164;com vítima;18;Contorno;Sul;Queda de Moto;1;;;1;;;;;;;1;1;;;
27/03/2018;19:45:00;203;sem vítima;170,6;BR-050/MG;Norte;Tombamento;;;1;;;;;;;;2;;;;
27/03/2018;21:40:00;219;com vítima;151,6;BR-050/MG;Sul;Colisão Traseira;;;2;;;;;;;;2;;;1;
27/03/2018;21:51:00;221;com vítima;134,68;BR-050/MG;Sul;Atropelamento de Animal;;;;;;;;;;1;0;;2;;
28/03/2018;08:43:00;51;com vítima;185;BR-050/MG;Sul;Queda de Moto;;;;1;;;;;;;0;1;;;
28/03/2018;10:00:00;87;com vítima;118,76;BR-050/MG;Sul;Capotamento;;;;;;;;;;1;0;;4;;
28/03/2018;13:46:00;141;sem vítima;96,03;BR-050/GO;Norte;Colisão Lateral;;;1;;;;;;;1;2;;;;
28/03/2018;18:44:00;213;com vítima;280,6;BR-050/GO;Sul;Colisão Transversal;1;1;;;;;;;;;1;1;;;
28/03/2018;19:31:00;230;sem vítima;13,8;BR-050/MG;Norte;Colisão Traseira;1;;1;;;;;;;;5;;;;
29/03/2018;01:14:00;4;sem vítima;162,36;BR-050/GO;Sul;Choque - Obstáculo Fixo;;;1;;;;;;;;1;;;;
29/03/2018;05:44:00;26;sem vítima;115,2;BR-050/MG;Norte;Choque - Defensa, barreira ou meio fio;;;1;;;;;;;;1;;;;
29/03/2018;12:15:00;95;com vítima;210;BR-050/GO;Norte;Colisão Traseira;1;;1;;;;;;;;2;1;;;
29/03/2018;14:40:00;125;com vítima;48,63;BR-050/MG;Sul;Capotamento;1;;;;;;;;;;0;1;;;
30/03/2018;00:31:00;4;sem vítima;158;BR-050/MG;Norte;Choque - Elemento de Drenagem;1;;;;;;;;;;1;;;;
30/03/2018;08:06:00;34;com vítima;246,4;BR-050/GO;Norte;Choque - Obstáculo Fixo;1;;;;;;;;;;3;1;;;
30/03/2018;08:15:00;36;com vítima;138,85;BR-050/MG;Sul;Colisão Traseira;1;;1;;;;;;;1;2;5;;;
31/03/2018;13:40:00;62;sem vítima;47,7;BR-050/MG;Sul;Choque - Talude;1;;;;;;;;;;2;;;;
31/03/2018;14:16:00;64;com vítima;38,7;BR-050/MG;Norte;Colisão Lateral;;;1;1;;;;;;;1;;;1;
31/03/2018;22:17:00;127;com vítima;57,7;BR-050/MG;Sul;Queda de Moto;;;;1;;;;;;;0;1;;;
01/04/2018;12:20:00;57;sem vítima;181,7;BR-050/MG;Norte;Colisão Lateral;3;;;;;;;;;;9;;;;
01/04/2018;14:25:00;75;sem vítima;96;BR-050/GO;Sul;Colisão Transversal;;;;;;;;;;2;6;;;;
01/04/2018;15:25:00;86;sem vítima;292,05;BR-050/GO;Norte;Choque - Defensa, barreira ou meio fio;1;;;;;;;;;;3;;;;
01/04/2018;17:23:00;116;sem vítima;18,9;BR-050/MG;Sul;Choque - Elemento de Drenagem;1;;;;;;;;;;2;;;;
01/04/2018;18:38:00;132;sem vítima;116;BR-050/GO;Sul;Colisão Traseira;1;;1;;;;;;;;5;;;;
01/04/2018;18:52:00;138;com vítima;115,2;BR-050/MG;Norte;Capotamento;1;;;;;;;;;;4;1;;;
02/04/2018;05:45:00;14;sem vítima;177,6;BR-050/MG;Sul;Choque - Defensa, barreira ou meio fio;1;;;;;;;;;;1;;;;
02/04/2018;08:09:00;33;com vítima;280,65;BR-050/GO;Sul;Colisão Transversal;2;;;;;;;;;;2;2;;;
02/04/2018;08:24:00;35;sem vítima;21;Contorno;Sul;Colisão Traseira;2;;;;;;;;;;2;;;;
02/04/2018;09:14:00;44;sem vítima;263;BR-050/GO;Sul;Colisão Transversal;2;;;;;;;;;;4;;;;
02/04/2018;15:49:00;124;com vítima;154,2;BR-050/MG;Norte;Capotamento;;;1;;;;;;;;0;1;;;
02/04/2018;17:25:00;136;sem vítima;14,2;Contorno;Norte;Colisão Traseira;2;;;;;1;;;;;3;;;;
02/04/2018;21:31:00;167;sem vítima;84,6;BR-050/MG;Sul;Capotamento;;;;;;;;;;1;1;;;;
03/04/2018;12:50:00;109;sem vítima;25,1;BR-050/MG;Sul;Choque - Elemento de Drenagem;;;;;;;;;;1;2;;;;
03/04/2018;14:19:00;126;sem vítima;313,7;BR-050/GO;Norte;Choque - Defensa, barreira ou meio fio;;;;;;;;;;1;1;;;;
03/04/2018;17:08:00;154;com vítima;56;BR-050/MG;Norte;Queda de Ciclista;;1;;;;;;;;;0;1;;;
04/04/2018;02:24:00;14;sem vítima;84,7;BR-050/MG;Norte;Saida de Pista;;;1;;;;;;;;1;;;;
04/04/2018;12:04:00;101;sem vítima;189;BR-050/MG;Norte;Saida de Pista;;;1;;;;;;;;1;;;;
04/04/2018;18:34:00;161;com vítima;280;BR-050/GO;Norte;Colisão Transversal;2;;;;;;;;;;1;1;;;
04/04/2018;18:42:00;162;com vítima;265;BR-050/GO;Norte;Colisão Transversal;1;;;;;;;;;1;1;;1;;
04/04/2018;19:47:00;177;sem vítima;178,6;BR-050/MG;Norte;Colisão Lateral;1;;;;;;;;;1;2;;;;
04/04/2018;20:50:00;188;com vítima;116,5;BR-050/MG;Norte;Saida de Pista;;;1;;;;;;;;0;;;1;
05/04/2018;08:58:00;73;com vítima;57,97;BR-050/MG;Norte;Capotamento;;;;;;;;;;1;0;1;1;;
05/04/2018;18:05:00;188;sem vítima;179,1;BR-050/MG;Norte;Colisão Traseira;1;;1;;;;;;;;4;;;;
05/04/2018;19:35:00;208;com vítima;279,3;BR-050/GO;Sul;Atropelamento - Andarilho;;;;1;;;;;;;0;1;1;;
05/04/2018;20:25:00;213;com vítima;22,36;BR-050/MG;Sul;Choque - Defensa, barreira ou meio fio;;;;1;;;;;;;0;;1;;
05/04/2018;21:44:00;220;sem vítima;281;BR-050/GO;Norte;Queda de Moto;;;;1;;;;;;;1;;;;
05/04/2018;23:52:00;232;sem vítima;134,2;BR-050/GO;Sul;Choque - Suporte de Sinalização;;;1;;;;;;;;1;;;;
06/04/2018;08:05:00;43;sem vítima;85,6;BR-050/MG;Norte;Choque - Defensa, barreira ou meio fio;;;;;;;;;;1;4;;;;
06/04/2018;08:09:00;44;com vítima;301;BR-050/GO;Sul;Colisão Lateral;;;2;;;;;;;;1;1;;;
06/04/2018;08:41:00;53;sem vítima;97,8;BR-050/GO;Norte;Colisão Transversal;;;;;;;;;;2;3;;;;
06/04/2018;12:09:00;95;sem vítima;279,8;BR-050/GO;Sul;Colisão Traseira;1;;;;;;;;;1;2;;;;
06/04/2018;13:21:00;112;com vítima;106,07;BR-050/GO;Norte;Choque - Defensa, barreira ou meio fio;;;;;;;;;;1;0;1;;;
07/04/2018;01:51:00;20;com vítima;272,8;BR-050/GO;Sul;Tombamento;;;;;;;;;;1;0;;;;1
07/04/2018;03:27:00;31;sem vítima;36;BR-050/MG;Sul;Choque - Defensa, barreira ou meio fio;1;;;;;;;;;;3;;;;
07/04/2018;13:59:00;116;com vítima;131,485;BR-050/GO;Sul;Choque - Obstáculo Fixo;1;;;;;;;;;;2;1;;;
07/04/2018;15:07:00;123;sem vítima;174;BR-050/MG;Norte;Choque - Defensa, barreira ou meio fio;1;;;;;;;;;;1;;;;
07/04/2018;16:12:00;133;sem vítima;18,3;Contorno;Norte;Choque - Defensa, barreira ou meio fio;1;;;;;;;;;;1;;;;
08/04/2018;03:48:00;19;com vítima;176,7;BR-050/GO;Sul;Tombamento;;;1;;;;;;;;1;1;;;
08/04/2018;04:04:00;20;sem vítima;116,3;BR-050/GO;Sul;Saida de Pista;1;;;;;;;;;;2;;;;
08/04/2018;05:10:00;21;sem vítima;37,5;BR-050/MG;Sul;Choque - Elemento de Drenagem;;;;;;;;;;1;1;;;;
08/04/2018;09:52:00;64;sem vítima;250;BR-050/GO;Sul;Saida de Pista;;;;;;;;;;1;4;;;;
08/04/2018;11:31:00;79;com vítima;178,6;BR-050/MG;Norte;Choque - Suporte de Sinalização;;;;1;;;;;;;0;1;1;;
08/04/2018;15:54:00;117;com vítima;163,8;BR-050/GO;Sul;Capotamento;;;;;;;;;;1;0;1;;;
08/04/2018;17:19:00;138;sem vítima;147,34;BR-050/GO;Norte;Choque - Defensa, barreira ou meio fio;1;;;;;;;;;;2;;;;
08/04/2018;19:54:00;174;com vítima;6;Contorno;Norte;Queda de Moto;;;;1;;;;;;;1;;1;;
08/04/2018;22:36:00;198;sem vítima;217;BR-050/GO;Norte;Colisão Traseira;1;;;;;;;;;1;6;;;;
08/04/2018;23:37:00;205;sem vítima;106,3;BR-050/GO;Norte;Choque - Elemento de Drenagem;;;1;;;;;;;;1;;;;
09/04/2018;08:12:00;47;sem vítima;166,5;BR-050/MG;Sul;Choque - Obstáculo Fixo;;;1;;;;;;;;2;;;;
09/04/2018;09:26:00;65;com vítima;78;BR-050/MG;Norte;Capotamento;1;;;;;;;;;;0;1;;;
09/04/2018;17:45:00;164;com vítima;177,06;BR-050/MG;Norte;Capotamento;;;;;;;;;;1;1;1;;;
09/04/2018;18:24:00;168;com vítima;82,85;BR-050/MG;Sul;Tombamento;;;1;;;;;;;;0;;1;;
09/04/2018;18:27:00;170;com vítima;82,95;BR-050/MG;Norte;Capotamento;1;;;;;;;;;;0;2;;;
09/04/2018;18:31:00;171;com vítima;263,5;BR-050/GO;Sul;Colisão Lateral;;;;;1;;;;;1;39;1;;;
10/04/2018;01:38:00;7;com vítima;108,6;BR-050/MG;Norte;Tombamento;;;1;;;;;;;;0;1;;;
10/04/2018;07:03:00;27;com vítima;265;BR-050/GO;Norte;Queda de Ciclista;;1;;;;;;;;;0;;1;;
10/04/2018;15:42:00;124;sem vítima;96,41;BR-050/MG;Norte;Colisão Traseira;;;2;;;;;;;;2;;;;
10/04/2018;19:49:00;157;com vítima;173,25;BR-050/MG;Sul;Objeto lançado contra veículo;;;;1;;;;;;;0;1;;;
10/04/2018;21:09:00;164;sem vítima;115,9;BR-050/GO;Sul;Choque - Talude;;;1;;;;;;;;1;;;;
11/04/2018;05:26:00;24;com vítima;205,5;BR-050/MG;Norte;Colisão Traseira;;;2;;;;;;;;1;1;;;
11/04/2018;12:00:00;107;sem vítima;20,1;Contorno;Norte;Colisão Lateral;1;;;1;;;;;;;2;;;;
11/04/2018;15:59:00;154;com vítima;59,7;BR-050/MG;Sul;Colisão Traseira;;;1;1;;;;;;;1;;1;;
12/04/2018;00:42:00;4;sem vítima;167,6;BR-050/GO;Norte;Saida de Pista;;;;;;;;;;1;1;;;;
12/04/2018;00:41:00;5;sem vítima;4,1;Contorno;Sul;Colisão Frontal;2;;;;;;;;;;2;;;;
12/04/2018;07:08:00;24;com vítima;63,04;BR-050/MG;Norte;Queda de Moto;;;;1;;;;;;;0;1;;;
12/04/2018;09:32:00;65;com vítima;247,9;BR-050/GO;Norte;Objeto lançado contra veículo;;;1;;;;;;;;0;1;;;
12/04/2018;15:28:00;145;sem vítima;205,8;BR-050/MG;Norte;Choque - Obstáculo Fixo;;;;;;;;;;1;1;;;;
13/04/2018;01:00:00;7;sem vítima;273,32;BR-050/GO;Sul;Saida de Pista;;;1;;;;;;;;1;;;;
13/04/2018;14:52:00;155;com vítima;92;BR-050/MG;Sul;Capotamento;1;;;;;;;;;;0;1;;;
13/04/2018;15:34:00;164;com vítima;98,3;BR-050/MG;Sul;Capotamento;;;;;;;;;;1;0;2;;;
13/04/2018;19:10:00;196;sem vítima;2,145;BR-050/MG;Sul;Capotamento;1;;;;;;;;;;1;;;;
13/04/2018;19:34:00;198;sem vítima;135,95;BR-050/MG;Norte;Choque - Elemento de Drenagem;;;;;;;;;;1;1;;;;
13/04/2018;20:35:00;207;sem vítima;118,95;BR-050/MG;Norte;Colisão Lateral;1;;;;;1;;;;;3;;;;
13/04/2018;21:28:00;217;com vítima;36,2;BR-050/MG;Sul;Choque - Barranco;;;;;;;;;;1;0;;;1;
14/04/2018;02:09:00;10;com vítima;106;BR-050/GO;Norte;Choque - Elemento de Drenagem;1;;;;;;;;;;0;1;2;;
14/04/2018;04:34:00;17;sem vítima;142,9;BR-050/GO;Sul;Tombamento;;;;;;;;;;1;1;;;;
14/04/2018;09:59:00;60;com vítima;198;BR-050/MG;Norte;Colisão Traseira;;;;;;;;;;2;4;;1;;
14/04/2018;11:43:00;76;sem vítima;174,38;BR-050/MG;Sul;Colisão Traseira;2;;;;;;;;;;3;;;;
14/04/2018;13:02:00;91;com vítima;104;BR-050/MG;Sul;Colisão Traseira;;;1;1;;;;;;;1;;1;1;
14/04/2018;19:27:00;155;com vítima;311;BR-050/GO;Sul;Queda de Ciclista;;1;;;;;;;;;0;;1;;
15/04/2018;06:20:00;26;sem vítima;146,06;BR-050/MG;Sul;Choque - Defensa, barreira ou meio fio;1;;;;;;;;;;3;;;;
15/04/2018;13:38:00;72;com vítima;53,28;BR-050/MG;Sul;Choque - Defensa, barreira ou meio fio;1;;;;;;;;;;1;1;;;
15/04/2018;15:31:00;86;sem vítima;177,7;BR-050/MG;Sul;Choque - Defensa, barreira ou meio fio;1;;;;;;;;;;1;;;;
15/04/2018;16:07:00;93;sem vítima;270;BR-050/GO;Sul;Colisão Transversal;;;;1;;1;;;;;2;;;;
15/04/2018;17:04:00;102;sem vítima;18,8;BR-050/MG;Sul;Choque - Defensa, barreira ou meio fio;1;;;;;;;;;;6;;;;
15/04/2018;17:54:00;109;sem vítima;20,9;Contorno;Sul;Choque - Defensa, barreira ou meio fio;1;;;;;;;;;;1;;;;
15/04/2018;18:54:00;122;sem vítima;3,2;BR-050/MG;Norte;Atropelamento de Animal;;;;;;;;;;1;4;;;;
16/04/2018;09:29:00;61;sem vítima;170,4;BR-050/MG;Sul;Colisão Traseira;;;1;;;;;;;1;6;;;;
16/04/2018;11:16:00;91;com vítima;116,6;BR-050/GO;Norte;Choque - Talude;;;;;;;;;;1;1;1;;;
16/04/2018;18:42:00;172;sem vítima;43,07;BR-050/MG;Sul;Choque - Suporte de Sinalização;1;;;;;;;;;;1;;;;
16/04/2018;19:05:00;179;sem vítima;19,44;BR-050/MG;Norte;Capotamento;;;;;;;;;;1;2;;;;
18/04/2018;02:42:00;11;sem vítima;305;BR-050/GO;Sul;Colisão Lateral;;;2;;;;;;;;2;;;;
18/04/2018;02:50:00;12;sem vítima;102,2;BR-050/GO;Norte;Tombamento;;;1;;;;;;;;1;;;;
18/04/2018;04:06:00;16;sem vítima;188,7;BR-050/MG;Sul;Choque - Defensa, barreira ou meio fio;1;;;;;;;;;;2;;;;
18/04/2018;04:08:00;18;sem vítima;147,2;BR-050/MG;Sul;Saida de Pista;1;;;;;;;;;;3;;;;
18/04/2018;13:07:00;114;sem vítima;178,85;BR-050/MG;Sul;Colisão Lateral;1;;;;;1;;;;;5;;;;
19/04/2018;12:06:00;108;sem vítima;3,4;Contorno;Sul;Choque - Talude;;;1;;;;;;;;1;;;;
19/04/2018;18:00:00;166;com vítima;178,2;BR-050/MG;Norte;Queda de Moto;;;;1;;;;;;;0;1;;;
19/04/2018;18:06:00;167;sem vítima;178,2;BR-050/MG;Norte;Choque - Defensa, barreira ou meio fio;1;;;;;;;;;;1;;;;
20/04/2018;03:46:00;12;com vítima;7,5;BR-050/MG;Sul;Capotamento;1;;;;;;;;;;2;;1;;1
20/04/2018;09:00:00;56;com vítima;121,05;BR-050/MG;Sul;Queda de Moto;;;;1;;;;;;;0;;1;;
20/04/2018;15:09:00;136;sem vítima;249,1;BR-050/GO;Sul;Choque - Suporte de Sinalização;;;1;;;;;;;;1;;;;
21/04/2018;00:11:00;3;sem vítima;78,25;BR-050/MG;Norte;Colisão Transversal;1;;;;;1;;;;;2;;;;
21/04/2018;07:51:00;36;com vítima;45,05;BR-050/MG;Norte;Choque - Defensa, barreira ou meio fio;1;;;;;;;;;;2;2;1;;
21/04/2018;08:32:00;44;sem vítima;20,7;BR-050/MG;Sul;Choque - Defensa, barreira ou meio fio;;;1;;;;;;;;1;;;;
21/04/2018;11:24:00;82;com vítima;168,9;BR-050/MG;Norte;Choque - Defensa, barreira ou meio fio;1;;;;;;;;;;1;;1;;
21/04/2018;16:57:00;133;sem vítima;172,9;BR-050/MG;Norte;Choque - Suporte de Sinalização;;;;1;;;;;;;1;;;;
22/04/2018;04:12:00;17;sem vítima;18,15;Contorno;Norte;Colisão Traseira;1;;;;;1;;;;;2;;;;
22/04/2018;05:15:00;21;com vítima;161,26;BR-050/MG;Sul;Choque - Defensa, barreira ou meio fio;1;;;;;;;;;;0;;1;;
22/04/2018;14:34:00;84;com vítima;158;BR-050/GO;Sul;Capotamento;1;;;;;;;;;;2;1;;;
22/04/2018;18:25:00;133;com vítima;30,23;BR-050/MG;Sul;Engavetamento;4;;;;;;;;;1;12;4;1;;
22/04/2018;18:31:00;135;sem vítima;30,095;BR-050/MG;Sul;Colisão Traseira;1;;;;;;;;;1;7;;;;
24/04/2018;09:39:00;73;com vítima;129,3;BR-050/MG;Sul;Capotamento;1;;;;;;;;;;0;1;;;
24/04/2018;11:09:00;96;com vítima;174,4;BR-050/MG;Sul;Colisão Lateral;;1;1;;;;;;;;1;;1;;
24/04/2018;13:54:00;127;com vítima;113,86;BR-050/MG;Sul;Queda de Moto;;;;1;;;;;;;1;1;;;
24/04/2018;19:06:00;180;sem vítima;100,8;BR-050/GO;Norte;Colisão Transversal;1;;;;1;;;;;;35;;;;
24/04/2018;23:49:00;212;sem vítima;18,2;Contorno;Sul;Choque - Defensa, barreira ou meio fio;1;;;;;;;;;;1;;;;
25/04/2018;08:23:00;49;com vítima;107,51;BR-050/MG;Norte;Choque - Defensa, barreira ou meio fio;1;;;;;;;;;;0;1;;;
25/04/2018;14:28:00;141;com vítima;183,41;BR-050/GO;Norte;Capotamento;1;;;;;;;;;;1;1;;;
26/04/2018;08:41:00;46;com vítima;145,7;BR-050/MG;Sul;Colisão Traseira;2;;;;;;;;;;0;3;3;;
26/04/2018;13:45:00;96;com vítima;77;BR-050/MG;Norte;Colisão Lateral;;;1;1;;;;;;1;2;2;;;
26/04/2018;23:19:00;191;com vítima;36,92;BR-050/MG;Sul;Queda de Ciclista;;1;;;;;;;;;0;1;;;
27/04/2018;22:47:00;224;com vítima;85,6;BR-050/MG;Norte;Capotamento;;;;;;;;;;1;0;4;;1;
28/04/2018;07:09:00;38;com vítima;205,8;BR-050/MG;Sul;Colisão Lateral;1;;;;1;;;;;;27;4;4;;
28/04/2018;15:09:00;141;sem vítima;183,2;BR-050/MG;Sul;Choque - Elemento de Drenagem;1;;;;;;;;;;3;;;;
28/04/2018;17:07:00;157;sem vítima;202,18;BR-050/GO;Sul;Atropelamento de Animal;1;;;;;;;;;;2;;;;
28/04/2018;17:40:00;165;com vítima;35,5;BR-050/MG;Sul;Colisão Lateral;;;;1;;;;;;1;2;;1;;
29/04/2018;12:13:00;75;com vítima;135,7;BR-050/MG;Sul;Capotamento;;;;;;;;;;1;0;2;;;
29/04/2018;15:42:00;107;sem vítima;16;Contorno;Sul;Choque - Defensa, barreira ou meio fio;1;;;;;;;;;;5;;;;
29/04/2018;16:17:00;113;com vítima;86,16;BR-050/MG;Norte;Tombamento;1;;;;;;;;;;0;;2;;
29/04/2018;16:56:00;120;sem vítima;280,6;BR-050/GO;Sul;Colisão Transversal;;1;;1;;;;;;;2;;;;
29/04/2018;18:26:00;137;sem vítima;269;BR-050/GO;Sul;Colisão Lateral;1;;;;;;;;;1;3;;;;
30/04/2018;06:32:00;27;com vítima;135,9;BR-050/MG;Norte;Tombamento;1;;;;;;;;;;0;;1;;
30/04/2018;08:31:00;45;com vítima;96,1;BR-050/GO;Sul;Colisão Lateral;1;;;1;;;;;;;3;1;;;
30/04/2018;15:48:00;114;com vítima;250;BR-050/GO;Sul;Capotamento;;;;;;;;;;1;0;2;2;;
30/04/2018;18:58:00;139;com vítima;152;BR-050/MG;Sul;Colisão Traseira;;;2;;;;;;;;1;;1;;
01/05/2018;00:42:00;4;sem vítima;110;BR-050/MG;Sul;Atropelamento de Animal;1;;;;;;;;;;2;;;;
01/05/2018;00:52:00;5;com vítima;171;BR-050/MG;Sul;Queda de Moto;;;;1;;;;;;;0;1;;;
01/05/2018;01:44:00;8;com vítima;164,4;BR-050/MG;Norte;Queda de Moto;;;;1;;;;;;;0;;;1;
01/05/2018;08:20:00;33;sem vítima;174,3;BR-050/MG;Sul;Choque - Defensa, barreira ou meio fio;1;;;;;;;;;;1;;;;
01/05/2018;08:23:00;34;sem vítima;186;BR-050/MG;Sul;Colisão Traseira;;;2;;;;;;;;2;;;;
01/05/2018;11:58:00;61;sem vítima;162,1;BR-050/MG;Norte;Colisão Traseira;2;;;;;;;;;;7;;;;
01/05/2018;14:37:00;85;com vítima;178,6;BR-050/MG;Norte;Queda de Moto;;;;1;;;;;;;1;1;;;
01/05/2018;15:34:00;96;sem vítima;27,75;BR-050/MG;Sul;Choque - Suporte de Sinalização;1;;;;;;;;;;1;;;;
01/05/2018;19:45:00;143;com vítima;112,9;BR-050/GO;Norte;Queda de Moto;;;;1;;;;;;;0;2;;;
02/05/2018;07:34:00;41;sem vítima;125;BR-050/MG;Sul;Atropelamento de Animal;1;;;;;;;;;;2;;;;
02/05/2018;18:46:00;211;com vítima;38,5;BR-050/MG;Norte;Capotamento;2;;;;;;;;;;1;1;;;
03/05/2018;12:38:00;119;sem vítima;136,8;BR-050/MG;Norte;Colisão Traseira;2;;;;;;;;;;5;;;;
03/05/2018;13:05:00;122;com vítima;0;Contorno;Sul;Tombamento;;;1;;;;;;;;0;;1;;
03/05/2018;13:30:00;124;sem vítima;98,5;BR-050/MG;Norte;Choque - Elemento de Drenagem;1;;;;;;;;;;3;;;;
03/05/2018;14:01:00;127;com vítima;94;BR-050/MG;Sul;Capotamento;1;;;;;;;;;;0;3;1;;
03/05/2018;15:16:00;142;com vítima;178,7;BR-050/MG;Norte;Tombamento;;;1;;;;;;;;0;;1;;
04/05/2018;10:07:00;72;sem vítima;108,12;BR-050/MG;Sul;Choque - Suporte de Sinalização;;;;;;;;;;1;1;;;;
04/05/2018;14:09:00;108;sem vítima;194,15;BR-050/GO;Sul;Colisão Traseira;;;2;;;;;;;;2;;;;
04/05/2018;21:37:00;186;sem vítima;79;BR-050/MG;Sul;Saida de Pista;1;;;;;;;;;;3;;;;
05/05/2018;11:55:00;100;com vítima;198,2;BR-050/MG;Norte;Engavetamento;1;;1;1;;;;;;;4;;1;;
05/05/2018;14:24:00;114;sem vítima;197,4;BR-050/GO;Norte;Colisão Traseira;1;;1;;;;;;;;4;;;;
05/05/2018;20:53:00;173;com vítima;123,9;BR-050/MG;Norte;Colisão Traseira;2;;;;;;;;;;1;3;;;
05/05/2018;21:18:00;176;sem vítima;123,45;BR-050/MG;Norte;Colisão Lateral;1;;;;;;;;;;2;;;;
06/05/2018;07:15:00;18;com vítima;41;BR-050/MG;Norte;Saida de Pista;;;;;;;;;;1;1;1;;;
06/05/2018;17:39:00;104;com vítima;190,56;BR-050/MG;Sul;Capotamento;1;;;;;;;;;;0;1;;;
07/05/2018;07:59:00;49;sem vítima;145,12;BR-050/MG;Sul;Saida de Pista;1;;;;;;;;;;3;;;;
07/05/2018;10:23:00;90;sem vítima;98,95;BR-050/GO;Sul;Colisão Lateral;;;2;;;;;;;;2;;;;
07/05/2018;15:18:00;145;sem vítima;176,96;BR-050/MG;Sul;Engavetamento;1;;2;;;;;;;;4;;;;
07/05/2018;15:50:00;149;com vítima;171,7;BR-050/MG;Sul;Queda de Moto;;;;1;;;;;;;0;1;;;
07/05/2018;16:20:00;152;sem vítima;45,03;BR-050/MG;Norte;Colisão Traseira;;;2;;;;;;;;2;;;;
07/05/2018;17:28:00;163;sem vítima;260,7;BR-050/GO;Norte;Saida de Pista;1;;;;;;;;;;1;;;;
08/05/2018;14:38:00;109;sem vítima;209,4;BR-050/GO;Sul;Colisão Lateral;1;;1;;;;;;;;2;;;;
08/05/2018;17:01:00;131;com vítima;313,6;BR-050/GO;Sul;Tombamento;;;1;;;;;;;;0;1;;;
09/05/2018;05:31:00;21;com vítima;106,1;BR-050/GO;Norte;Capotamento;1;;;;;;;;;;0;5;;;
09/05/2018;06:28:00;29;sem vítima;64,4;BR-050/MG;Sul;Choque - Defensa, barreira ou meio fio;1;;;;;;;;;;1;;;;
09/05/2018;07:39:00;42;com vítima;58,1;BR-050/MG;Sul;Colisão Traseira;1;;;1;;;;;;;1;1;;;
09/05/2018;22:38:00;207;sem vítima;27,218;BR-050/MG;Sul;Choque - Defensa, barreira ou meio fio;1;;;;;;;;;;1;;;;
10/05/2018;02:33:00;9;com vítima;60,32;BR-050/MG;Norte;Capotamento;;;;;;;;;;1;0;1;;;
10/05/2018;18:53:00;200;com vítima;303;BR-050/GO;Norte;Colisão Traseira;1;;1;;;;;;;;4;1;;;
11/05/2018;07:57:00;45;sem vítima;178,8;BR-050/MG;Sul;Atropelamento de Animal;;;;;;;;;;1;1;;;;
11/05/2018;09:32:00;83;com vítima;95,9;BR-050/GO;Norte;Colisão Transversal;1;;;;;;;;;2;2;;1;;
11/05/2018;19:02:00;205;com vítima;93;BR-050/MG;Norte;Colisão Traseira;;;1;;;;;;;1;1;;1;;
11/05/2018;22:01:00;233;com vítima;80,1;BR-050/MG;Sul;Queda de Moto;;;;1;;;;;;;0;;2;;
12/05/2018;10:44:00;70;sem vítima;157,4;BR-050/GO;Norte;Choque - Elemento de Drenagem;;;;;;;;;;1;1;;;;
12/05/2018;11:02:00;71;com vítima;176,99;BR-050/MG;Norte;Capotamento;1;;;;;;;;;;0;;1;;
13/05/2018;02:02:00;10;sem vítima;56,5;BR-050/MG;Norte;Colisão Traseira;2;;;;;;;;;;6;;;;
13/05/2018;05:41:00;23;com vítima;246,28;BR-050/GO;Sul;Colisão Frontal;;;;;1;;;;;1;41;10;2;;1
13/05/2018;14:15:00;80;sem vítima;203,45;BR-050/MG;Sul;Choque - Defensa, barreira ou meio fio;1;;;;;;;;;;2;;;;
14/05/2018;01:46:00;7;com vítima;95,7;BR-050/GO;Norte;Choque - Defensa, barreira ou meio fio;1;;;;;;;;;;0;1;;;
15/05/2018;00:05:00;1;sem vítima;133,3;BR-050/GO;Sul;Choque - Obstáculo Fixo;;;1;;;;;;;;1;;;;