data;horario;n_da_ocorrencia;tipo_de_ocorrencia;km;trecho;sentido;tipo_de_acidente;automovel;bicicleta;caminhao;moto;onibus;outros;tracao_animal;transporte_de_cargas_especiais;trator_maquinas;utilitarios;ilesos;levemente_feridos;moderadamente_feridos;gravemente_feridos;mortos
18/04/2019;11:18:00;99;com vítima;115,69;BR-050/GO;Sul;Capotamento;1;;;;;;;;;;0;1;;;
18/04/2019;20:10:00;183;com vítima;6,35;BR-050/MG;Sul;Capotamento;1;;;;;;;;;;0;;1;;
19/04/2019;06:14:00;20;com vítima;106,2;BR-050/MG;Norte;Colisão Traseira;;;2;;;;;;;;0;2;;;
19/04/2019;10:10:00;49;com vítima;245,3;BR-050/GO;Norte;Choque - Arvore;;;;;;;;;;1;0;1;;;
19/04/2019;11:06:00;59;com vítima;78,62;BR-050/MG;Sul;Queda de Moto;;;;1;;;;;;;0;1;;;
20/04/2019;17:16:00;86;sem vítima;174,3;BR-050/MG;Sul;Colisão Traseira;1;;;;;;;;;1;6;;;;
21/04/2019;06:32:00;22;com vítima;65,35;BR-050/MG;Sul;Colisão Traseira;1;;1;;;;;;;;1;1;2;;
21/04/2019;15:58:00;107;com vítima;51,6;BR-050/MG;Norte;Colisão Traseira;2;;;;;;;;;;4;;1;;
21/04/2019;18:20:00;137;sem vítima;21;Contorno;Norte;Colisão Traseira;1;;;;;;;;;1;3;;;;
21/04/2019;18:56:00;140;com vítima;96,05;BR-050/GO;Norte;Atropelamento - Pedestre;1;;;;;;;;;;4;;1;;
22/04/2019;01:26:00;7;com vítima;48,7;BR-050/MG;Norte;Queda de Moto;;;;1;;;;;;;1;;1;;
22/04/2019;10:13:00;61;sem vítima;123,76;BR-050/MG;Sul;Choque - Defensa, barreira ou meio fio;1;;;;;;;;;;3;;;;
22/04/2019;12:03:00;91;sem vítima;1,9;BR-050/MG;Sul;Colisão Traseira;;;2;;;;;;;;2;;;;
23/04/2019;06:05:00;18;com vítima;166,15;BR-050/GO;Norte;Capotamento;1;;;;;;;;;;0;1;;;
23/04/2019;08:10:00;30;sem vítima;51,7;BR-050/MG;Norte;Colisão Lateral;2;;;;;;;;;;4;;;;
23/04/2019;23:17:00;182;com vítima;130,7;BR-050/MG;Sul;Choque - Defensa, barreira ou meio fio;1;;;;;;;;;;0;1;;;
24/04/2019;20:39:00;168;sem vítima;89,7;BR-050/MG;Norte;Colisão Traseira;2;;;;;;;;;;5;;;;
25/04/2019;00:02:00;1;sem vítima;52,2;BR-050/MG;Norte;Colisão Lateral;;;2;;;;;;;;2;;;;
25/04/2019;00:45:00;5;sem vítima;194,55;BR-050/GO;Norte;Tombamento;;;1;;;;;;;;1;;;;
25/04/2019;15:08:00;116;sem vítima;98,64;BR-050/MG;Norte;Saida de Pista;;;1;;;;;;;;1;;;;
25/04/2019;16:21:00;132;com vítima;180,5;BR-050/MG;Norte;Choque - Suporte de Sinalização;;;1;;;;;;;;0;;1;;
26/04/2019;04:12:00;19;com vítima;119;BR-050/MG;Norte;Colisão Traseira;;;2;;;;;;;;1;1;;;
26/04/2019;07:04:00;31;sem vítima;177,4;BR-050/MG;Norte;Engavetamento;6;;;;;;;;;;20;;;;
26/04/2019;09:49:00;64;sem vítima;177,5;BR-050/MG;Sul;Choque - Poste;;;;;1;;;;;;35;;;;
26/04/2019;10:07:00;69;com vítima;161,3;BR-050/MG;Norte;Capotamento;;;;;;;;;;1;0;1;;;
26/04/2019;10:07:00;70;com vítima;177,5;BR-050/MG;Sul;Saida de Pista;1;;;;;;;;;;1;3;;;
26/04/2019;10:09:00;71;com vítima;177,5;BR-050/MG;Sul;Colisão Lateral;;;;1;;;;;;1;1;1;;;
26/04/2019;15:11:00;119;sem vítima;248,42;BR-050/GO;Sul;Choque - Elemento de Drenagem;;;;;;;;;;1;1;;;;
27/04/2019;04:59:00;22;com vítima;84;BR-050/MG;Norte;Tombamento;;;1;;;;;;;;0;;1;;
27/04/2019;06:54:00;37;com vítima;176;BR-050/MG;Sul;Colisão Traseira;;;;1;;;;;;1;3;1;;;
27/04/2019;12:56:00;94;com vítima;57,17;BR-050/MG;Sul;Queda de Moto;;;;1;;;;;;;0;;1;;
27/04/2019;12:59:00;95;sem vítima;57,2;BR-050/MG;Norte;Colisão Traseira;2;;;;;;;;;;2;;;;
27/04/2019;16:01:00;120;sem vítima;177,2;BR-050/MG;Norte;Saida de Pista;1;;;;;;;;;;1;;;;
27/04/2019;19:06:00;148;com vítima;47,1;BR-050/MG;Norte;Atropelamento de Animal;;;;1;;;;;;;0;1;;;
27/04/2019;20:12:00;159;sem vítima;135,9;BR-050/MG;Sul;Choque - Outros;1;;1;;;;;;;;2;;;;
28/04/2019;16:10:00;88;sem vítima;280;BR-050/GO;Norte;Colisão Lateral;1;;;;;;;;;1;5;;;;
28/04/2019;23:49:00;142;sem vítima;3,9;BR-050/MG;Sul;Choque - Defensa, barreira ou meio fio;1;;;;;;;;;;1;;;;
29/04/2019;02:58:00;12;com vítima;105,8;BR-050/GO;Norte;Tombamento;;;1;;;;;;;;0;1;1;;
29/04/2019;12:58:00;86;sem vítima;165,3;BR-050/MG;Norte;Colisão Lateral;1;;1;;;1;;;;;4;;;;
30/04/2019;12:02:00;83;com vítima;264,8;BR-050/GO;Sul;Tombamento;;;2;;;1;;;;;2;1;;;
01/05/2019;08:48:00;43;sem vítima;46,37;BR-050/MG;Norte;Choque - Defensa, barreira ou meio fio;1;;;;;;;;;;2;;;;
02/05/2019;03:27:00;5;com vítima;148,45;BR-050/GO;Sul;Capotamento;1;;;;;;;;;;1;;1;;
02/05/2019;07:22:00;16;sem vítima;174,9;BR-050/MG;Sul;Colisão Lateral;;;1;;1;;;;;;3;;;;
02/05/2019;12:37:00;83;com vítima;65,3;BR-050/MG;Norte;Colisão Transversal;1;;;1;;;;;;;4;;1;;
02/05/2019;14:57:00;103;com vítima;15;Contorno;Sul;Choque - Defensa, barreira ou meio fio;1;;;;;;;;;;0;;1;;
02/05/2019;20:49:00;143;sem vítima;161,75;BR-050/GO;Sul;Choque - Elemento de Drenagem;;;;;;;;;;1;2;;;;
03/05/2019;00:18:00;1;sem vítima;253,95;BR-050/GO;Sul;Choque - Elemento de Drenagem;;;;;;;;;;1;1;;;;
04/05/2019;03:25:00;16;sem vítima;58,22;BR-050/MG;Norte;Choque - Obstáculo Fixo;1;;;;;;;;;;1;;;;
04/05/2019;07:28:00;34;com vítima;174,1;BR-050/MG;Sul;Choque - Defensa, barreira ou meio fio;1;;;;;;;;;;0;1;;;
04/05/2019;17:32:00;116;sem vítima;3,8;BR-050/MG;Sul;Choque - Elemento de Drenagem;;;;;;;;;;1;1;;;;
05/05/2019;01:16:00;6;sem vítima;133,1;BR-050/GO;Sul;Choque - Obstáculo Fixo;1;;;;;;;;;;3;;;;
05/05/2019;12:31:00;65;sem vítima;29,5;BR-050/MG;Norte;Choque - Defensa, barreira ou meio fio;1;;;;;;;;;;2;;;;
05/05/2019;22:22:00;139;com vítima;127,4;BR-050/MG;Norte;Colisão Traseira;;;2;;;;;;;;1;;1;;
07/05/2019;10:20:00;77;com vítima;39,2;BR-050/MG;Norte;Capotamento;1;;;;;1;;;;;1;2;;;
07/05/2019;10:25:00;79;sem vítima;250,8;BR-050/GO;Norte;Colisão Lateral;1;;1;;;;;;;;3;;;;
07/05/2019;11:52:00;102;com vítima;280,6;BR-050/GO;Sul;Colisão Transversal;;;;1;;1;;;;;1;;1;;
07/05/2019;19:21:00;196;sem vítima;95,7;BR-050/GO;Sul;Colisão Lateral;1;;1;;;;;;;;4;;;;
08/05/2019;08:17:00;34;sem vítima;15;Contorno;Norte;Tombamento;;;1;;;;;;;;1;;;;
08/05/2019;09:31:00;54;sem vítima;163,2;BR-050/GO;Sul;Tombamento;;;1;;;;;;;;1;;;;
09/05/2019;12:28:00;105;sem vítima;51;BR-050/MG;Sul;Engavetamento;2;;1;;;;;;;1;7;;;;
09/05/2019;16:37:00;153;sem vítima;51;BR-050/MG;Sul;Colisão Traseira;;;2;;;;;;;;2;;;;
09/05/2019;18:29:00;171;com vítima;37,1;BR-050/MG;Norte;Colisão Traseira;1;;1;;;;;;;;1;1;;;
09/05/2019;18:42:00;172;com vítima;270;BR-050/GO;Sul;Queda de Moto;;;;1;;;;;;;0;2;;;
10/05/2019;00:52:00;7;sem vítima;192;BR-050/GO;Norte;Saida de Pista;1;;;;;;;;;;1;;;;
10/05/2019;00:58:00;8;sem vítima;171,8;BR-050/MG;Norte;Choque - Defensa, barreira ou meio fio;1;;;;;;;;;;1;;;;
10/05/2019;12:19:00;95;com vítima;84,85;BR-050/MG;Sul;Colisão Traseira;;;1;1;;;;;;;2;1;;;
10/05/2019;21:59:00;188;sem vítima;179;BR-050/MG;Norte;Tombamento;;;1;;;;;;;;1;;;;
11/05/2019;10:35:00;76;sem vítima;39,5;BR-050/MG;Sul;Choque - Poste;1;;;;;;;;;;2;;;;
11/05/2019;18:55:00;133;com vítima;54,7;BR-050/MG;Sul;Capotamento;1;;;;;;;;;;0;3;1;;
11/05/2019;19:41:00;140;com vítima;270,5;BR-050/GO;Sul;Queda de Moto;;;;1;;;;;;;0;1;;;
11/05/2019;22:20:00;158;sem vítima;119,5;BR-050/MG;Norte;Atropelamento de Animal;;;;;;;;;;1;4;;;;
12/05/2019;05:17:00;29;sem vítima;105,1;BR-050/GO;Sul;Saida de Pista;1;;;;;;;;;;2;;;;
13/05/2019;03:01:00;12;com vítima;117,95;BR-050/MG;Norte;Colisão Traseira;;;2;;;1;;;;;2;1;;;
13/05/2019;06:17:00;21;com vítima;81,92;BR-050/MG;Norte;Colisão Traseira;;;2;;;;;;;;1;1;;;
13/05/2019;07:01:00;28;com vítima;281;BR-050/GO;Sul;Colisão Lateral;;;;1;;;;;;1;1;1;;;
13/05/2019;17:51:00;126;sem vítima;228;BR-050/GO;Sul;Choque - Elemento de Drenagem;1;;;;;;;;;;5;;;;
13/05/2019;18:54:00;136;sem vítima;13,73;BR-050/MG;Norte;Colisão Traseira;;;2;;;;;;;;2;;;;
14/05/2019;11:31:00;77;sem vítima;32;BR-050/MG;Sul;Colisão Traseira;;;1;;;;;;;1;2;;;;
14/05/2019;14:42:00;107;sem vítima;13;BR-050/MG;Norte;Choque - Obstáculo Fixo;;;;;;;;;;1;2;;;;
14/05/2019;18:54:00;144;com vítima;194,1;BR-050/MG;Sul;Choque - Outros;;;;1;;;;;;;0;1;;;
14/05/2019;21:48:00;177;sem vítima;100,2;BR-050/MG;Norte;Colisão Transversal;1;;1;;;;;;;;2;;;;
16/05/2019;18:15:00;160;com vítima;148,199;BR-050/MG;Sul;Choque - Arvore;;;1;;;;;;;;0;1;1;;
16/05/2019;20:13:00;177;sem vítima;178,1;BR-050/MG;Norte;Choque - Defensa, barreira ou meio fio;1;;;;;;;;;;1;;;;
17/05/2019;11:27:00;75;sem vítima;29,9;BR-050/MG;Sul;Saida de Pista;1;;;;;;;;;;2;;;;
17/05/2019;18:16:00;140;sem vítima;158,7;BR-050/MG;Norte;Saida de Pista;1;;;;;;;;;;2;;;;
17/05/2019;18:49:00;145;sem vítima;185;BR-050/MG;Norte;Colisão Traseira;;;;;;1;;;;1;2;;;;
17/05/2019;23:35:00;172;com vítima;127,2;BR-050/MG;Norte;Colisão Transversal;1;;;;;1;;;;;1;2;;;
21/05/2019;07:19:00;36;sem vítima;13,7;BR-050/MG;Norte;Colisão Traseira;;;2;;;;;;;;2;;;;
22/05/2019;06:57:00;23;sem vítima;312,552;BR-050/GO;Norte;Choque - Talude;1;;;;;;;;;;1;;;;
22/05/2019;13:12:00;94;sem vítima;170,01;BR-050/MG;Norte;Choque - Defensa, barreira ou meio fio;;;1;;;;;;;;1;;;;
22/05/2019;18:08:00;153;com vítima;77,3;BR-050/MG;Norte;Colisão Traseira;1;;;1;;;;;;;1;1;;;
23/05/2019;06:26:00;14;sem vítima;46,5;BR-050/MG;Sul;Choque - Defensa, barreira ou meio fio;1;;;;;;;;;;4;;;;
24/05/2019;08:37:00;50;com vítima;273,4;BR-050/GO;Norte;Tombamento;;;1;;;;;;;1;2;2;;;
24/05/2019;13:46:00;119;com vítima;174,4;BR-050/MG;Norte;Colisão Lateral;;;;1;;;;;;1;1;2;;;
24/05/2019;18:42:00;166;com vítima;58;BR-050/MG;Sul;Queda de Moto;;;;1;;;;;;;0;1;;;
24/05/2019;22:14:00;191;sem vítima;175,25;BR-050/MG;Norte;Choque - Defensa, barreira ou meio fio;1;;;;;;;;;;1;;;;
25/05/2019;04:01:00;9;sem vítima;151,6;BR-050/MG;Sul;Tombamento;;;1;;;;;;;;1;;;;
25/05/2019;05:41:00;18;sem vítima;201,16;BR-050/GO;Sul;Saida de Pista;;;;;;;;;;1;1;;;;
25/05/2019;05:48:00;19;sem vítima;122,5;BR-050/GO;Sul;Saida de Pista;;;;;;;;;;1;1;;;;
25/05/2019;06:43:00;21;sem vítima;99;BR-050/GO;Sul;Colisão Traseira;;;1;1;;;;;;;2;;;;
25/05/2019;15:23:00;109;sem vítima;148,6;BR-050/GO;Sul;Saida de Pista;;;1;;;;;;;;1;;;;
25/05/2019;16:35:00;122;sem vítima;52;BR-050/MG;Sul;Colisão Transversal;1;;;;;;;;;1;6;;;;
25/05/2019;18:27:00;148;com vítima;245,74;BR-050/GO;Sul;Atropelamento - Morador;;;;;;;;;;;0;1;;;
25/05/2019;20:26:00;165;com vítima;98,2;BR-050/MG;Norte;Capotamento;1;;1;;;;;;;;1;1;;;
25/05/2019;23:24:00;177;com vítima;15;Contorno;Sul;Capotamento;;;1;;;;;;;;0;;1;;
27/05/2019;05:30:00;23;sem vítima;85,9;BR-050/MG;Sul;Colisão Traseira;1;;1;;;;;;;;4;;;;
27/05/2019;08:46:00;57;sem vítima;273,001;BR-050/GO;Sul;Colisão Transversal;;;1;;;;;;;1;6;;;;
27/05/2019;09:53:00;72;sem vítima;80,6;BR-050/MG;Sul;Colisão Lateral;1;;1;;;;;;;;3;;;;
27/05/2019;14:33:00;132;sem vítima;279;BR-050/GO;Norte;Engavetamento;1;;;;;1;;;;1;4;;;;
27/05/2019;20:20:34;179;com vítima;178;BR-050/MG;Norte;Queda de Moto;;;;1;;;;;;;0;2;;;
28/05/2019;06:56:23;28;com vítima;280,5;BR-050/GO;Sul;Colisão Transversal;1;;;1;;;;;;;2;1;;;
28/05/2019;09:47:24;54;com vítima;20,71;BR-050/MG;Norte;Choque - Elemento de Drenagem;1;;;;;;;;;;0;1;;;
28/05/2019;15:42:03;132;sem vítima;186,5;BR-050/MG;Sul;Capotamento;1;;;;;;;;;;1;;;;
28/05/2019;21:14:46;182;com vítima;284;BR-050/GO;Sul;Colisão Transversal;;;1;1;;;;;;;1;;1;;
29/05/2019;04:58:04;19;sem vítima;180,7;BR-050/GO;Norte;Choque - Talude;;;;;;;;;;1;1;;;;
30/05/2019;05:48:00;14;com vítima;235,3;BR-050/GO;Sul;Choque - Talude;1;;;;;;;;;;0;1;;;
30/05/2019;07:45:21;26;com vítima;285;BR-050/GO;Sul;Colisão Traseira;;1;;1;;;;;;;1;1;;;
30/05/2019;15:30:47;117;com vítima;47,83;BR-050/MG;Norte;Queda de Moto;;;;1;;;;;;;0;;1;;
30/05/2019;17:25:20;142;sem vítima;110,64;BR-050/MG;Sul;Tombamento;1;;;;;;;;;;1;;;;
31/05/2019;07:04:28;29;sem vítima;121,6;BR-050/MG;Norte;Capotamento;;;1;;;;;;;;1;;;;
31/05/2019;17:55:11;147;com vítima;51,8;BR-050/MG;Sul;Colisão Lateral;1;;;1;;;;;;;2;;1;;
01/06/2019;06:49:41;23;com vítima;280,55;BR-050/GO;Sul;Colisão Transversal;1;;;;;1;;;;;2;;1;;
01/06/2019;15:15:40;106;com vítima;208,6;BR-050/GO;Norte;Choque - Elemento de Drenagem;1;;;;;;;;;;0;1;;;
01/06/2019;19:41:48;149;com vítima;280;BR-050/GO;Sul;Colisão Transversal;1;;;1;;;;;;;1;;2;;
01/06/2019;22:41:09;163;sem vítima;273,3;BR-050/GO;Sul;Choque - Suporte de Sinalização;1;;;;;;;;;;2;;;;
01/06/2019;22:47:55;164;com vítima;101,34;BR-050/MG;Norte;Capotamento;;;;;;;;;;1;0;;;;1
02/06/2019;01:14:31;11;com vítima;18,95;Contorno;Norte;Choque - Defensa, barreira ou meio fio;1;;;;;;;;;;0;1;;;
02/06/2019;20:49:14;135;com vítima;89,6;BR-050/MG;Sul;Queda de Moto;;;;1;;;;;;;0;1;;;
02/06/2019;22:45:57;145;sem vítima;86,3;BR-050/MG;Norte;Choque - Obstáculo Fixo;1;;;;;;;;;;1;;;;
03/06/2019;07:57:27;44;com vítima;96,1;BR-050/GO;Sul;Colisão Lateral;2;;;;;;;;;;6;2;;;
03/06/2019;07:59:25;46;com vítima;199,7;BR-050/MG;Sul;Colisão Transversal;1;;;;;;;;;1;2;3;;;
03/06/2019;12:13:39;96;com vítima;0,8;Contorno;Sul;Tombamento;;;1;;;1;;;;;1;1;;;
04/06/2019;10:33:00;65;sem vítima;305;BR-050/GO;Sul;Colisão Lateral;;;2;;;;;;;;2;;;;
04/06/2019;14:02:01;92;sem vítima;60;BR-050/MG;Sul;Colisão Lateral;;;1;;;;;;;1;2;;;;
04/06/2019;19:36:20;151;com vítima;119,1;BR-050/MG;Norte;Colisão Lateral;1;;1;;;;;;;;1;1;;;
04/06/2019;20:52:41;161;com vítima;99,06;BR-050/GO;Norte;Colisão Frontal;1;;1;;;;;;;;2;;2;;
04/06/2019;23:49:56;179;sem vítima;97;BR-050/GO;Norte;Atropelamento de Animal;1;;;;;;;;;;1;;;;
05/06/2019;15:11:28;127;com vítima;257,85;BR-050/GO;Sul;Capotamento;1;;;;;;;;;;1;1;;;
05/06/2019;17:25:52;147;com vítima;174;BR-050/MG;Norte;Queda de Moto;;;;1;;;;;;;0;1;;;
06/06/2019;05:15:48;24;sem vítima;167,3;BR-050/GO;Norte;Saida de Pista;1;;;;;;;;;;4;;;;
06/06/2019;08:00:24;42;sem vítima;119,2;BR-050/MG;Norte;Objeto lançado contra veículo;1;;;;;1;;;;1;7;;;;
06/06/2019;08:54:00;49;sem vítima;58,2;BR-050/MG;Norte;Queda de Moto;;;;1;;;;;;;2;;;;
06/06/2019;11:12:51;73;sem vítima;4,94;Contorno;Norte;Choque - Veiculo parado no acostamento;1;;1;;;;;;;;2;;;;
06/06/2019;17:15:15;135;com vítima;167,3;BR-050/MG;Norte;Capotamento;1;;;;;;;;;;0;1;;;
07/06/2019;08:57:17;56;com vítima;274;BR-050/GO;Sul;Colisão Lateral;;;;1;;;;;;1;2;;1;;
07/06/2019;19:33:14;165;sem vítima;147,5;BR-050/GO;Norte;Choque - Elemento de Drenagem;1;;;;;;;;;;2;;;;
08/06/2019;04:04:06;13;sem vítima;37,3;BR-050/MG;Sul;Choque - Elemento de Drenagem;1;;;;;;;;;;1;;;;
08/06/2019;10:00:57;51;com vítima;81;BR-050/MG;Norte;Queda de Moto;;;;1;;;;;;;0;;1;;
08/06/2019;12:41:47;74;sem vítima;158,64;BR-050/MG;Norte;Capotamento;1;;;;;;;;;;2;;;;
09/06/2019;18:30:17;115;com vítima;16;Contorno;Sul;Queda de Moto;;;;1;;;;;;;1;1;;;
10/06/2019;14:16:15;104;sem vítima;15;Contorno;Sul;Tombamento;;;1;;;;;;;;1;;;;
10/06/2019;15:11:56;116;com vítima;157,8;BR-050/MG;Sul;Tombamento;;;;;;1;;;;;0;1;;;
10/06/2019;19:21:41;156;com vítima;77,3;BR-050/MG;Sul;Atropelamento - Pedestre;1;;;;;1;;;;;2;;1;;
10/06/2019;20:01:20;164;sem vítima;77,4;BR-050/MG;Sul;Colisão Lateral;1;;;;;1;;;;;3;;;;
10/06/2019;23:19:11;190;com vítima;151,321;BR-050/MG;Sul;Colisão Traseira;;;1;;;;;;;1;2;1;;;
11/06/2019;07:05:33;19;com vítima;125,12;BR-050/MG;Norte;Capotamento;1;;;;;;;;;;0;4;;;
12/06/2019;07:29:48;33;com vítima;115,92;BR-050/GO;Norte;Colisão Lateral;;;1;1;;;;;;;1;1;;;
13/06/2019;07:22:00;33;com vítima;35,5;BR-050/MG;Norte;Choque - Veiculo parado na pista;1;;1;;;;;;;;1;1;1;1;
13/06/2019;19:05:46;160;sem vítima;37;BR-050/MG;Sul;Queda de Moto;;;;1;;;;;;;2;;;;
13/06/2019;20:10:22;166;sem vítima;60,95;BR-050/MG;Norte;Choque - Elemento de Drenagem;;;;;;;;;;1;1;;;;
13/06/2019;22:37:02;180;sem vítima;178;BR-050/MG;Norte;Choque - Defensa, barreira ou meio fio;1;;;;;;;;;;2;;;;
14/06/2019;02:16:03;17;sem vítima;178;BR-050/MG;Norte;Choque - Defensa, barreira ou meio fio;1;;;;;;;;;;3;;;;
14/06/2019;15:09:31;146;com vítima;171,85;BR-050/MG;Norte;Queda de Moto;;;;1;;;;;;;1;1;;;
14/06/2019;19:24:29;204;com vítima;43,1;BR-050/MG;Norte;Colisão Traseira;1;;1;;;;;;;;1;;1;;
15/06/2019;03:09:16;18;com vítima;204,7;BR-050/MG;Sul;Capotamento;1;;;;;;;;;;0;2;;;
15/06/2019;07:13:57;36;com vítima;174,3;BR-050/MG;Norte;Colisão Traseira;;;;1;;1;;;;;1;;1;;
15/06/2019;17:05:06;135;sem vítima;161;BR-050/GO;Norte;Choque - Defensa, barreira ou meio fio;1;;;;;;;;;;1;;;;
15/06/2019;18:33:11;146;com vítima;126,6;BR-050/MG;Norte;Queda de Moto;;;;1;;;;;;;0;;1;;
15/06/2019;18:57:46;154;sem vítima;77,3;BR-050/MG;Sul;Choque - Defensa, barreira ou meio fio;1;;;;;;;;;;1;;;;
16/06/2019;04:30:45;13;com vítima;271;BR-050/GO;Sul;Capotamento;1;;;;;;;;;;3;;2;;
16/06/2019;10:46:46;48;sem vítima;85,7;BR-050/MG;Sul;Queda de Moto;;;;1;;;;;;;1;;;;
16/06/2019;14:40:09;84;com vítima;190,8;BR-050/MG;Norte;Colisão Traseira;1;;;;;;;;;1;2;;1;;
16/06/2019;19:55:35;157;sem vítima;175,8;BR-050/MG;Sul;Choque - Defensa, barreira ou meio fio;;;1;;;;;;;;1;;;;
17/06/2019;06:25:51;20;com vítima;108,4;BR-050/MG;Sul;Capotamento;1;;;;;;;;;;0;1;;;
17/06/2019;08:08:00;43;com vítima;280;BR-050/GO;Sul;Colisão Transversal;;;;1;;;;;;1;2;1;;;
18/06/2019;05:57:12;13;sem vítima;157,2;BR-050/MG;Norte;Tombamento;;;1;;;;;;;;2;;;;
19/06/2019;07:07:59;42;com vítima;245,75;BR-050/GO;Norte;Choque - Defensa, barreira ou meio fio;1;;;;;;;;;;2;;1;;
20/06/2019;07:43:00;45;sem vítima;101;BR-050/GO;Sul;Saida de Pista;1;;;;;;;;;;4;;;;
20/06/2019;17:16:00;173;sem vítima;28,07;BR-050/MG;Sul;Colisão Lateral;;;;;;1;;;;1;6;;;;
20/06/2019;19:56:24;207;sem vítima;177,3;BR-050/MG;Norte;Choque - Elemento de Drenagem;1;;;;;;;;;;1;;;;
21/06/2019;02:52:32;14;sem vítima;153,788;BR-050/MG;Sul;Saida de Pista;;;;;;;;;;1;3;;;;
21/06/2019;18:27:00;149;com vítima;285,9;BR-050/GO;Sul;Colisão Traseira;1;;;;;;;;;1;4;1;;;
22/06/2019;21:23:10;167;sem vítima;93,7;BR-050/MG;Norte;Colisão Traseira;;;2;;;;;;;;2;;;;
23/06/2019;02:01:20;11;sem vítima;109,6;BR-050/GO;Norte;Choque - Elemento de Drenagem;1;;;;;;;;;;1;;;;
23/06/2019;10:12:34;45;com vítima;163,2;BR-050/GO;Norte;Capotamento;2;;;;;;;;;;4;2;;;
23/06/2019;15:04:31;94;com vítima;123,7;BR-050/MG;Norte;Capotamento;;;;;;;;;;1;0;2;;;
23/06/2019;15:19:20;98;sem vítima;169,97;BR-050/MG;Norte;Colisão Traseira;1;;;;1;;;;;;2;;;;
23/06/2019;18:26:14;131;com vítima;27;BR-050/MG;Sul;Colisão Traseira;1;;2;;;;;;;;4;2;;;
23/06/2019;18:52:07;136;com vítima;27;BR-050/MG;Sul;Queda de Moto;;;;1;;;;;;;0;1;;;
23/06/2019;19:07:14;139;sem vítima;27,3;BR-050/MG;Sul;Choque - Defensa, barreira ou meio fio;1;;;;;;;;;;5;;;;
24/06/2019;03:33:22;23;sem vítima;264,1;BR-050/GO;Norte;Saida de Pista;;;1;;;;;;;;1;;;;
24/06/2019;07:08:04;38;sem vítima;189,65;BR-050/MG;Norte;Colisão Traseira;1;;;;;1;;;;;3;;;;
24/06/2019;17:27:59;147;com vítima;285,05;BR-050/GO;Norte;Capotamento;;;;;;;;;;1;0;1;;;
25/06/2019;11:39:20;84;com vítima;174,4;BR-050/GO;Norte;Capotamento;1;;;;;;;;;;0;;1;;
25/06/2019;15:18:26;116;sem vítima;148,019;BR-050/MG;Sul;Choque - Suporte de Sinalização;1;;;;;;;;;;2;;;;
25/06/2019;17:56:47;143;sem vítima;178,4;BR-050/MG;Norte;Choque - Defensa, barreira ou meio fio;1;;;;;;;;;;1;;;;
26/06/2019;10:35:09;78;sem vítima;223,08;BR-050/GO;Sul;Saida de Pista;1;;;;;;;;;;1;;;;
27/06/2019;09:14:17;49;sem vítima;284,9;BR-050/GO;Sul;Tombamento;;;;;1;;;;;;2;;;;
27/06/2019;09:17:51;50;com vítima;19,96;Contorno;Sul;Colisão Lateral;1;;;;;;;;;1;4;1;2;;
27/06/2019;15:16:02;106;sem vítima;180,2;BR-050/MG;Sul;Tombamento;;;1;;;;;;;;1;;;;
27/06/2019;15:51:51;112;sem vítima;79,379;BR-050/MG;Sul;Saida de Pista;1;;;;;;;;;;1;;;;
28/06/2019;08:49:30;41;com vítima;180;BR-050/MG;Norte;Colisão Traseira;;;1;1;;;;;;;1;1;;;
28/06/2019;10:52:00;65;sem vítima;258,4;BR-050/GO;Sul;Colisão Lateral;1;;1;;;;;;;;6;;;;
28/06/2019;11:44:44;77;sem vítima;266;BR-050/GO;Sul;Choque - Talude;1;;;;;;;;;;1;;;;
28/06/2019;20:30:53;162;com vítima;120,4;BR-050/MG;Norte;Saida de Pista;1;;;;;;;;;;0;1;;;
29/06/2019;04:45:39;16;com vítima;77,4;BR-050/MG;Norte;Queda de Moto;;;;1;;;;;;;0;;;1;
29/06/2019;05:25:44;18;sem vítima;86;BR-050/MG;Norte;Choque - Arvore;1;;;;;;;;;;1;;;;
29/06/2019;09:11:44;43;sem vítima;286,7;BR-050/GO;Norte;Colisão Traseira;2;;;;;;;;;;6;;;;
29/06/2019;09:30:37;46;com vítima;17,9;Contorno;Norte;Choque - Veiculo parado no acostamento;1;1;;;;;;;;;1;1;;;
29/06/2019;12:33:29;71;sem vítima;313,4;BR-050/GO;Sul;Colisão Transversal;1;;1;;;;;;;;5;;;;
30/06/2019;05:26:33;22;com vítima;279,95;BR-050/GO;Norte;Colisão Frontal;1;;;1;1;;;;;;2;;;;1
30/06/2019;14:18:14;96;com vítima;96,05;BR-050/GO;Norte;Atropelamento - Ciclista;1;1;;;;;;;;;1;;1;;
30/06/2019;15:47:07;112;com vítima;174,2;BR-050/MG;Sul;Choque - Suporte de Sinalização;1;;;;;;;;;;2;1;;;
30/06/2019;16:27:59;123;sem vítima;148,2;BR-050/MG;Sul;Saida de Pista;1;;;;;;;;;;1;;;;
02/09/2019;22:52:38;181;sem vítima;123,8;BR-050/MG;Norte;Choque - Elemento de Drenagem;1;;;;;;;;;;2;;;;
05/09/2019;06:27:22;25;com vítima;184,34;BR-050/GO;Sul;Capotamento;1;;;;;;;;;;0;;;1;
05/09/2019;14:08:16;107;sem vítima;283;BR-050/GO;Norte;Colisão Transversal;;;1;;;;;;;1;2;;;;