data;horario;n_da_ocorrencia;tipo_de_ocorrencia;km;trecho;sentido;tipo_de_acidente;automovel;bicicleta;caminhao;moto;onibus;outros;tracao_animal;transporte_de_cargas_especiais;trator_maquinas;utilitarios;ilesos;levemente_feridos;moderadamente_feridos;gravemente_feridos;mortos
28/01/2020;21:04:37;186;sem vítima;95,7;BR-050/GO;Sul;Choque - Defensa, barreira ou meio fio;1;;;;;;;;;;1;;;;
29/01/2020;02:07:27;14;sem vítima;295;BR-050/GO;Norte;Saida de Pista;;;;;;;;;;1;2;;;;
29/01/2020;12:46:21;104;com vítima;140,2;BR-050/MG;Sul;Capotamento;1;;;;;;;;;;0;4;;;
29/01/2020;13:53:48;117;com vítima;140;BR-050/MG;Sul;Saida de Pista;;;1;;;;;;;;0;1;;;
29/01/2020;15:09:00;140;sem vítima;63;BR-050/MG;Sul;Saida de Pista;1;;;;;;;;;;1;;;;
29/01/2020;15:38:16;147;sem vítima;110,7;BR-050/MG;Norte;Choque - Defensa, barreira ou meio fio;1;;;;;;;;;;1;;;;
29/01/2020;20:12:25;206;com vítima;89,2;BR-050/MG;Norte;Colisão Traseira;1;;;1;;;;;;;1;1;;;
29/01/2020;20:33:34;208;com vítima;97,2;BR-050/GO;Sul;Colisão Traseira;1;;;1;;;;;;;3;;2;;
30/01/2020;06:52:28;23;sem vítima;271,42;BR-050/GO;Sul;Choque - Elemento de Drenagem;1;;;;;;;;;;6;;;;
30/01/2020;16:33:31;165;sem vítima;57,23;BR-050/MG;Norte;Choque - Elemento de Drenagem;;;1;;;;;;;;2;;;;
30/01/2020;23:34:52;217;sem vítima;307;BR-050/GO;Norte;Colisão Lateral;;;3;;;;;;;;2;;;;
31/01/2020;04:11:34;19;com vítima;306,1;BR-050/GO;Sul;Tombamento;;;1;;;;;;;;0;;;;1
31/01/2020;09:38:32;57;com vítima;29,08;BR-050/MG;Sul;Choque - Elemento de Drenagem;;;;1;;;;;;;0;1;;;
31/01/2020;14:19:05;113;sem vítima;79,5;BR-050/MG;Sul;Choque - Elemento de Drenagem;1;;;;;;;;;;2;;;;
31/01/2020;17:43:41;159;com vítima;178,7;BR-050/MG;Norte;Queda de Moto;;;;1;;;;;;;0;1;;;
01/02/2020;17:02:23;166;sem vítima;203,4;BR-050/MG;Sul;Saida de Pista;1;;;;;;;;;;2;;;;
01/02/2020;17:05:16;167;sem vítima;181,5;BR-050/MG;Sul;Choque - Defensa, barreira ou meio fio;1;;;;;;;;;;1;;;;
02/02/2020;16:39:25;108;com vítima;204,23;BR-050/MG;Norte;Saida de Pista;1;;;;;;;;;;0;2;1;;
02/02/2020;16:54:03;117;sem vítima;117,35;BR-050/MG;Sul;Saida de Pista;;;;;;;;;;1;2;;;;
03/02/2020;06:43:13;20;com vítima;7,8;Contorno;Norte;Saida de Pista;1;;;;;;;;;;0;1;;;
03/02/2020;08:27:22;32;com vítima;56,75;BR-050/MG;Sul;Colisão lateral no mesmo sentido;;;;;;1;;;;1;0;2;;;
03/02/2020;16:47:51;135;com vítima;177,8;BR-050/MG;Sul;Saida de Pista;1;;;;;;;;;;0;1;;;
04/02/2020;20:53:18;170;com vítima;82,7;BR-050/MG;Norte;Colisão Traseira;;;1;;;1;;;;;0;;1;;
04/02/2020;22:54:13;184;sem vítima;263,1;BR-050/GO;Sul;Saida de Pista;1;;;;;;;;;1;1;;;;
04/02/2020;23:18:12;187;sem vítima;62,8;BR-050/MG;Norte;Capotamento;1;;;;;;;;;;0;;;;
05/02/2020;08:53:02;52;sem vítima;282,8;BR-050/GO;Sul;Colisão Transversal;2;;;;;;;;;;4;;;;
05/02/2020;09:06:35;55;sem vítima;272,4;BR-050/GO;Norte;Saida de Pista;1;;;;;;;;;;2;;;;
05/02/2020;16:21:54;136;com vítima;29,15;BR-050/MG;Norte;Saida de Pista;;;1;;;;;;;;0;1;;;
05/02/2020;20:48:50;182;com vítima;80;BR-050/MG;Norte;Atropelamento de Animal;1;;;;;;;;;;0;2;;;
06/02/2020;05:24:59;20;com vítima;196;BR-050/GO;Norte;Queda de Moto;;;;1;;;;;;;0;2;;;
06/02/2020;14:04:27;99;com vítima;97,8;BR-050/GO;Sul;Colisão Lateral;2;;;;;;;;;;3;1;;;
06/02/2020;16:29:33;131;sem vítima;16,82;BR-050/MG;Sul;Saida de Pista;;;1;;;;;;;;2;;;;
07/02/2020;09:23:06;60;sem vítima;17;BR-050/MG;Norte;Saida de Pista;;;;;;;;;;1;1;;;;
07/02/2020;09:33:49;62;com vítima;50,6;BR-050/MG;Norte;Choque - Elemento de Drenagem;1;;;;;;;;;;0;4;;;
07/02/2020;16:01:21;142;com vítima;129,98;BR-050/MG;Norte;Colisão Traseira;2;;;;;;;;;;2;1;;;
07/02/2020;17:29:04;159;com vítima;192,6;BR-050/MG;Norte;Choque - Defensa, barreira ou meio fio;1;;1;;;;;;;;1;1;;;
07/02/2020;20:40:30;190;com vítima;78,7;BR-050/MG;Sul;Colisão Traseira;2;;;1;;;;;;1;4;1;;1;1
07/02/2020;23:40:46;209;sem vítima;64,8;BR-050/MG;Sul;Atropelamento de Animal;;;1;;;;;;;;2;;;;
08/02/2020;00:58:32;10;sem vítima;84;BR-050/MG;Norte;Colisão Traseira;1;;;;;1;;;;;1;;;;
08/02/2020;10:55:27;77;sem vítima;119;BR-050/GO;Sul;Choque - Elemento de Drenagem;1;;;;;;;;;;1;;;;
09/02/2020;01:31:25;8;sem vítima;61,5;BR-050/MG;Sul;Choque - Elemento de Drenagem;;;1;;;;;;;;1;;;;
09/02/2020;01:47:59;9;sem vítima;256,45;BR-050/GO;Sul;Choque - Arvore;;;1;;;;;;;1;1;;;;
09/02/2020;04:16:42;16;com vítima;119;BR-050/GO;Norte;Choque - Elemento de Drenagem;;;;1;;;;;;;0;1;;;
09/02/2020;04:56:19;17;sem vítima;109;BR-050/GO;Norte;Saida de Pista;1;;;;;;;;;;4;;;;
09/02/2020;14:03:50;85;sem vítima;58,85;BR-050/MG;Norte;Choque - Sinalização;1;;;;;;;;;;1;;;;
09/02/2020;16:58:29;114;com vítima;11,2;Contorno;Norte;Colisão Traseira;1;;;;;1;;;;1;1;1;;;
09/02/2020;17:45:47;124;sem vítima;25,62;BR-050/MG;Norte;Queda de barreira, ribanceira, ponte ou viaduto;1;;;;;;;;;;1;;;;
09/02/2020;22:35:16;172;com vítima;179,1;BR-050/MG;Norte;Queda de Moto;;;;1;;;;;;;0;1;;;
10/02/2020;06:17:01;21;sem vítima;93,5;BR-050/MG;Sul;Choque - Arvore;1;;;;;;;;;;1;;;;
10/02/2020;19:49:56;170;com vítima;132,8;BR-050/MG;Sul;Colisão Traseira;;;1;;;;;;;1;1;1;;;
11/02/2020;06:31:13;27;sem vítima;120,85;BR-050/MG;Norte;Saida de Pista;;;;;;;;;;1;2;;;;
11/02/2020;09:11:51;57;sem vítima;205;BR-050/MG;Sul;Colisão Traseira;;;2;;;;;;;;2;;;;
12/02/2020;06:40:09;10;com vítima;105;BR-050/GO;Norte;Capotamento;1;;;;;;;;;;1;1;;;
12/02/2020;06:59:01;12;sem vítima;280,65;BR-050/GO;Sul;Colisão Transversal;2;;;;;;;;;;2;;;;
12/02/2020;10:09:33;54;com vítima;15;Contorno;Sul;Queda de Moto;;;;1;;;;;;;1;;1;;
12/02/2020;16:24:48;110;com vítima;180;BR-050/MG;Sul;Colisão Transversal;1;;;1;;;;;;;1;1;;;
13/02/2020;04:15:42;12;com vítima;7,5;BR-050/MG;Sul;Atropelamento de Animal;;;;;;;;;;1;0;1;;;
13/02/2020;07:45:01;27;com vítima;273;BR-050/GO;Norte;Tombamento;;;1;;;;;;;;0;1;;;
13/02/2020;12:55:57;80;com vítima;51,475;BR-050/MG;Sul;Colisão Traseira;1;;1;;;;;;;;0;3;;;
13/02/2020;14:23:03;89;sem vítima;20,01;Contorno;Sul;Colisão lateral no mesmo sentido;1;;1;;;;;;;;2;;;;
14/02/2020;08:44:34;46;sem vítima;179,95;BR-050/MG;Sul;Engavetamento;;;1;;;1;;;;1;3;;;;
14/02/2020;09:34:45;53;sem vítima;54,2;BR-050/MG;Norte;Tombamento;;;1;;;;;;;;2;;;;
14/02/2020;09:41:54;54;sem vítima;56;BR-050/MG;Norte;Colisão Traseira;1;;1;;;;;;;;3;;;;
14/02/2020;13:38:22;118;sem vítima;0;BR-050/MG;Sul;Choque - Elemento de Drenagem;;;1;;;;;;;;1;;;;
14/02/2020;15:13:38;137;sem vítima;4;BR-050/MG;Sul;Saida de Pista;1;;;;;;;;;;2;;;;
14/02/2020;17:42:43;175;com vítima;277,1;BR-050/GO;Norte;Colisão Traseira;1;;;1;;;;;;;1;;1;;
14/02/2020;17:50:46;177;sem vítima;178,88;BR-050/GO;Norte;Saida de Pista;;;;;;;;;;1;1;;;;
15/02/2020;02:35:32;10;sem vítima;122,6;BR-050/MG;Norte;Tombamento;;;1;;;;;;;;1;;;;
15/02/2020;12:14:36;86;com vítima;108;BR-050/MG;Norte;Choque - Defensa, barreira ou meio fio;1;;;;;;;;;;0;3;1;;
15/02/2020;22:22:00;179;com vítima;117,45;BR-050/GO;Norte;Tombamento;;;1;;;;;;;;0;1;;;
17/02/2020;08:24:51;33;com vítima;97,7;BR-050/GO;Norte;Colisão Lateral;1;;;;;;;;;1;3;1;;;
17/02/2020;13:44:22;99;sem vítima;299,36;BR-050/GO;Sul;Saida de Pista;;;;;;;;;;1;1;;;;
17/02/2020;13:58:23;100;com vítima;93,7;BR-050/MG;Sul;Queda de Moto;;;;1;;;;;;;0;1;;;
17/02/2020;15:06:09;113;com vítima;50,75;BR-050/MG;Sul;Choque - Defensa, barreira ou meio fio;;;1;;;;;;;;0;2;;;
17/02/2020;20:52:31;189;com vítima;114,2;BR-050/MG;Norte;Choque - Talude;;;;;;;;;;1;0;1;;;
18/02/2020;07:08:23;30;sem vítima;260;BR-050/GO;Norte;Choque - Defensa, barreira ou meio fio;1;;;;;;;;;;4;;;;
18/02/2020;22:53:07;183;com vítima;92,9;BR-050/MG;Norte;Capotamento;1;;;;;;;;;;0;1;;;
19/02/2020;18:22:59;139;com vítima;280;BR-050/GO;Sul;Colisão Traseira;1;;;1;;;;;;;1;;1;;
19/02/2020;18:29:45;142;sem vítima;80;BR-050/MG;Sul;Colisão Lateral;1;;1;;;;;;;;3;;;;
20/02/2020;09:17:14;51;com vítima;147;BR-050/MG;Sul;Tombamento;;;;;;;;;1;;0;1;;;
20/02/2020;10:23:18;68;sem vítima;180;BR-050/MG;Sul;Colisão Traseira;1;;1;;;;;;;;2;;;;
20/02/2020;11:55:14;90;sem vítima;107,9;BR-050/MG;Sul;Saida de Pista;1;;1;;;;;;;;1;;;;
21/02/2020;00:07:30;1;sem vítima;135,9;BR-050/MG;Norte;Choque - Obstáculo Fixo;;;1;;;;;;;;1;;;;
21/02/2020;00:16:36;2;com vítima;53;BR-050/MG;Sul;Capotamento;1;;;;;;;;;;0;1;;;
21/02/2020;01:02:44;9;sem vítima;182,5;BR-050/MG;Norte;Colisão Lateral;1;;;1;;;;;;;1;;;;
21/02/2020;10:10:19;86;com vítima;185,7;BR-050/MG;Sul;Queda de Moto;;;;1;;;;;;;0;2;;;
21/02/2020;19:13:32;187;sem vítima;154;BR-050/GO;Sul;Tombamento;;;1;;;;;;;;1;;;;
22/02/2020;02:34:01;13;sem vítima;146;BR-050/MG;Sul;Atropelamento de Animal;;;1;;;;;;;;1;;;;
22/02/2020;16:13:54;138;sem vítima;62;BR-050/MG;Norte;Saida de Pista;1;;;;;;;;;;1;;;;
22/02/2020;17:27:53;153;sem vítima;112;BR-050/GO;Norte;Saida de Pista;1;;;;;;;;;;2;;;;
23/02/2020;21:26:10;145;sem vítima;3,75;BR-050/MG;Sul;Choque - Outros;;;;;;;;;;1;2;;;;
24/02/2020;15:17:07;90;com vítima;182,6;BR-050/MG;Norte;Choque - Defensa, barreira ou meio fio;1;;;;;;;;;;3;1;;;
24/02/2020;16:00:34;100;sem vítima;191,52;BR-050/GO;Sul;Capotamento;1;;;;;;;;;;1;;;;
24/02/2020;16:56:10;110;sem vítima;238,72;BR-050/GO;Norte;Choque - Obstáculo Fixo;1;;;;;;;;;;1;;;;
24/02/2020;19:00:34;127;com vítima;52,8;BR-050/MG;Norte;Choque - Elemento de Drenagem;;;;;;;;;;1;0;1;;;
24/02/2020;21:30:20;144;com vítima;98,1;BR-050/GO;Norte;Colisão lateral no sentido contrário;1;;;1;;;;;;;1;1;;;
25/02/2020;06:07:47;16;sem vítima;179,9;BR-050/GO;Norte;Atropelamento de Animal;1;;;;;;;;;;2;;;;
25/02/2020;08:26:22;36;com vítima;62,7;BR-050/MG;Sul;Choque - Defensa, barreira ou meio fio;1;;1;;;;;;;;1;1;;;
25/02/2020;13:21:24;83;sem vítima;7,3;BR-050/MG;Norte;Saida de Pista;;;;;;;;;;1;1;;;;
25/02/2020;21:22:40;172;com vítima;39,5;BR-050/MG;Sul;Colisão Lateral;2;;;;;;;;;;0;1;1;;
26/02/2020;11:37:36;66;com vítima;153;BR-050/MG;Sul;Capotamento;1;;;;;;;;;;0;;1;;
26/02/2020;12:48:56;79;com vítima;186;BR-050/MG;Norte;Colisão Traseira;1;;1;;;;;;;;2;1;1;;
26/02/2020;21:07:41;173;sem vítima;41,19;BR-050/MG;Norte;Choque - Elemento de Drenagem;;;;;;;;;;1;1;;;;
27/02/2020;06:56:17;32;com vítima;83,9;BR-050/MG;Norte;Saida de Pista;;;1;;;;;;;;0;1;;;
27/02/2020;07:53:11;43;sem vítima;289,7;BR-050/GO;Norte;Choque - Defensa, barreira ou meio fio;1;;;;;;;;;;5;;;;
27/02/2020;08:57:05;51;sem vítima;40,58;BR-050/MG;Sul;Choque - Defensa, barreira ou meio fio;;;1;;;;;;;;1;;;;
27/02/2020;16:50:52;150;sem vítima;206,9;BR-050/MG;Norte;Colisão Traseira;1;;1;;;;;;;;5;;;;
27/02/2020;21:46:17;195;sem vítima;271,05;BR-050/GO;Sul;Atropelamento de Animal;;;1;;;;;;;;1;;;;
28/02/2020;10:42:38;65;sem vítima;41,25;BR-050/MG;Sul;Choque - Defensa, barreira ou meio fio;;;1;;;;;;;;3;;;;
28/02/2020;17:00:25;148;com vítima;99,1;BR-050/GO;Norte;Colisão Lateral;;;;1;;;;;;1;1;1;;;
28/02/2020;17:13:21;149;sem vítima;105;BR-050/MG;Norte;Colisão Traseira;;;1;;;;;;;1;4;;;;
29/02/2020;01:44:03;7;sem vítima;273;BR-050/GO;Sul;Choque - Elemento de Drenagem;1;;;;;;;;;;2;;;;
29/02/2020;14:55:13;127;sem vítima;204;BR-050/MG;Sul;Saida de Pista;1;;;;;;;;;;3;;;;
01/04/2020;11:57:11;66;com vítima;259;BR-050/GO;Sul;Capotamento;1;;;;;;;;;;2;1;1;;
01/04/2020;23:55:44;140;sem vítima;8,3;BR-050/MG;Sul;Choque - Arvore;;;1;;;;;;;;1;;;;
02/04/2020;20:50:13;148;sem vítima;78,8;BR-050/MG;Sul;Saida de Pista;1;;;;;;;;;;1;;;;
02/04/2020;21:20:25;151;sem vítima;86,7;BR-050/MG;Sul;Saida de Pista;;;1;;;;;;;;1;;;;
02/04/2020;22:19:14;157;com vítima;15;Contorno;Sul;Choque - Defensa metálica;;;;1;;;;;;;0;;2;;
03/04/2020;06:33:55;11;com vítima;80,3;BR-050/MG;Sul;Colisão Traseira;;;;2;;;;;;;0;2;;;
03/04/2020;14:53:16;73;sem vítima;28,3;BR-050/MG;Norte;Choque - Elemento de Drenagem;1;;;;;;;;;;3;;;;
03/04/2020;15:30:07;79;sem vítima;11,4;BR-050/MG;Norte;Choque - Elemento de Drenagem;;;;;;;;;;1;0;;;;
03/04/2020;21:57:56;128;com vítima;55,1;BR-050/MG;Norte;Atropelamento - Andarilho;1;;;;;;;;;;1;;;;1
04/04/2020;17:32:44;107;sem vítima;282,5;BR-050/GO;Sul;Colisão Traseira;2;;;;;;;;;;2;;;;
06/04/2020;18:06:30;180;sem vítima;248,97;BR-050/GO;Norte;Choque - Obstáculo Fixo;;;;;;;;;;1;1;;;;
07/04/2020;12:47:05;61;sem vítima;20,75;Contorno;Sul;Choque - Defensa, barreira ou meio fio;1;;;;;;;;;;2;;;;
08/04/2020;11:45:25;65;sem vítima;281;BR-050/GO;Sul;Colisão Transversal;1;;1;;;;;;;;2;;;;
08/04/2020;20:00:47;126;com vítima;0,2;BR-050/MG;Sul;Atropelamento - Sem Informação;;;2;;;;;;;;1;;;1;
08/04/2020;20:23:00;131;sem vítima;272,3;BR-050/GO;Sul;Atropelamento de Animal;;;1;;;;;;;;1;;;;
09/04/2020;08:59:22;37;com vítima;96;BR-050/GO;Sul;Colisão Transversal;2;;;;;;;;;;1;1;;;
09/04/2020;16:09:16;123;com vítima;176,6;BR-050/MG;Norte;Colisão Traseira;;;1;;;;;;;;0;;1;;
10/04/2020;02:08:02;5;com vítima;13,3;Contorno;Sul;Choque - Barranco;1;;;;;;;;;;1;1;;;
10/04/2020;08:09:39;23;com vítima;180,2;BR-050/MG;Sul;Choque - Talude;1;;;;;;;;;;0;1;;;
11/04/2020;01:13:35;2;sem vítima;172;BR-050/MG;Sul;Saida de Pista;1;;;;;;;;;;1;;;;
11/04/2020;05:11:23;8;com vítima;118,6;BR-050/MG;Sul;Tombamento;;;1;;;;;;;;0;1;2;;
11/04/2020;19:49:23;108;com vítima;268;BR-050/GO;Sul;Colisão Traseira;;;;2;;;;;;;0;2;;;
12/04/2020;16:20:38;63;com vítima;62,54;BR-050/MG;Sul;Choque - Elemento de Drenagem;1;;;;;;;;;;0;1;;;
12/04/2020;17:40:42;71;sem vítima;119,76;BR-050/GO;Norte;Saida de Pista;1;;;;;;;;;;2;;;;
13/04/2020;13:08:26;80;com vítima;192;BR-050/MG;Norte;Choque - Defensa metálica;1;;;;;;;;;;0;1;;;
13/04/2020;13:42:56;84;com vítima;206,5;BR-050/MG;Norte;Choque - New jersey;;;1;;;;;;;;0;1;;;
13/04/2020;15:47:00;113;com vítima;162,84;BR-050/MG;Sul;Capotamento;1;;;;;;;;;;0;;;;1
14/04/2020;12:06:17;65;com vítima;168,24;BR-050/GO;Sul;Capotamento;1;;;;;;;;;;0;;;;1
14/04/2020;13:28:11;76;sem vítima;55,55;BR-050/MG;Sul;Choque - New jersey;;;;;;;;;;1;2;;;;
14/04/2020;15:14:18;88;sem vítima;260,2;BR-050/GO;Norte;Saida de Pista;1;;;;;;;;;;3;;;;
14/04/2020;17:47:51;110;sem vítima;106;BR-050/MG;Sul;Capotamento;;;;;;;;;;1;1;;;;
15/04/2020;12:06:25;63;sem vítima;54,84;BR-050/MG;Sul;Choque - Defensa metálica;;;1;;;;;;;;1;;;;
15/04/2020;13:53:04;75;com vítima;190,5;BR-050/MG;Norte;Tombamento;;;1;;;;;;;;0;1;;;
15/04/2020;16:07:12;87;sem vítima;234,68;BR-050/GO;Sul;Choque - Defensa metálica;;;;;;;;;;1;1;;;;
15/04/2020;17:02:39;91;com vítima;175;BR-050/MG;Sul;Atropelamento - Ciclista;;1;;1;;;;;;;1;1;;;
15/04/2020;17:17:23;92;sem vítima;195,5;BR-050/GO;Sul;Choque - Outros;1;;;;;;;;;;2;;;;
16/04/2020;16:00:03;92;sem vítima;55,17;BR-050/MG;Norte;Choque - Elemento de Drenagem;1;;;;;;;;;;1;;;;
17/04/2020;03:22:54;14;com vítima;118;BR-050/MG;Norte;Colisão Traseira;;;2;;;;;;;;2;;;;1
17/04/2020;22:27:46;154;com vítima;179;BR-050/MG;Norte;Choque - Elemento de Drenagem;1;;;;;;;;;;0;2;;;
18/04/2020;05:15:16;12;sem vítima;297,8;BR-050/GO;Sul;Tombamento;;;1;;;;;;;;1;;;;
18/04/2020;12:22:39;75;com vítima;169,12;BR-050/GO;Norte;Capotamento;1;;;;;;;;;;0;;1;;1
19/04/2020;12:21:39;41;com vítima;209,62;BR-050/GO;Sul;Choque - Defensa metálica;1;;;;;;;;;;0;1;;1;1
20/04/2020;05:35:21;16;com vítima;186,17;BR-050/GO;Sul;Choque - Arvore;;;1;;;;;;;;0;1;;;
20/04/2020;14:05:19;56;sem vítima;136,6;BR-050/MG;Sul;Saida de Pista;;;1;;;;;;;;1;;;;
20/04/2020;22:08:18;106;sem vítima;131;BR-050/MG;Sul;Choque - Elemento de Drenagem;1;;;;;;;;;;3;;;;
20/04/2020;23:59:20;117;com vítima;180,2;BR-050/GO;Norte;Capotamento;1;;;;;;;;;;0;1;2;;
21/04/2020;00:20:55;1;sem vítima;145,8;BR-050/MG;Norte;Tombamento;;;1;;;;;;;;1;;;;
21/04/2020;18:13:19;89;sem vítima;169,45;BR-050/GO;Sul;Choque - Meio fio;1;;;;;;;;;;5;;;;
23/04/2020;16:01:02;115;com vítima;169,5;BR-050/MG;Sul;Colisão Traseira;1;;;1;;;;;;;1;1;;;
24/04/2020;19:57:56;147;com vítima;78,8;BR-050/MG;Sul;Capotamento;1;;;;;;;;;;0;1;;;
25/04/2020;09:30:06;48;sem vítima;115;BR-050/GO;Norte;Saida de Pista;1;;;;;;;;;;3;;;;
25/04/2020;14:58:29;90;sem vítima;43,1;BR-050/MG;Norte;Choque - Meio fio;1;;;;;;;;;;1;;;;
26/04/2020;14:38:37;82;com vítima;35,1;BR-050/MG;Norte;Queda de Moto;;;;1;;;;;;;0;1;;;
26/04/2020;17:02:10;102;com vítima;250,3;BR-050/GO;Sul;Queda de Moto;;;;1;;;;;;;0;2;;;
26/04/2020;20:25:57;126;com vítima;164,77;BR-050/MG;Sul;Colisão Traseira;2;;;;;;;;;;0;1;2;;
27/04/2020;05:42:02;10;sem vítima;179;BR-050/MG;Sul;Atropelamento de Animal;;;;;1;;;;;;1;;;;
27/04/2020;13:55:18;61;com vítima;154,5;BR-050/MG;Sul;Choque - Elemento de Drenagem;1;;;;;;;;;;0;1;;;
27/04/2020;14:12:28;65;sem vítima;52,65;BR-050/MG;Sul;Tombamento;;;1;;;;;;;;1;;;;
29/04/2020;13:44:13;112;sem vítima;296,4;BR-050/GO;Norte;Saida de Pista;;;1;;;;;;;;1;;;;
29/04/2020;14:07:35;118;sem vítima;172;BR-050/GO;Norte;Saida de Pista;;;1;;;;;;;;1;;;;
29/04/2020;19:30:12;167;sem vítima;25,84;BR-050/MG;Norte;Saida de Pista;1;;;;;;;;;;2;;;;
30/04/2020;18:52:10;143;sem vítima;295,95;BR-050/GO;Norte;Saida de Pista;1;;;;;;;;;;3;;;;
30/04/2020;19:32:52;152;sem vítima;15;Contorno;Sul;Choque - Sinalização;;;;;;;;;;1;2;;;;
01/05/2020;02:58:22;14;sem vítima;279,7;BR-050/GO;Norte;Saida de Pista;1;;;;;;;;;;1;;;;
01/05/2020;10:34:20;53;com vítima;274,3;BR-050/GO;Sul;Queda de Moto;;;;1;;;;;;;0;;1;;
01/05/2020;12:22:14;63;com vítima;7,5;BR-050/MG;Norte;Choque - Elemento de Drenagem;1;;;;;;;;;1;2;2;;;
01/05/2020;14:48:13;77;com vítima;9,2;Contorno;Sul;Queda de Moto;;;;1;;;;;;;0;2;;;
02/05/2020;02:43:54;13;com vítima;179,7;BR-050/GO;Norte;Capotamento;1;;;;;;;;;;0;;1;;
02/05/2020;18:16:40;92;sem vítima;27;BR-050/MG;Sul;Saida de Pista;1;;;;;;;;;;4;;;;
02/05/2020;19:40:46;105;com vítima;280,4;BR-050/GO;Norte;Colisão lateral no sentido contrário;1;;;1;;;;;;;1;;1;;
02/05/2020;22:22:56;118;sem vítima;62,1;BR-050/MG;Sul;Choque - Meio fio;1;;;;;;;;;;4;;;;
03/05/2020;06:09:29;9;sem vítima;181,4;BR-050/MG;Sul;Capotamento;;;;;;1;;;;1;1;;;;
03/05/2020;11:19:22;39;com vítima;252,18;BR-050/GO;Sul;Choque - Arvore;;;1;;;;;;;;0;1;;;
04/05/2020;20:16:46;142;com vítima;19,02;Contorno;Norte;Atropelamento - Sem Informação;;;;;;;;;;;0;;;;1
06/05/2020;14:28:55;100;sem vítima;280,6;BR-050/GO;Sul;Colisão Transversal;2;;;;;;;;;;5;;;;
06/05/2020;16:52:56;125;sem vítima;176,15;BR-050/MG;Sul;Choque - New jersey;;;;;;;;;;1;2;;;;
06/05/2020;23:53:38;167;sem vítima;281,3;BR-050/GO;Norte;Colisão Traseira;;;2;;;;;;;;2;;;;
07/05/2020;22:36:44;181;sem vítima;53,55;BR-050/MG;Sul;Choque - Sinalização;1;;;;;;;;;;1;;;;
08/05/2020;07:05:31;22;sem vítima;172,4;BR-050/MG;Sul;Colisão Traseira;1;;1;;;;;;;;3;;;;
09/05/2020;00:53:24;2;com vítima;118,8;BR-050/MG;Sul;Choque - Arvore;1;;;;;;;;;;0;1;;;
09/05/2020;09:48:44;28;sem vítima;49,9;BR-050/MG;Sul;Capotamento;1;;;;;;;;;;1;;;;
09/05/2020;11:04:39;36;com vítima;64,5;BR-050/MG;Sul;Queda de Moto;;;;1;;;;;;;0;2;;;
09/05/2020;12:08:35;42;sem vítima;201,18;BR-050/GO;Sul;Saida de Pista;;;1;;;;;;;;1;;;;
09/05/2020;16:44:18;85;sem vítima;175;BR-050/MG;Sul;Colisão Traseira;1;;1;;;;;;;;2;;;;
09/05/2020;18:14:42;100;com vítima;176;BR-050/MG;Norte;Colisão lateral no mesmo sentido;1;;;;;1;;;;;0;1;;;
09/05/2020;18:52:55;103;com vítima;178,715;BR-050/MG;Norte;Capotamento;1;;;;;;;;;;0;;1;;
11/05/2020;00:23:11;3;sem vítima;112;BR-050/MG;Sul;Colisão Traseira;;;1;;;1;;;;;1;;;;
11/05/2020;10:32:47;63;sem vítima;163,9;BR-050/MG;Sul;Capotamento;1;;;;;;;;;;2;;;;
11/05/2020;14:42:16;99;com vítima;296,5;BR-050/GO;Sul;Capotamento;1;;;;;;;;;;0;2;;;
11/05/2020;21:29:47;161;com vítima;198,4;BR-050/GO;Sul;Capotamento;;;1;;;;;;;;0;;1;;
11/05/2020;21:40:16;163;com vítima;16,98;BR-050/MG;Norte;Tombamento;;;1;;;;;;;;0;;;;1
12/05/2020;06:35:53;26;com vítima;178,6;BR-050/MG;Norte;Queda de Moto;;;;1;;;;;;;0;1;;;
12/05/2020;20:29:45;146;com vítima;50,8;BR-050/MG;Norte;Choque - Elemento de Drenagem;;;;1;;;;;;;0;1;;;
12/05/2020;23:00:46;157;com vítima;107;BR-050/GO;Norte;Tombamento;;;1;;;;;;;;0;;1;;
13/05/2020;03:32:58;10;sem vítima;27,8;BR-050/MG;Sul;Choque - Meio fio;;;1;;;;;;;;1;;;;
13/05/2020;06:08:50;13;sem vítima;104,5;BR-050/GO;Norte;Tombamento;;;1;;;;;;;;1;;;;
13/05/2020;07:34:38;20;com vítima;80,6;BR-050/MG;Sul;Choque - Meio fio;;;;1;;;;;;;0;;1;;
13/05/2020;09:35:27;38;sem vítima;101;BR-050/GO;Norte;Colisão lateral no sentido contrário;;;1;;;1;;;;;1;;;;
13/05/2020;18:28:22;116;sem vítima;97,25;BR-050/GO;Sul;Colisão Transversal;;;;;;;;;;2;3;;;;
13/05/2020;21:19:11;135;sem vítima;172;BR-050/MG;Sul;Queda de Moto;;;;1;;;;;;;0;;;;
14/05/2020;06:32:24;17;sem vítima;77,68;BR-050/MG;Norte;Choque - Meio fio;1;;;;;;;;;;1;;;;
14/05/2020;17:47:12;107;sem vítima;27;BR-050/MG;Norte;Tombamento;;;1;;;;;;;;2;;;;
14/05/2020;23:12:35;137;sem vítima;111,3;BR-050/MG;Sul;Choque - Elemento de Drenagem;1;;;;;;;;;;1;;;;
15/05/2020;20:59:40;147;com vítima;115;BR-050/MG;Norte;Tombamento;;;1;;;;;;;;0;1;;;
15/05/2020;21:53:24;154;com vítima;147;BR-050/MG;Norte;Colisão Traseira;;;2;;;;;;;;1;;1;;