data;horario;n_da_ocorrencia;tipo_de_ocorrencia;km;trecho;sentido;tipo_de_acidente;automovel;bicicleta;caminhao;moto;onibus;outros;tracao_animal;transporte_de_cargas_especiais;trator_maquinas;utilitarios;ilesos;levemente_feridos;moderadamente_feridos;gravemente_feridos;mortos
31/03/2021;14:53:33;203;ac03 - Acidente com vítima ilesa;199;BR-050/MG;Norte;Capotamento;2;;;;;;;;;;3;;;;
31/03/2021;17:20:32;278;ac03 - Acidente com vítima ilesa;36,9;BR-050/MG;Sul;Choque - Defensa metálica;;;;;;1;;;;1;1;;;;
01/04/2021;18:19:47;297;ac03 - Acidente com vítima ilesa;704,35;BR-050/MG;Leste;Colisão Traseira;1;;1;;;;;;;;2;;;;
02/04/2021;11:08:14;119;ac03 - Acidente com vítima ilesa;653,7;BR-050/MG;Leste;Choque - Meio fio;1;;;;;;;;;;2;;;;
03/04/2021;06:25:52;18;ac02 - Acidente com vítima;773;BR-050/MG;Oeste;Colisão Transversal;1;;1;;;;;;;;3;1;1;;
03/04/2021;12:04:01;93;ac02 - Acidente com vítima;667,8;BR-050/MG;Oeste;Capotamento;;;;;;;;;;1;0;1;;;
04/04/2021;13:42:19;103;ac02 - Acidente com vítima;83,4;BR-050/GO;Leste;Colisão lateral no mesmo sentido;;;1;;;;;;;1;1;;1;;
05/04/2021;15:13:22;197;ac02 - Acidente com vítima;663;BR-050/MG;Oeste;Capotamento;1;;;;;;;;;;0;1;;;
06/04/2021;14:52:14;223;ac03 - Acidente com vítima ilesa;147,5;BR-050/GO;Oeste;Choque - Sinalização;;;1;;;;;;;;1;;;;
06/04/2021;15:11:28;233;ac02 - Acidente com vítima;154,5;BR-050/GO;Oeste;Tombamento;;;1;;;;;;;;0;1;;;
07/04/2021;06:29:37;40;ac02 - Acidente com vítima;668,8;BR-050/MG;Oeste;Capotamento;;;;;;;;;;1;0;1;;;
09/04/2021;19:14:15;351;ac02 - Acidente com vítima;686;BR-050/MG;Leste;Atropelamento - Pedestre;1;;;;;;;;;;1;;;1;
10/04/2021;14:33:41;214;ac03 - Acidente com vítima ilesa;659;BR-050/MG;Leste;Choque - Veiculo parado no acostamento;;;1;;;1;;;;;2;;;;
10/04/2021;19:23:52;319;ac02 - Acidente com vítima;109;BR-050/GO;Leste;Queda de Moto;;;;1;;;;;;;0;1;;;
11/04/2021;00:26:24;5;ac03 - Acidente com vítima ilesa;115;BR-050/GO;Leste;Queda de veículo em ribanceira, ponte ou viaduto;;;;;;;;;;1;1;;;;
12/04/2021;19:07:58;311;ac03 - Acidente com vítima ilesa;729;BR-050/MG;Leste;Choque - Elemento de Drenagem;;;1;;;;;;;;1;;;;
13/04/2021;06:40:45;40;ac03 - Acidente com vítima ilesa;627,3;BR-050/MG;Oeste;Tombamento;;;1;;;;;;;;1;;;;
13/04/2021;11:28:20;186;ac02 - Acidente com vítima;853;BR-050/MG;Leste;Capotamento;1;;;;;;;;;;0;2;1;1;
13/04/2021;22:13:14;396;ac03 - Acidente com vítima ilesa;757;BR-050/MG;Leste;Choque - Meio fio;1;;;;;;;;;;1;;;;
15/04/2021;21:11:13;399;ac01 - Acidente com vitima fatal;687,4;BR-050/MG;Oeste;Atropelamento - Pedestre;;;;;;;;;;1;4;;;;1
16/04/2021;02:52:24;15;ac02 - Acidente com vítima;751;BR-050/MG;Oeste;Queda de Moto;;;;1;;;;;;;0;1;;;
16/04/2021;21:27:21;400;ac03 - Acidente com vítima ilesa;706;BR-050/MG;Leste;Choque - Meio fio;1;;;;;;;;;;1;;;;
17/04/2021;07:15:41;53;ac03 - Acidente com vítima ilesa;706;BR-050/MG;Leste;Choque - Meio fio;;;;;;;;;;1;1;;;;
17/04/2021;22:38:05;339;ac02 - Acidente com vítima;4;BR-050/GO;Oeste;Colisão Traseira;1;;1;;;;;;;;1;2;;;
18/04/2021;20:19:57;305;ac02 - Acidente com vítima;96,5;BR-050/GO;Oeste;Colisão lateral no sentido contrário;1;;1;;;;;;;;1;;;1;
22/04/2021;14:18:01;261;ac02 - Acidente com vítima;58,2;BR-050/GO;Leste;Queda de Moto;;;;1;;;;;;;0;1;;;
22/04/2021;17:45:17;354;ac02 - Acidente com vítima;673,5;BR-050/MG;Oeste;Atropelamento de Animal;;;1;;;;;;;1;2;1;;;
23/04/2021;16:32:22;303;ac03 - Acidente com vítima ilesa;824,7;BR-050/MG;Leste;Capotamento;1;;;;;1;;;;;0;;;;
23/04/2021;21:41:56;392;ac02 - Acidente com vítima;719,2;BR-050/MG;Oeste;Colisão lateral no mesmo sentido;;;1;;;;;;;1;0;1;;;
25/04/2021;14:09:45;185;ac02 - Acidente com vítima;175;BR-050/GO;Leste;Colisão lateral no sentido contrário;1;;;1;;;;;;;0;;;1;
25/04/2021;18:56:26;267;ac03 - Acidente com vítima ilesa;716;BR-050/MG;Oeste;Capotamento;1;;;;;;;;;;0;;;;
25/04/2021;19:10:31;269;ac03 - Acidente com vítima ilesa;745;BR-050/MG;Oeste;Capotamento;1;;;;;;;;;;0;;;;
25/04/2021;23:35:40;319;ac03 - Acidente com vítima ilesa;153,4;BR-050/GO;Leste;Atropelamento de Animal;;;;;;;;;;1;2;;;;
26/04/2021;04:47:30;35;ac03 - Acidente com vítima ilesa;689,4;BR-050/MG;Leste;Atropelamento de Animal;;;1;;;;;;;;1;;;;
27/04/2021;15:27:37;269;ac02 - Acidente com vítima;794;BR-050/MG;Leste;Engavetamento;;;1;;;1;;;;1;1;1;;;
27/04/2021;22:21:29;408;ac02 - Acidente com vítima;18;BR-050/GO;Leste;Colisão Traseira;1;;;1;;;;;;;0;1;;;
29/04/2021;19:03:41;354;ac01 - Acidente com vitima fatal;719;BR-050/MG;Oeste;Colisão Traseira;1;;1;;;;;;;;1;;;;2
30/04/2021;14:02:57;245;ac02 - Acidente com vítima;630;BR-050/MG;Oeste;Colisão lateral no mesmo sentido;1;;1;;;;;;;;2;2;;;
30/04/2021;22:58:21;427;ac03 - Acidente com vítima ilesa;788,2;BR-050/MG;Oeste;Atropelamento de Animal;1;;;;;;;;;;3;;;;
01/05/2021;02:12:26;33;ac02 - Acidente com vítima;177,5;BR-050/MG;Sul;Choque - New jersey;1;;;;;;;;;;0;1;;;
01/05/2021;02:28:52;35;ac03 - Acidente com vítima ilesa;254,52;BR-050/GO;Norte;Choque - Elemento de Drenagem;1;;;;;;;;;;2;;;;
01/05/2021;15:38:02;242;ac02 - Acidente com vítima;114,46;BR-050/GO;Sul;Capotamento;1;;;;;;;;;;1;;2;;
01/05/2021;18:40:32;290;ac03 - Acidente com vítima ilesa;17,85;Contorno;Sul;Choque - New jersey;1;;;;;;;;;;2;;;;
01/05/2021;21:42:31;337;ac02 - Acidente com vítima;179,2;BR-050/MG;Norte;Colisão lateral no mesmo sentido;;;;1;;;;;;1;1;1;;;
02/05/2021;07:24:31;39;ac02 - Acidente com vítima;273;BR-050/GO;Norte;Queda de Ciclista;;1;;;;;;;;;0;1;;;
02/05/2021;11:10:53;98;ac03 - Acidente com vítima ilesa;174;BR-050/MG;Sul;Colisão Traseira;;;;;;1;;;;;0;;;;
02/05/2021;17:54:04;208;ac03 - Acidente com vítima ilesa;265;BR-050/GO;Sul;Capotamento;;;;;;1;;;;;0;;;;
02/05/2021;18:00:06;212;ac02 - Acidente com vítima;268,48;BR-050/GO;Sul;Capotamento;;;;;;;;;;1;0;1;;;
02/05/2021;19:27:01;239;ac02 - Acidente com vítima;192,1;BR-050/MG;Norte;Colisão Traseira;1;;;;;1;;;;1;0;;3;;
03/05/2021;15:46:00;262;ac03 - Acidente com vítima ilesa;165,35;BR-050/MG;Norte;Choque - Outros;1;;;;;;;;;;5;;;;
03/05/2021;18:13:57;292;ac02 - Acidente com vítima;27,3;BR-050/MG;Sul;Colisão lateral no mesmo sentido;;;;;;1;;;;1;0;1;;;
03/05/2021;18:31:06;297;ac03 - Acidente com vítima ilesa;198,3;BR-050/MG;Sul;Colisão lateral no mesmo sentido;1;;1;;;1;;;;;4;;;;
04/05/2021;04:54:33;32;ac03 - Acidente com vítima ilesa;95,8;BR-050/MG;Norte;Capotamento;;;1;;;;;;;;1;;;;
04/05/2021;04:58:07;33;ac02 - Acidente com vítima;114,7;BR-050/MG;Sul;Capotamento;1;;;;;;;;;;0;;1;;
04/05/2021;07:07:52;62;ac03 - Acidente com vítima ilesa;179;BR-050/MG;Norte;Engavetamento;2;;;;;;;;;2;8;;;;
04/05/2021;10:34:14;169;ac02 - Acidente com vítima;111,5;BR-050/MG;Norte;Capotamento;1;;;;;;;;;;0;1;;;
04/05/2021;18:45:28;338;ac03 - Acidente com vítima ilesa;100;BR-050/GO;Sul;Queda de Moto;;;;1;;;;;;;0;;;;
05/05/2021;11:50:46;164;ac02 - Acidente com vítima;117;BR-050/MG;Sul;Tombamento;;;1;;;;;;;1;1;1;;;
05/05/2021;21:31:21;325;ac03 - Acidente com vítima ilesa;104,9;BR-050/MG;Norte;Colisão Traseira;2;;;;;;;;;;4;;;;
06/05/2021;00:07:47;1;ac02 - Acidente com vítima;214,8;BR-050/GO;Sul;Colisão Traseira;;;1;;;;;;;;0;1;;;
06/05/2021;06:37:34;53;ac02 - Acidente com vítima;78,9;BR-050/MG;Norte;Choque - Elemento de Drenagem;;;;;;;;;;1;1;;1;;
06/05/2021;06:55:18;60;ac03 - Acidente com vítima ilesa;79;BR-050/MG;Norte;Queda de Moto;;;;1;;;;;;;0;;;;
06/05/2021;10:53:41;163;ac03 - Acidente com vítima ilesa;81;BR-050/MG;Sul;Colisão Traseira;;;;;;;;;;2;3;;;;
06/05/2021;15:10:04;277;ac03 - Acidente com vítima ilesa;281;BR-050/GO;Sul;Queda de Moto;;;;1;;;;;;;0;;;;
06/05/2021;22:57:23;401;ac03 - Acidente com vítima ilesa;29,55;BR-050/MG;Norte;Choque - Meio fio;1;;;;;;;;;;1;;;;
07/05/2021;03:00:10;29;ac03 - Acidente com vítima ilesa;126,45;BR-050/MG;Sul;Choque - Talude ou Barranco;;;1;;;;;;;;1;;;;
07/05/2021;08:18:08;82;ac02 - Acidente com vítima;16,86;BR-050/MG;Norte;Colisão lateral no mesmo sentido;;;2;;;;;;;;1;1;;;
07/05/2021;12:22:05;170;ac02 - Acidente com vítima;277,3;BR-050/GO;Sul;Choque - Veiculo parado no acostamento;;;1;;;;;;;1;1;1;;;
07/05/2021;15:40:08;239;ac02 - Acidente com vítima;207;BR-050/GO;Sul;Queda de Moto;;;;1;;;;;;;1;1;;;
07/05/2021;19:32:57;320;ac03 - Acidente com vítima ilesa;42,3;BR-050/MG;Norte;Tombamento;;;1;;;;;;;;2;;;;
07/05/2021;21:24:09;341;ac03 - Acidente com vítima ilesa;234;BR-050/GO;Norte;Queda de Moto;;;;1;;;;;;;0;;;;
08/05/2021;10:18:06;122;ac02 - Acidente com vítima;190,4;BR-050/GO;Sul;Capotamento;1;;;;;;;;;;0;1;;;
08/05/2021;15:53:56;252;ac03 - Acidente com vítima ilesa;95,7;BR-050/GO;Sul;Choque - New jersey;1;;;;;;;;;;1;;;;
08/05/2021;18:05:24;290;ac03 - Acidente com vítima ilesa;51,6;BR-050/MG;Norte;Colisão Traseira;2;;;;;;;;;;9;;;;
08/05/2021;23:43:40;374;ac03 - Acidente com vítima ilesa;13,1;BR-050/MG;Norte;Choque - Meio fio;1;;;;;;;;;;1;;;;
09/05/2021;07:31:27;35;ac03 - Acidente com vítima ilesa;279,89;BR-050/GO;Norte;Colisão Transversal;;;;1;;1;;;;1;2;;;;
09/05/2021;09:09:47;67;ac02 - Acidente com vítima;136,58;BR-050/MG;Norte;Queda de Ciclista;;1;;;;;;;;;0;;1;;
09/05/2021;14:20:48;160;ac03 - Acidente com vítima ilesa;151,9;BR-050/MG;Sul;Choque - Outros;1;;;;;;;;;;1;;;;
09/05/2021;18:36:53;241;ac02 - Acidente com vítima;133,85;BR-050/MG;Norte;Choque - Sinalização;;;1;;;;;;;;0;;1;;
09/05/2021;21:28:38;298;ac03 - Acidente com vítima ilesa;93,4;BR-050/MG;Sul;Colisão lateral no mesmo sentido;1;;1;;;;;;;;2;;;;
09/05/2021;21:35:42;299;ac03 - Acidente com vítima ilesa;180,9;BR-050/MG;Norte;Choque - Elemento de Drenagem;1;;;;;;;;;;1;;;;
09/05/2021;22:34:39;308;ac03 - Acidente com vítima ilesa;202;BR-050/MG;Norte;Tombamento;;;1;;;;;;;;0;;;;
10/05/2021;07:45:54;56;ac03 - Acidente com vítima ilesa;206;BR-050/MG;Sul;Colisão Traseira;;;2;;;;;;;1;3;;;;
10/05/2021;08:01:22;60;ac03 - Acidente com vítima ilesa;206;BR-050/MG;Norte;Colisão lateral no mesmo sentido;;;;;;2;;;;;0;;;;
10/05/2021;18:29:23;312;ac02 - Acidente com vítima;36;BR-050/MG;Sul;Colisão Traseira;2;;;;;;;;;;4;1;;;
11/05/2021;00:32:25;7;ac03 - Acidente com vítima ilesa;306,45;BR-050/GO;Norte;Colisão Traseira;;;2;;;;;;;;2;;;;
11/05/2021;07:10:44;46;ac02 - Acidente com vítima;136;BR-050/MG;Sul;Choque - Elemento de Drenagem;1;;;;;;;;;;0;1;;;
11/05/2021;07:15:54;48;ac03 - Acidente com vítima ilesa;281;BR-050/GO;Norte;Colisão Transversal;1;;;;;1;;;;;1;;;;
11/05/2021;13:12:42;199;ac03 - Acidente com vítima ilesa;281,5;BR-050/GO;Norte;Colisão lateral no sentido contrário;1;;1;;;;;;;;2;;;;
11/05/2021;20:33:36;350;ac03 - Acidente com vítima ilesa;50;BR-050/MG;Sul;Colisão Traseira;1;;1;;;;;;;;3;;;;
12/05/2021;13:43:04;215;ac02 - Acidente com vítima;33,74;BR-050/MG;Sul;Colisão Traseira;2;;;;;;;;;;4;1;;;
12/05/2021;16:05:54;281;ac03 - Acidente com vítima ilesa;165,02;BR-050/GO;Norte;Choque - Elemento de Drenagem;;;;;;;;;;1;1;;;;
13/05/2021;03:49:21;28;ac03 - Acidente com vítima ilesa;153,35;BR-050/MG;Norte;Choque - Talude ou Barranco;;;1;;;;;;;;1;;;;
14/05/2021;08:35:00;77;ac02 - Acidente com vítima;104,9;BR-050/MG;Norte;Choque - Veiculo parado na pista;1;;;1;;;;;;;3;1;;;
14/05/2021;22:44:19;361;ac03 - Acidente com vítima ilesa;122;BR-050/GO;Sul;Tombamento;;;1;;;;;;;;1;;;;
15/05/2021;04:04:58;25;ac03 - Acidente com vítima ilesa;133,2;BR-050/GO;Sul;Choque - Elemento de Drenagem;;;1;;;;;;;;1;;;;
15/05/2021;06:09:40;38;ac03 - Acidente com vítima ilesa;22;BR-050/MG;Sul;Choque - Meio fio;1;;;;;;;;;;3;;;;
15/05/2021;07:08:11;53;ac02 - Acidente com vítima;174,07;BR-050/MG;Norte;Queda de Moto;;;;1;;;;;;;0;1;;;
15/05/2021;09:46:23;101;ac03 - Acidente com vítima ilesa;310,9;BR-050/GO;Sul;Colisão Traseira;1;;1;;;;;;;;4;;;;
15/05/2021;11:40:13;147;ac03 - Acidente com vítima ilesa;24,76;BR-050/MG;Sul;Choque - Elemento de Drenagem;;;;;;;;;;2;2;;;;
15/05/2021;15:24:04;205;ac02 - Acidente com vítima;105;BR-050/MG;Sul;Choque - Sinalização;;;1;;;;;;;;0;1;;;
16/05/2021;00:49:31;4;ac02 - Acidente com vítima;36,6;BR-050/MG;Norte;Engavetamento;1;;;;;;;;;2;5;;2;;
16/05/2021;01:32:35;8;ac03 - Acidente com vítima ilesa;111,5;BR-050/MG;Sul;Colisão Traseira;;;1;;;;;;;1;1;;;;
16/05/2021;06:43:04;24;ac03 - Acidente com vítima ilesa;293,54;BR-050/GO;Norte;Choque - Defensa metálica;1;;;;;;;;;;2;;;;
16/05/2021;18:48:02;237;ac03 - Acidente com vítima ilesa;96,1;BR-050/GO;Norte;Colisão Traseira;2;;;;;;;;;;3;;;;
16/05/2021;20:19:22;261;ac03 - Acidente com vítima ilesa;183;BR-050/MG;Norte;Queda de Moto;;;;1;;;;;;;1;;;;
17/05/2021;15:21:59;241;ac02 - Acidente com vítima;48,28;BR-050/MG;Norte;Queda de Moto;;;;1;;;;;;;0;2;;;
17/05/2021;16:09:11;255;ac03 - Acidente com vítima ilesa;57,25;BR-050/MG;Sul;Colisão lateral no mesmo sentido;1;;1;;;;;;;;5;;;;
17/05/2021;18:01:22;286;ac02 - Acidente com vítima;280,9;BR-050/GO;Sul;Colisão lateral no mesmo sentido;1;;1;;;;;;;;1;1;;;
17/05/2021;19:49:16;319;ac03 - Acidente com vítima ilesa;54,4;BR-050/MG;Sul;Tombamento;;;1;;;;;;;;1;;;;
18/05/2021;21:41:09;328;ac03 - Acidente com vítima ilesa;84;BR-050/MG;Sul;Queda de Ciclista;;;;1;;;;;;;0;;;;
19/05/2021;14:28:04;243;ac02 - Acidente com vítima;29,1;BR-050/MG;Norte;Choque - Elemento de Drenagem;;;;;;;;;;1;0;1;;;
19/05/2021;17:19:02;319;ac03 - Acidente com vítima ilesa;186,3;BR-050/MG;Norte;Colisão lateral no mesmo sentido;;;2;;;;;;;;2;;;;
19/05/2021;18:44:59;344;ac03 - Acidente com vítima ilesa;280;BR-050/GO;Sul;Colisão Transversal;1;;1;;;;;;;;2;;;;
19/05/2021;23:08:22;401;ac03 - Acidente com vítima ilesa;23,84;BR-050/MG;Sul;Choque - Elemento de Drenagem;1;;;;;;;;;;1;;;;
20/05/2021;00:41:23;11;ac02 - Acidente com vítima;173,1;BR-050/GO;Sul;Tombamento;;;1;;;;;;;;0;;1;;
20/05/2021;07:34:36;66;ac03 - Acidente com vítima ilesa;98,8;BR-050/GO;Norte;Queda de Moto;;;;1;;;;;;;1;;;;
20/05/2021;18:30:52;328;ac03 - Acidente com vítima ilesa;280;BR-050/GO;Norte;Colisão Traseira;1;;;1;;;;;;;0;;;;
20/05/2021;18:44:53;332;ac02 - Acidente com vítima;279,7;BR-050/GO;Norte;Colisão Frontal;1;;;1;;;;;;;1;1;;;
21/05/2021;02:50:09;36;ac02 - Acidente com vítima;80,9;BR-050/MG;Norte;Choque - Defensa metálica;1;;;;;;;;;;0;1;;;
21/05/2021;12:30:21;202;ac03 - Acidente com vítima ilesa;15,1;Contorno;Norte;Choque - Sinalização;;;1;;;;;;;;1;;;;
21/05/2021;18:35:19;320;ac03 - Acidente com vítima ilesa;21,25;Contorno;Sul;Choque - Defensa metálica;;;1;;;;;;;;1;;;;
21/05/2021;18:43:33;324;ac02 - Acidente com vítima;97,5;BR-050/GO;Norte;Colisão Transversal;1;;;1;;;;;;;3;;1;;
21/05/2021;19:14:02;335;ac01 - Acidente com vitima fatal;174;BR-050/MG;Norte;Atropelamento - Pedestre;;;;1;;;;;;;0;;;;2
21/05/2021;20:06:23;346;ac03 - Acidente com vítima ilesa;15;Contorno;Norte;Choque - Outros;;;1;;;;;;;;0;;;;
21/05/2021;21:07:40;371;ac02 - Acidente com vítima;27,9;BR-050/MG;Sul;Tombamento;;;1;;;;;;;;0;1;;;
21/05/2021;22:27:18;391;ac03 - Acidente com vítima ilesa;177;BR-050/MG;Norte;Choque - Meio fio;1;;;;;;;;;;1;;;;
22/05/2021;13:32:58;182;ac03 - Acidente com vítima ilesa;20,6;BR-050/MG;Norte;Choque - Defensa metálica;1;;;;;;;;;;3;;;;
22/05/2021;15:03:27;209;ac03 - Acidente com vítima ilesa;41,4;BR-050/MG;Norte;Choque - Sinalização;;;1;;;;;;;;1;;;;
22/05/2021;18:26:30;271;ac03 - Acidente com vítima ilesa;174;BR-050/MG;Norte;Choque - Outros;1;;;;;;;;;;0;;;;
22/05/2021;18:52:09;275;ac02 - Acidente com vítima;275;BR-050/GO;Sul;Queda de Moto;;;;1;;;;;;;0;1;;;
22/05/2021;18:59:50;277;ac02 - Acidente com vítima;275;BR-050/GO;Norte;Queda de Moto;;;;1;;;;;;;0;1;;;
22/05/2021;19:40:41;287;ac03 - Acidente com vítima ilesa;36,8;BR-050/MG;Sul;Choque - Elemento de Drenagem;1;;;;;;;;;;2;;;;
22/05/2021;19:41:26;288;ac03 - Acidente com vítima ilesa;60,3;BR-050/MG;Norte;Colisão Traseira;1;;1;;;;;;;;5;;;;
23/05/2021;11:30:59;116;ac02 - Acidente com vítima;311;BR-050/GO;Sul;Queda de Moto;;;;1;;;;;;;0;1;;;
23/05/2021;11:59:07;125;ac02 - Acidente com vítima;3,8;BR-050/MG;Sul;Choque - Meio fio;;;;1;;;;;;;0;2;;;
23/05/2021;15:49:55;182;ac01 - Acidente com vitima fatal;93,85;BR-050/MG;Sul;Capotamento;1;;;;;;;;;;0;;;;1
23/05/2021;15:50:52;183;ac03 - Acidente com vítima ilesa;180;BR-050/MG;Sul;Capotamento;1;;;;;;;;;;0;;;;
23/05/2021;19:14:06;245;ac02 - Acidente com vítima;21;Contorno;Sul;Colisão Traseira;;;1;;;;;;;1;3;2;;;
23/05/2021;19:54:47;258;ac03 - Acidente com vítima ilesa;19;Contorno;Sul;Choque - Outros;1;;;;;;;;;;0;;;;
23/05/2021;20:18:05;264;ac03 - Acidente com vítima ilesa;27,7;BR-050/MG;Sul;Choque - Elemento de Drenagem;;;1;;;2;;;;;1;;;;
23/05/2021;23:27:30;295;ac03 - Acidente com vítima ilesa;115;BR-050/MG;Norte;Choque - Sinalização;;;1;;;;;;;;1;;;;
24/05/2021;05:29:08;32;ac03 - Acidente com vítima ilesa;118,9;BR-050/MG;Norte;Tombamento;;;1;;;;;;;;2;;;;
24/05/2021;08:28:49;77;ac02 - Acidente com vítima;79,1;BR-050/MG;Norte;Capotamento;;;1;;;;;;;;0;1;;;
24/05/2021;11:05:12;143;ac03 - Acidente com vítima ilesa;54,2;BR-050/MG;Sul;Choque - Elemento de Drenagem;1;;;;;;;;;;1;;;;
24/05/2021;11:18:56;148;ac03 - Acidente com vítima ilesa;54,3;BR-050/MG;Sul;Colisão lateral no mesmo sentido;1;;1;;;;;;;;2;;;;
24/05/2021;20:16:02;335;ac03 - Acidente com vítima ilesa;97;BR-050/GO;Norte;Colisão Traseira;;;2;;;;;;;;2;;;;
24/05/2021;21:02:34;346;ac02 - Acidente com vítima;106;BR-050/MG;Norte;Colisão Traseira;;;2;;;;;;;;0;2;;;
25/05/2021;04:33:28;30;ac03 - Acidente com vítima ilesa;90,25;BR-050/MG;Norte;Tombamento;;;1;;;;;;;;1;;;;
25/05/2021;12:09:57;171;ac03 - Acidente com vítima ilesa;126,5;BR-050/MG;Sul;Choque - Elemento de Drenagem;1;;;;;;;;;;1;;;;
25/05/2021;17:02:18;261;ac02 - Acidente com vítima;176,2;BR-050/MG;Norte;Queda de Moto;;;;1;;;;;;;0;1;;;
25/05/2021;17:49:10;280;ac03 - Acidente com vítima ilesa;176;BR-050/MG;Norte;Engavetamento;3;;;;;;;;;;6;;;;
25/05/2021;18:43:33;297;ac03 - Acidente com vítima ilesa;279;BR-050/GO;Norte;Choque - Outros;1;;1;;;;;;;;0;;;;
25/05/2021;19:02:27;304;ac01 - Acidente com vitima fatal;263,1;BR-050/GO;Norte;Colisão Traseira;;;1;1;;;;;;;1;;;;1
26/05/2021;05:18:53;32;ac02 - Acidente com vítima;85,2;BR-050/MG;Norte;Capotamento;1;;;;;;;;;;0;;1;;
26/05/2021;14:01:09;200;ac03 - Acidente com vítima ilesa;115,4;BR-050/MG;Sul;Tombamento;;;1;;;;;;;;1;;;;
26/05/2021;18:37:30;290;ac03 - Acidente com vítima ilesa;113,4;BR-050/GO;Norte;Colisão Traseira;1;;1;;;;;;;;3;;;;
27/05/2021;10:54:56;175;ac03 - Acidente com vítima ilesa;121,3;BR-050/MG;Sul;Choque - Objeto sobre a pista;1;;;;;;;;;;2;;;;
27/05/2021;13:46:44;233;ac03 - Acidente com vítima ilesa;140;BR-050/MG;Sul;Queda de Carro;1;;;;;;;;;;0;;;;
27/05/2021;17:42:34;329;ac02 - Acidente com vítima;59,1;BR-050/MG;Norte;Queda de Moto;;;;1;;;;;;;0;1;;;
27/05/2021;18:59:43;346;ac03 - Acidente com vítima ilesa;170,3;BR-050/MG;Sul;Colisão Traseira;1;;;1;;;;;;;3;;;;
27/05/2021;19:54:04;362;ac02 - Acidente com vítima;27,8;BR-050/MG;Sul;Choque - Elemento de Drenagem;;;1;;;;;;;;0;1;;;
29/05/2021;11:11:38;111;ac02 - Acidente com vítima;155,08;BR-050/MG;Sul;Choque - Defensa metálica;;;1;;;;;;;;0;1;;;
29/05/2021;16:28:54;228;ac03 - Acidente com vítima ilesa;154,4;BR-050/MG;Sul;Choque - Sinalização;;;;;1;;;;;;1;;;;
30/05/2021;08:33:47;74;ac03 - Acidente com vítima ilesa;13,7;BR-050/MG;Norte;Colisão lateral no mesmo sentido;1;;1;;;;;;;;6;;;;
30/05/2021;10:27:42;103;ac03 - Acidente com vítima ilesa;155,075;BR-050/MG;Norte;Colisão lateral no mesmo sentido;;;2;;;;;;;;2;;;;
30/05/2021;16:04:27;184;ac02 - Acidente com vítima;22;BR-050/MG;Sul;Colisão lateral no mesmo sentido;;;;1;;;;;;1;2;2;;;
30/05/2021;16:15:57;189;ac03 - Acidente com vítima ilesa;16,85;Contorno;Sul;Choque - Defensa metálica;;;;;;;;;;1;2;;;;
30/05/2021;16:48:14;203;ac03 - Acidente com vítima ilesa;174;BR-050/MG;Sul;Choque - Outros;1;;;;;;;;;;0;;;;
30/05/2021;21:15:16;280;ac02 - Acidente com vítima;155,48;BR-050/MG;Sul;Choque - Outros;;;1;;;;;;;;1;1;;;
31/05/2021;06:52:24;38;ac03 - Acidente com vítima ilesa;177,1;BR-050/MG;Sul;Choque - Outros;1;;;;;;;;;;1;;;;
31/05/2021;10:10:51;117;ac03 - Acidente com vítima ilesa;156;BR-050/MG;Sul;Choque - Outros;;;1;;;;;;;;0;;;;
31/05/2021;14:11:20;187;ac03 - Acidente com vítima ilesa;167;BR-050/MG;Norte;Choque - Talude ou Barranco;1;;;;;;;;;;1;;;;
31/05/2021;16:53:47;239;ac03 - Acidente com vítima ilesa;198;BR-050/MG;Norte;Colisão lateral no mesmo sentido;1;;1;;;;;;;;3;;;;
01/06/2021;06:21:23;33;ac02 - Acidente com vítima;56,8;BR-050/MG;Sul;Capotamento;1;;;;;;;;;;0;2;2;;
01/06/2021;06:23:01;35;ac03 - Acidente com vítima ilesa;125,5;BR-050/MG;Norte;Colisão Traseira;;;2;;;;;;;;2;;;;
01/06/2021;08:38:55;62;ac02 - Acidente com vítima;65;BR-050/MG;Norte;Queda de Moto;;;;1;;;;;;;0;1;;;