data;horario;n_da_ocorrencia;tipo_de_ocorrencia;km;trecho;sentido;tipo_de_acidente;automovel;bicicleta;caminhao;moto;onibus;outros;tracao_animal;transporte_de_cargas_especiais;trator_maquinas;utilitarios;ilesos;levemente_feridos;moderadamente_feridos;gravemente_feridos;mortos
19/11/2021;22:04:00;331;Sem vítima;154,000;BR-50/MG;Crescente;Choque;0;0;1;0;0;0;0;0;0;0;1;0;0;0;0
20/11/2021;07:15:00;52;Sem vítima;179,000;BR-50/MG;Decrescente;Choque;0;0;0;0;0;1;0;0;0;0;2;0;0;0;0
20/11/2021;08:37:00;72;Sem vítima;143,500;BR-50/MG;Crescente;Choque;0;0;0;0;0;0;0;0;0;1;1;0;0;0;0
20/11/2021;11:19:00;142;Sem vítima;114,500;BR-50/MG;Decrescente;Choque;1;0;0;0;0;0;0;0;0;0;2;0;0;0;0
20/11/2021;19:58:00;289;Sem vítima;98,000;BR-50/MG;Decrescente;Colisão traseira;1;0;0;0;0;0;0;0;0;1;3;0;0;0;0
20/11/2021;20:35:00;299;Com vítima;275,100;BR-50/MG;Crescente;Queda de moto;0;0;0;1;0;0;0;0;0;0;0;1;0;0;0
20/11/2021;21:08:00;303;Sem vítima;179,800;BR-50/MG;Crescente;Colisão lateral no mesmo sentido;1;0;0;0;0;0;0;0;0;0;1;0;0;0;0
20/11/2021;23:41:00;324;Com vítima;95,900;BR-50/MG;Decrescente;Colisão frontal;1;0;0;0;0;0;0;0;0;1;1;1;0;0;0
21/11/2021;05:43:00;33;Sem vítima;278,600;BR-50/MG;Crescente;Capotamento;1;0;0;0;0;0;0;0;0;0;0;0;0;0;0
21/11/2021;16:20:00;206;Sem vítima;195,350;BR-50/MG;Crescente;Choque;1;0;0;0;0;0;0;0;0;0;2;0;0;0;0
22/11/2021;04:50:00;22;Com vítima;81,200;BR-50/MG;Decrescente;Acidentes de outra natureza;1;0;0;0;0;0;0;0;0;0;0;2;0;0;0
22/11/2021;16:00:00;250;Com vítima;206,000;BR-50/MG;Decrescente;Colisão traseira;1;0;0;0;0;0;0;0;0;0;2;0;0;0;0
23/11/2021;01:51:00;10;Sem vítima;133,400;BR-50/MG;Crescente;Choque;1;0;0;0;0;0;0;0;0;0;2;0;0;0;0
23/11/2021;08:29:00;70;Com vítima;283,000;BR-50/MG;Crescente;Colisão transversal;1;0;0;0;0;1;0;0;0;0;1;0;1;0;0
23/11/2021;17:52:00;300;Sem vítima;156,300;BR-50/MG;Decrescente;Choque;0;0;0;0;0;0;0;0;0;1;1;0;0;0;0
24/11/2021;02:28:00;16;Sem vítima;263,000;BR-50/MG;Crescente;Choque;1;0;0;0;0;0;0;0;0;0;2;0;0;0;0
24/11/2021;07:18:00;70;Com vítima;275,000;BR-50/MG;Decrescente;Choque;0;0;0;0;0;0;0;0;0;1;1;1;0;0;0
24/11/2021;07:19:00;71;Sem vítima;138,000;BR-50/MG;Decrescente;Choque;1;0;0;0;0;0;0;0;0;0;1;0;0;0;0
24/11/2021;07:33:00;74;Sem vítima;171,000;BR-50/MG;Decrescente;Choque;1;0;0;0;0;0;0;0;0;0;0;0;0;0;0
24/11/2021;12:18:00;212;Sem vítima;278,950;BR-50/MG;Crescente;Colisão traseira;0;0;1;0;1;0;0;0;0;0;2;0;0;0;0
24/11/2021;12:55:00;223;Sem vítima;25,780;BR-50/MG;Decrescente;Choque;0;0;0;0;0;0;0;0;0;1;1;0;0;0;0
24/11/2021;13:11:00;231;Sem vítima;26,000;BR-50/MG;Decrescente;Choque;0;0;1;0;0;0;0;0;0;0;1;0;0;0;0
25/11/2021;02:32:00;24;Com vítima;132,100;BR-50/MG;Decrescente;Colisão traseira;0;0;1;0;0;1;0;0;0;0;2;1;0;0;0
25/11/2021;05:34:00;35;Sem vítima;106,050;BR-50/MG;Decrescente;Choque;0;0;0;0;0;0;0;0;0;1;1;0;0;0;0
25/11/2021;09:25:00;115;Sem vítima;187,000;BR-50/MG;Decrescente;Acidentes de outra natureza;1;0;0;0;0;0;0;0;0;0;1;0;0;0;0
25/11/2021;10:43:00;155;Sem vítima;81,000;BR-50/MG;Decrescente;Choque;1;0;0;0;0;0;0;0;0;0;2;0;0;0;0
25/11/2021;13:21:00;220;Com vítima;98,400;BR-50/MG;Decrescente;Colisão traseira;0;0;0;1;0;0;0;0;0;0;0;1;0;0;0
25/11/2021;15:52:00;288;Com vítima;273,500;BR-50/MG;Crescente;Tombamento;0;0;0;0;0;1;0;0;0;0;0;1;0;0;0
25/11/2021;19:03:00;343;Com vítima;277,000;BR-50/MG;Crescente;Colisão traseira;0;0;0;1;0;0;0;0;0;1;1;0;2;0;0
26/11/2021;05:56:00;20;Sem vítima;124,000;BR-50/MG;Decrescente;Choque;0;0;0;0;0;0;0;0;0;1;2;0;0;0;0
26/11/2021;11:11:00;153;Com vítima;163,900;BR-50/MG;Crescente;Capotamento;1;0;0;0;0;0;0;0;0;0;0;0;1;0;0
26/11/2021;17:17:00;296;Sem vítima;20,500;Contorno de Uberlândia/MG;Crescente;Colisão traseira;1;0;0;0;0;0;0;0;0;1;4;0;0;0;0
26/11/2021;20:19:00;342;Com vítima;207,000;BR-50/MG;Crescente;Choque;1;0;0;0;0;0;0;0;0;0;0;0;1;0;0
26/11/2021;23:09:00;373;Sem vítima;126,000;BR-50/MG;Decrescente;Choque;0;0;1;0;0;0;0;0;0;0;1;0;0;0;0
27/11/2021;02:15:00;15;Sem vítima;149,800;BR-50/MG;Crescente;Acidentes de outra natureza;0;0;0;0;0;1;0;0;0;0;1;0;0;0;0
27/11/2021;05:27:00;32;Sem vítima;230,000;BR-50/MG;Crescente;Choque;0;0;0;0;0;0;0;0;0;1;2;0;0;0;0
27/11/2021;07:36:00;55;Sem vítima;62,460;BR-50/MG;Decrescente;Choque;0;0;0;0;0;0;0;0;0;1;1;0;0;0;0
27/11/2021;07:43:00;57;Sem vítima;29,860;BR-50/MG;Crescente;Choque;0;0;0;0;0;0;0;0;0;1;1;0;0;0;0
27/11/2021;08:39:00;79;Com vítima;18,900;BR-50/MG;Crescente;Colisão lateral no mesmo sentido;1;0;0;0;0;1;0;0;0;0;0;3;0;0;0
27/11/2021;09:59:00;116;Com vítima;273,000;BR-50/MG;Crescente;Choque;0;0;0;0;0;1;0;0;0;1;1;1;0;1;0
27/11/2021;17:29:00;254;Sem vítima;243,500;BR-50/MG;Decrescente;Choque;0;0;0;0;0;0;0;0;0;1;1;0;0;0;0
29/11/2021;02:05:00;18;Sem vítima;130,300;BR-50/MG;Decrescente;Choque;1;0;0;0;0;0;0;0;0;0;1;0;0;0;0
29/11/2021;10:41:00;144;Sem vítima;206,400;BR-50/MG;Crescente;Choque;1;0;0;0;0;0;0;0;0;0;1;0;0;0;0
29/11/2021;21:28:00;326;Sem vítima;96,750;BR-50/MG;Crescente;Colisão traseira;1;0;0;0;0;0;0;0;0;0;1;0;0;0;0
30/11/2021;01:09:00;6;Sem vítima;20,000;BR-50/MG;Crescente;Colisão traseira;0;0;0;0;0;1;0;0;0;0;1;0;0;0;0
30/11/2021;09:30:00;108;Com vítima;111,050;BR-50/MG;Decrescente;Colisão traseira;0;0;1;0;0;0;0;0;0;1;3;0;1;0;0
30/11/2021;14:27:00;209;Sem vítima;148,500;BR-50/MG;Crescente;Tombamento;0;0;1;0;0;0;0;0;0;0;1;0;0;0;0
30/11/2021;17:41:00;282;Com vítima;25,120;BR-50/MG;Crescente;Choque;2;0;0;0;0;0;0;0;0;0;0;1;3;0;0
30/11/2021;19:13:00;309;Com vítima;97,500;BR-50/MG;Crescente;Colisão lateral no mesmo sentido;1;0;0;1;0;0;0;0;0;0;1;0;1;0;0
01/12/2021;08:06:00;45;Com vítima;56,000;BR-50/MG;Decrescente;Tombamento;0;0;1;0;0;0;0;0;0;0;0;0;0;1;0
01/12/2021;19:17:00;294;Com vítima;207,000;BR-50/MG;Crescente;Choque;0;0;0;1;0;0;0;0;0;0;0;0;1;0;0
02/12/2021;00:20:00;7;Com vítima;187,000;BR-50/MG;Crescente;Choque;0;0;0;1;0;0;0;0;0;0;0;1;0;0;0
02/12/2021;02:03:00;18;Com vítima;172,300;BR-50/MG;Decrescente;Choque;0;0;1;0;0;0;0;0;0;0;0;1;0;0;0
02/12/2021;10:16:00;151;Sem vítima;180,000;BR-50/MG;Crescente;Colisão lateral no mesmo sentido;0;0;0;0;0;1;0;0;0;0;0;0;0;0;0
02/12/2021;15:23:00;262;Sem vítima;169,500;BR-50/MG;Decrescente;Choque;0;0;0;0;0;1;0;0;0;0;1;0;0;0;0
02/12/2021;21:30:00;370;Com vítima;175,050;BR-50/MG;Decrescente;Colisão frontal;1;0;0;1;0;0;0;0;0;0;1;1;1;0;0
03/12/2021;05:56:00;29;Com vítima;152,350;BR-50/MG;Decrescente;Choque;0;0;0;0;0;0;0;0;0;1;0;2;0;0;0
03/12/2021;18:18:00;275;Sem vítima;62,700;BR-50/MG;Crescente;Choque;1;0;0;0;0;0;0;0;0;0;1;0;0;0;0
03/12/2021;19:07:00;288;Com vítima;198,900;BR-50/MG;Decrescente;Colisão traseira;0;0;1;0;0;0;0;0;0;0;1;0;0;0;0
04/12/2021;01:55:00;13;Com vítima;236,570;BR-50/MG;Crescente;Choque;0;0;0;0;0;0;0;0;0;1;0;0;2;0;0
04/12/2021;02:50:00;17;Sem vítima;52,900;BR-50/MG;Decrescente;Choque;1;0;0;0;0;0;0;0;0;0;1;0;0;0;0
04/12/2021;08:15:00;70;Com vítima;171,880;BR-50/MG;Crescente;Atropelamento de pedestre;0;0;0;0;0;0;0;0;0;0;0;0;1;0;0
04/12/2021;09:00:00;89;Sem vítima;160,800;BR-50/MG;Crescente;Choque;0;0;0;0;0;0;0;0;0;1;2;0;0;0;0
04/12/2021;12:23:00;184;Com vítima;176,000;BR-50/MG;Decrescente;Queda de moto;0;0;0;1;0;0;0;0;0;0;0;0;2;0;0
04/12/2021;15:16:00;226;Sem vítima;243,000;BR-50/MG;Crescente;Choque;0;0;0;0;0;0;0;0;0;1;5;0;0;0;0
04/12/2021;17:39:00;269;Sem vítima;44,000;BR-50/MG;Crescente;Choque;1;0;0;0;0;0;0;0;0;0;1;0;0;0;0
04/12/2021;23:31:00;322;Sem vítima;221,925;BR-50/MG;Crescente;Choque;1;0;0;0;0;0;0;0;0;0;1;0;0;0;0
05/12/2021;00:40:00;9;Com vítima;275,000;BR-50/MG;Decrescente;Queda de moto;0;0;0;1;0;0;0;0;0;0;0;1;0;0;0
05/12/2021;02:54:00;24;Com vítima;179,000;BR-50/MG;Crescente;Choque;0;0;0;1;0;0;0;0;0;0;1;1;0;0;0
05/12/2021;04:49:00;29;Sem vítima;95,700;BR-50/MG;Crescente;Choque;1;0;0;0;0;0;0;0;0;0;2;0;0;0;0
05/12/2021;14:14:00;184;Sem vítima;139,000;BR-50/MG;Crescente;Choque;1;0;0;0;0;0;0;0;0;0;2;0;0;0;0
05/12/2021;18:19:00;242;Com vítima;156,300;BR-50/MG;Crescente;Choque;1;0;0;0;0;0;0;0;0;0;1;0;0;0;0
05/12/2021;21:30:00;296;Com vítima;185,950;BR-50/MG;Crescente;Colisão traseira;0;0;0;1;0;0;0;0;0;1;1;0;1;0;0
06/12/2021;10:02:00;131;Sem vítima;101,720;BR-50/MG;Crescente;Colisão traseira;0;0;0;0;0;2;0;0;0;0;2;0;0;0;0
06/12/2021;11:21:00;177;Com vítima;230,040;BR-50/MG;Decrescente;Choque;0;0;0;0;0;0;0;0;0;1;0;2;0;0;0
06/12/2021;14:50:00;239;Sem vítima;23,500;BR-50/MG;Crescente;Colisão traseira;0;0;1;0;0;1;0;0;0;0;2;0;0;0;0
06/12/2021;22:31:00;336;Com vítima;20,240;BR-50/MG;Crescente;Colisão traseira;0;0;1;0;0;1;0;0;0;0;1;0;0;1;0
07/12/2021;04:42:00;27;Sem vítima;38,000;BR-50/MG;Decrescente;Atropelamento de animal;0;0;0;0;0;0;0;0;0;0;0;0;0;0;0
07/12/2021;07:38:00;82;Sem vítima;133,190;BR-50/MG;Decrescente;Choque;1;0;0;0;0;0;0;0;0;0;2;0;0;0;0
07/12/2021;08:59:00;87;Sem vítima;150,800;BR-50/MG;Decrescente;Colisão lateral no mesmo sentido;1;0;0;0;0;1;0;0;0;0;1;0;0;0;0
07/12/2021;13:47:00;213;Com vítima;312,960;BR-50/MG;Crescente;Choque;1;0;0;0;0;0;0;0;0;0;0;1;0;0;0
07/12/2021;14:08:00;218;Com vítima;181,680;BR-50/MG;Decrescente;Choque;0;0;1;0;0;0;0;0;0;0;0;0;1;0;0
07/12/2021;16:48:00;272;Sem vítima;174,000;BR-50/MG;Decrescente;Colisão lateral no mesmo sentido;0;0;2;0;0;0;0;0;0;0;2;0;0;0;0
07/12/2021;17:08:00;281;Com vítima;282,800;BR-50/MG;Crescente;Colisão transversal;0;0;0;0;1;1;0;0;0;0;1;0;1;0;0
08/12/2021;00:54:00;7;Com vítima;144,560;BR-50/MG;Decrescente;Capotamento;1;0;0;0;0;0;0;0;0;0;0;2;0;0;0
08/12/2021;10:13:00;144;Sem vítima;197,000;BR-50/MG;Crescente;Choque;1;0;0;0;0;0;0;0;0;0;2;0;0;0;0
08/12/2021;14:44:00;228;Sem vítima;140,800;BR-50/MG;Crescente;Tombamento;0;0;1;0;0;0;0;0;0;0;1;0;0;0;0
08/12/2021;14:58:00;233;Sem vítima;90,070;BR-50/MG;Crescente;Colisão traseira;0;0;0;0;0;0;0;0;0;2;7;0;0;0;0
08/12/2021;18:22:00;298;Com vítima;275,900;BR-50/MG;Crescente;Colisão frontal;2;0;1;1;0;0;0;0;0;0;3;1;0;0;1
08/12/2021;23:44:00;364;Com vítima;110,980;BR-50/MG;Crescente;Atropelamento de animal;1;0;0;0;0;0;0;0;0;0;1;0;1;0;0
09/12/2021;06:26:00;30;Sem vítima;102,420;BR-50/MG;Crescente;Choque;1;0;0;0;0;0;0;0;0;0;1;0;0;0;0
09/12/2021;14:16:00;204;Com vítima;53,450;BR-50/MG;Decrescente;Choque;0;0;0;0;0;1;0;0;0;0;0;1;0;0;0
09/12/2021;19:48:00;305;Com vítima;206,000;BR-50/MG;Decrescente;Colisão traseira;0;0;0;1;0;1;0;0;0;0;0;1;0;0;0
09/12/2021;22:09:00;339;Com vítima;211,510;BR-50/MG;Crescente;Choque;0;0;0;0;0;0;0;0;0;1;0;1;0;0;0
09/12/2021;22:21:00;341;Com vítima;2,520;BR-50/MG;Crescente;Colisão traseira;0;0;0;0;0;1;0;0;0;0;0;1;0;0;0
10/12/2021;05:32:00;43;Sem vítima;133,860;BR-50/MG;Decrescente;Choque;0;0;0;0;0;0;0;0;0;1;1;0;0;0;0
10/12/2021;12:52:00;198;Com vítima;54,480;BR-50/MG;Crescente;Tombamento;0;0;0;0;0;1;0;0;0;0;0;0;0;1;0
10/12/2021;19:52:00;327;Sem vítima;90,000;BR-50/MG;Crescente;Choque;0;0;0;0;0;0;0;0;0;1;1;0;0;0;0
10/12/2021;20:15:00;331;Com vítima;35,700;BR-50/MG;Decrescente;Colisão traseira;1;0;0;1;0;0;0;0;0;0;1;1;0;0;0
11/12/2021;10:39:00;120;Sem vítima;303,700;BR-50/MG;Crescente;Choque;0;0;0;0;0;0;0;0;0;1;2;0;0;0;0
11/12/2021;14:16:00;204;Sem vítima;300,260;BR-50/MG;Decrescente;Choque;1;0;0;0;0;0;0;0;0;0;0;0;0;0;0
11/12/2021;20:21:00;311;Com vítima;200,000;BR-50/MG;Decrescente;Choque;1;0;0;0;0;1;0;0;0;0;0;2;0;0;0
11/12/2021;23:46:00;353;Com vítima;148,600;BR-50/MG;Crescente;Capotamento;0;0;0;0;0;0;0;0;0;1;0;1;0;0;0
12/12/2021;03:28:00;20;Com vítima;20,000;BR-50/MG;Crescente;Choque;0;0;1;0;0;0;0;0;0;0;0;1;0;0;0
12/12/2021;04:57:00;26;Sem vítima;112,000;BR-50/MG;Decrescente;Choque;1;0;0;0;0;0;0;0;0;0;0;0;0;0;0
12/12/2021;14:10:00;142;Sem vítima;38,000;BR-50/MG;Decrescente;Choque;1;0;0;0;0;0;0;0;0;0;0;0;0;0;0
12/12/2021;19:22:00;231;Sem vítima;50,000;BR-50/MG;Decrescente;Colisão transversal;2;0;0;0;0;0;0;0;0;0;2;0;0;0;0
13/12/2021;00:47:00;8;Sem vítima;111,450;BR-50/MG;Crescente;Choque;1;0;0;0;0;0;0;0;0;0;1;0;0;0;0
13/12/2021;01:17:00;11;Sem vítima;133,000;BR-50/MG;Crescente;Choque;0;0;0;0;0;1;0;0;0;0;1;0;0;0;0
13/12/2021;07:32:00;46;Sem vítima;272,850;BR-50/MG;Decrescente;Choque;1;0;0;0;0;0;0;0;0;0;1;0;0;0;0
13/12/2021;09:14:00;73;Sem vítima;16,980;BR-50/MG;Decrescente;Choque;1;0;0;0;0;0;0;0;0;0;2;0;0;0;0
13/12/2021;15:55:00;195;Sem vítima;86,610;BR-50/MG;Crescente;Colisão lateral no mesmo sentido;1;0;0;0;0;1;0;0;0;0;2;0;0;0;0
13/12/2021;16:14:00;201;Com vítima;124,300;BR-50/MG;Crescente;Capotamento;0;0;0;0;0;0;0;0;0;1;0;0;1;0;0
13/12/2021;17:16:00;216;Com vítima;96,100;BR-50/MG;Decrescente;Colisão transversal;0;0;0;0;0;1;0;0;0;1;1;1;0;0;0
14/12/2021;07:22:00;48;Sem vítima;8,800;Contorno de Uberlândia/MG;Crescente;Atropelamento de animal;0;0;0;0;0;0;0;0;0;1;1;0;0;0;0
14/12/2021;11:34:00;145;Com vítima;38,700;BR-50/MG;Crescente;Choque;1;0;1;0;0;0;0;0;0;0;2;0;1;0;0
15/12/2021;08:48:00;82;Com vítima;51,000;BR-50/MG;Crescente;Colisão traseira;1;0;0;0;0;0;0;0;0;0;3;2;0;0;0
15/12/2021;15:36:00;224;Sem vítima;149,700;BR-50/MG;Crescente;Choque;1;0;0;0;0;0;0;0;0;0;2;0;0;0;0
15/12/2021;19:15:00;294;Com vítima;169,800;BR-50/MG;Crescente;Choque;2;0;0;0;0;0;0;0;0;1;2;1;1;0;0
16/12/2021;00:34:00;7;Sem vítima;141,800;BR-50/MG;Crescente;Choque;0;0;1;0;0;0;0;0;0;0;2;0;0;0;0
16/12/2021;00:42:00;11;Sem vítima;101,000;BR-50/MG;Crescente;Choque;1;0;0;0;0;0;0;0;0;0;2;0;0;0;0
16/12/2021;02:16:00;25;Sem vítima;78,500;BR-50/MG;Decrescente;Colisão traseira;0;0;1;0;0;1;0;0;0;0;2;0;0;0;0
16/12/2021;09:37:00;123;Sem vítima;29,820;BR-50/MG;Decrescente;Tombamento;1;0;0;0;0;0;0;0;0;0;1;0;0;0;0
16/12/2021;13:25:00;202;Sem vítima;132,300;BR-50/MG;Decrescente;Colisão traseira;0;0;2;0;0;0;0;0;0;0;5;0;0;0;0
16/12/2021;14:21:00;220;Sem vítima;115,000;BR-50/MG;Decrescente;Choque;1;0;0;0;0;0;0;0;0;0;1;0;0;0;0
16/12/2021;15:02:00;233;Sem vítima;116,000;BR-50/MG;Crescente;Choque;1;0;0;0;0;0;0;0;0;0;2;0;0;0;0
17/12/2021;08:36:00;75;Com vítima;110,480;BR-50/MG;Decrescente;Choque;0;0;0;0;0;0;0;0;0;1;0;0;1;0;0
17/12/2021;11:25:00;130;Com vítima;53,500;BR-50/MG;Crescente;Choque;0;0;1;0;0;0;0;0;0;0;0;1;0;0;0
17/12/2021;16:53:00;236;Sem vítima;136,000;BR-50/MG;Crescente;Colisão traseira;1;0;0;0;0;0;0;0;0;0;1;0;0;0;0
17/12/2021;17:06:00;242;Sem vítima;294,900;BR-50/MG;Decrescente;Choque;1;0;0;0;0;0;0;0;0;0;4;0;0;0;0
17/12/2021;18:00:00;262;Sem vítima;135,000;BR-50/MG;Crescente;Choque;0;0;0;0;0;0;0;0;0;1;1;0;0;0;0
17/12/2021;18:11:00;268;Sem vítima;134,500;BR-50/MG;Crescente;Engavetamento;1;0;0;0;0;2;0;0;0;2;4;0;0;0;0
18/12/2021;00:14:00;1;Sem vítima;171,000;BR-50/MG;Decrescente;Queda de moto;0;0;0;1;0;0;0;0;0;0;0;0;0;0;0
18/12/2021;02:23:00;23;Sem vítima;297,410;BR-50/MG;Decrescente;Choque;0;0;1;0;0;0;0;0;0;0;1;0;0;0;0
18/12/2021;05:56:00;44;Com vítima;81,900;BR-50/MG;Decrescente;Choque;0;0;1;0;0;0;0;0;0;0;1;0;0;0;0
18/12/2021;08:10:00;86;Sem vítima;198,000;BR-50/MG;Crescente;Colisão traseira;1;0;0;0;0;0;0;0;0;1;4;0;0;0;0
18/12/2021;12:20:00;202;Sem vítima;172,040;BR-50/MG;Crescente;Choque;1;0;0;0;0;0;0;0;0;0;1;0;0;0;0
18/12/2021;14:54:00;242;Sem vítima;173,500;BR-50/MG;Crescente;Colisão lateral no mesmo sentido;1;0;0;0;0;1;0;0;0;0;1;0;0;0;0
18/12/2021;17:51:00;302;Sem vítima;152,900;BR-50/MG;Crescente;Choque;0;0;0;0;0;0;0;0;0;1;1;0;0;0;0
18/12/2021;20:33:00;345;Com vítima;105,900;BR-50/MG;Decrescente;Capotamento;0;0;0;0;0;0;0;0;0;1;1;0;0;0;0
18/12/2021;20:41:00;347;Sem vítima;273,000;BR-50/MG;Decrescente;Queda de moto;0;0;0;1;0;0;0;0;0;0;1;0;0;0;0
18/12/2021;21:09:00;353;Sem vítima;172,000;BR-50/MG;Decrescente;Choque;1;0;0;0;0;0;0;0;0;0;4;0;0;0;0
19/12/2021;00:02:00;1;Sem vítima;59,500;BR-50/MG;Decrescente;Choque;1;0;0;0;0;0;0;0;0;0;1;0;0;0;0
19/12/2021;07:53:00;69;Sem vítima;175,000;BR-50/MG;Crescente;Choque;1;0;0;0;0;0;0;0;0;0;1;0;0;0;0
19/12/2021;12:34:00;158;Com vítima;196,600;BR-50/MG;Crescente;Choque;1;0;0;0;0;0;0;0;0;0;0;2;0;0;0
19/12/2021;17:39:00;244;Com vítima;134,900;BR-50/MG;Crescente;Capotamento;1;0;0;0;0;0;0;0;0;0;0;0;1;0;0
19/12/2021;17:42:00;245;Sem vítima;136,000;BR-50/MG;Crescente;Choque;1;0;0;0;0;0;0;0;0;0;1;0;0;0;0
19/12/2021;21:11:00;294;Sem vítima;56,900;BR-50/MG;Crescente;Choque;1;0;0;0;0;0;0;0;0;0;2;0;0;0;0
19/12/2021;22:56:00;318;Sem vítima;174,000;BR-50/MG;Crescente;Choque;1;0;0;0;0;0;0;0;0;0;1;0;0;0;0
20/12/2021;08:29:00;88;Sem vítima;165,900;BR-50/MG;Crescente;Tombamento;0;0;1;0;0;0;0;0;0;0;1;0;0;0;0
20/12/2021;08:51:00;96;Sem vítima;21,040;BR-50/MG;Crescente;Choque;0;0;0;0;0;0;0;0;0;1;1;0;0;0;0
20/12/2021;10:58:00;154;Com vítima;95,800;BR-50/MG;Decrescente;Colisão traseira;1;0;0;0;0;0;0;0;0;0;0;2;1;0;0
20/12/2021;12:35:00;193;Sem vítima;40,900;BR-50/MG;Crescente;Choque;1;0;0;0;0;0;0;0;0;0;3;0;0;0;0
20/12/2021;13:25:00;205;Com vítima;280,400;BR-50/MG;Decrescente;Colisão transversal;0;0;0;1;1;0;0;0;0;0;2;0;1;0;0
20/12/2021;16:03:00;258;Sem vítima;58,120;BR-50/MG;Decrescente;Choque;1;0;0;0;0;0;0;0;0;0;1;0;0;0;0
20/12/2021;17:11:00;277;Com vítima;165,500;BR-50/MG;Crescente;Choque;0;0;0;0;0;0;0;0;0;1;0;1;0;0;0
20/12/2021;19:42:00;312;Com vítima;184,000;BR-50/MG;Decrescente;Colisão lateral no mesmo sentido;0;0;0;0;0;1;0;0;0;1;3;0;0;0;0
20/12/2021;22:38:00;344;Com vítima;111,300;BR-50/MG;Decrescente;Tombamento;0;0;0;0;0;1;0;0;0;0;0;0;0;1;0
21/12/2021;13:14:00;178;Com vítima;197,750;BR-50/MG;Crescente;Choque;0;0;0;0;1;0;0;0;0;0;2;0;0;0;0
21/12/2021;14:31:00;206;Com vítima;255,000;BR-50/MG;Crescente;Engavetamento;0;0;0;0;0;1;0;0;0;1;3;0;0;0;0
21/12/2021;17:33:00;253;Sem vítima;28,820;BR-50/MG;Crescente;Colisão traseira;0;0;0;0;0;0;0;0;0;1;2;0;0;0;0
21/12/2021;23:44:00;324;Com vítima;118,900;BR-50/MG;Decrescente;Colisão traseira;0;0;0;0;1;0;0;0;0;0;2;0;0;0;0
22/12/2021;00:18:00;2;Com vítima;36,700;BR-50/MG;Decrescente;Atropelamento de animal;0;0;0;0;0;0;0;0;0;0;0;0;0;0;0
22/12/2021;00:28:00;4;Sem vítima;4,520;BR-50/MG;Crescente;Colisão traseira;0;0;0;0;0;1;0;0;0;1;2;0;0;0;0
22/12/2021;01:20:00;8;Sem vítima;278,000;BR-50/MG;Decrescente;Colisão lateral no mesmo sentido;0;0;0;0;0;1;0;0;0;1;2;0;0;0;0
22/12/2021;07:39:00;56;Sem vítima;99,080;BR-50/MG;Crescente;Engavetamento;1;0;0;0;0;1;0;0;0;1;3;0;0;0;0
22/12/2021;09:41:00;100;Sem vítima;46,180;BR-50/MG;Crescente;Colisão lateral no mesmo sentido;1;0;0;0;0;1;0;0;0;0;2;0;0;0;0
22/12/2021;12:20:00;169;Sem vítima;77,300;BR-50/MG;Decrescente;Colisão lateral no mesmo sentido;1;0;1;0;0;0;0;0;0;0;2;0;0;0;0
22/12/2021;23:30:00;333;Sem vítima;4,250;BR-50/MG;Crescente;Tombamento;0;0;0;0;0;1;0;0;0;0;1;0;0;0;0
23/12/2021;06:14:00;43;Com vítima;171,220;BR-50/MG;Crescente;Colisão traseira;2;0;0;0;0;0;0;0;0;0;2;1;0;0;0
23/12/2021;08:44:00;98;Sem vítima;137,500;BR-50/MG;Decrescente;Choque;1;0;0;0;0;0;0;0;0;0;3;0;0;0;0
23/12/2021;11:21:00;171;Sem vítima;81,200;BR-50/MG;Crescente;Choque;1;0;0;0;0;0;0;0;0;0;1;0;0;0;0
23/12/2021;11:50:00;185;Com vítima;11,700;Contorno de Uberlândia/MG;Decrescente;Queda de moto;0;0;0;1;0;0;0;0;0;0;0;0;1;0;0
23/12/2021;12:16:00;196;Com vítima;1,400;BR-50/MG;Decrescente;Choque;0;0;0;0;0;0;0;0;0;1;0;0;1;0;0
23/12/2021;13:00:00;214;Sem vítima;53,000;BR-50/MG;Decrescente;Choque;0;0;1;0;0;0;0;0;0;0;1;0;0;0;0
23/12/2021;13:12:00;222;Sem vítima;235,120;BR-50/MG;Crescente;Choque;1;0;0;0;0;0;0;0;0;0;0;0;0;0;0
23/12/2021;15:58:00;272;Sem vítima;9,340;Contorno de Uberlândia/MG;Decrescente;Choque;0;0;0;0;0;1;0;0;0;0;1;0;0;0;0
23/12/2021;17:43:00;312;Sem vítima;91,000;BR-50/MG;Decrescente;Capotamento;1;0;0;0;0;0;0;0;0;0;1;0;0;0;0
23/12/2021;17:44:00;314;Sem vítima;280,500;BR-50/MG;Decrescente;Colisão transversal;0;0;0;0;0;0;0;0;0;1;2;0;0;0;0
23/12/2021;18:11:00;325;Com vítima;105,000;BR-50/MG;Decrescente;Engavetamento;3;0;0;0;0;0;0;0;0;0;0;4;0;0;0
23/12/2021;21:12:00;363;Sem vítima;185,000;BR-50/MG;Crescente;Choque;1;0;0;0;0;0;0;0;0;0;2;0;0;0;0
24/12/2021;04:25:00;32;Sem vítima;274,800;BR-50/MG;Crescente;Acidentes de outra natureza;0;0;0;0;0;0;0;0;0;1;1;0;0;0;0
24/12/2021;08:38:00;92;Sem vítima;252,380;BR-50/MG;Decrescente;Capotamento;0;0;0;0;0;0;0;0;0;1;1;0;0;0;0
24/12/2021;10:21:00;125;Sem vítima;151,440;BR-50/MG;Decrescente;Choque;0;0;0;0;0;0;0;0;0;1;1;0;0;0;0
24/12/2021;11:03:00;143;Com vítima;195,600;BR-50/MG;Crescente;Choque;1;0;0;0;0;0;0;0;0;0;0;1;1;0;0
24/12/2021;17:19:00;274;Sem vítima;60,000;BR-50/MG;Decrescente;Choque;1;0;0;0;0;0;0;0;0;0;4;0;0;0;0
24/12/2021;17:25:00;277;Sem vítima;6,000;Contorno de Uberlândia/MG;Decrescente;Choque;0;0;0;0;0;1;0;0;0;0;1;0;0;0;0
25/12/2021;14:15:00;105;Com vítima;100,000;BR-50/MG;Decrescente;Queda de moto;0;0;0;1;0;0;0;0;0;0;0;1;1;0;0
25/12/2021;16:04:00;133;Sem vítima;79,850;BR-50/MG;Decrescente;Atropelamento de animal;0;0;0;0;0;0;0;0;0;1;4;0;0;0;0
25/12/2021;22:33:00;201;Com vítima;180,000;BR-50/MG;Crescente;Colisão traseira;2;0;0;0;0;0;0;0;0;0;2;2;0;0;0