data;horario;n_da_ocorrencia;tipo_de_ocorrencia;km;trecho;sentido;tipo_de_acidente;automovel;bicicleta;caminhao;moto;onibus;outros;tracao_animal;transporte_de_cargas_especiais;trator_maquinas;utilitarios;ilesos;levemente_feridos;moderadamente_feridos;gravemente_feridos;mortos
26/12/2021;04:32:00;21;Com vítima;140,420;BR-50/MG;Decrescente;Tombamento;1;0;0;0;0;0;0;0;0;0;2;0;1;0;0
26/12/2021;14:12:00;166;Sem vítima;202,300;BR-50/MG;Crescente;Choque;1;0;0;0;0;0;0;0;0;0;4;0;0;0;0
26/12/2021;18:21:00;269;Sem vítima;7,100;BR-50/MG;Crescente;Choque;0;0;0;0;0;1;0;0;0;0;1;0;0;0;0
26/12/2021;21:30:00;329;Com vítima;193,700;BR-50/MG;Decrescente;Choque;1;0;0;0;0;0;0;0;0;0;0;0;4;0;0
26/12/2021;23:25:00;356;Com vítima;270,000;BR-50/MG;Crescente;Choque;0;0;0;1;0;0;0;0;0;0;1;0;1;0;0
27/12/2021;01:59:00;15;Sem vítima;100,470;BR-50/MG;Decrescente;Atropelamento de animal;0;0;0;0;0;1;0;0;0;0;1;0;0;0;0
27/12/2021;06:10:00;33;Sem vítima;186,100;BR-50/MG;Decrescente;Colisão traseira;0;0;0;0;0;1;0;0;0;1;1;0;0;0;0
27/12/2021;06:56:00;43;Com vítima;178,300;BR-50/MG;Crescente;Queda de moto;0;0;0;1;0;0;0;0;0;0;0;2;0;0;0
27/12/2021;09:14:00;105;Com vítima;265,960;BR-50/MG;Crescente;Choque;0;0;0;0;0;0;0;0;0;1;0;2;0;0;0
27/12/2021;10:54:00;152;Sem vítima;35,250;BR-50/MG;Decrescente;Colisão lateral no mesmo sentido;0;0;0;0;0;1;0;0;0;0;0;0;0;0;0
27/12/2021;11:24:00;171;Com vítima;50,940;BR-50/MG;Decrescente;Choque;1;0;0;0;0;0;0;0;0;0;0;1;0;0;0
27/12/2021;23:02:00;364;Com vítima;55,000;BR-50/MG;Crescente;Capotamento;0;0;1;0;0;0;0;0;0;0;0;0;1;0;0
28/12/2021;08:36:00;72;Sem vítima;43,100;BR-50/MG;Decrescente;Colisão lateral no mesmo sentido;1;0;0;0;0;0;0;0;0;1;2;0;0;0;0
28/12/2021;16:23:00;256;Sem vítima;246,400;BR-50/MG;Crescente;Choque;0;0;0;0;0;0;0;0;0;1;2;0;0;0;0
28/12/2021;18:25:00;277;Com vítima;57,000;BR-50/MG;Decrescente;Queda de moto;0;0;0;1;0;0;0;0;0;0;0;1;0;0;0
28/12/2021;20:36:00;309;Com vítima;203,000;BR-50/MG;Crescente;Queda de moto;0;0;0;1;0;0;0;0;0;0;0;1;0;0;0
29/12/2021;09:54:00;108;Com vítima;137,000;BR-50/MG;Decrescente;Capotamento;1;0;0;0;0;0;0;0;0;0;0;2;0;0;0
29/12/2021;14:57:00;203;Sem vítima;170,000;BR-50/MG;Decrescente;Colisão traseira;0;0;0;0;0;2;0;0;0;0;2;0;0;0;0
29/12/2021;16:18:00;225;Com vítima;149,900;BR-50/MG;Decrescente;Tombamento;0;0;1;0;0;0;0;0;0;0;1;1;0;0;0
29/12/2021;17:09:00;240;Sem vítima;62,000;BR-50/MG;Crescente;Acidentes de outra natureza;1;0;0;0;0;0;0;0;0;0;4;0;0;0;0
29/12/2021;21:44:00;295;Sem vítima;156,800;BR-50/MG;Decrescente;Choque;1;0;0;0;0;0;0;0;0;0;1;0;0;0;0
30/12/2021;13:39:00;172;Com vítima;18,800;BR-50/MG;Crescente;Choque;1;0;0;0;0;0;0;0;0;0;0;0;1;0;0
30/12/2021;13:57:00;180;Sem vítima;235,000;BR-50/MG;Crescente;Choque;1;0;0;0;0;0;0;0;0;0;2;0;0;0;0
30/12/2021;17:26:00;231;Sem vítima;29,800;BR-50/MG;Decrescente;Choque;1;0;0;0;0;0;0;0;0;0;3;0;0;0;0
31/12/2021;08:02:00;55;Sem vítima;58,100;BR-50/MG;Decrescente;Choque;1;0;0;0;0;0;0;0;0;0;5;0;0;0;0
31/12/2021;12:07:00;130;Sem vítima;144,700;BR-50/MG;Crescente;Choque;1;0;0;0;0;0;0;0;0;0;2;0;0;0;0
31/12/2021;18:41:00;234;Sem vítima;173,300;BR-50/MG;Crescente;Colisão lateral no mesmo sentido;1;0;0;0;0;0;0;0;0;1;4;0;0;0;0
01/01/2022;10:56:00;67;Sem vítima;235,970;BR-50/MG;Decrescente;Choque;1;0;0;0;0;0;0;0;0;0;1;0;0;0;0
01/01/2022;12:29:00;81;Sem vítima;101,350;BR-50/MG;Crescente;Choque;0;0;0;0;0;0;0;0;0;2;6;0;0;0;0
01/01/2022;15:35:00;111;Sem vítima;195,500;BR-50/MG;Crescente;Choque;1;0;0;0;0;0;0;0;0;0;3;0;0;0;0
02/01/2022;07:37:00;37;Sem vítima;17,100;BR-50/MG;Decrescente;Choque;1;0;0;0;0;0;0;0;0;0;2;0;0;0;0
02/01/2022;10:33:00;74;Sem vítima;125,500;BR-50/MG;Decrescente;Choque;1;0;0;0;0;0;0;0;0;0;2;0;0;0;0
02/01/2022;10:38:00;79;Com vítima;226,000;BR-50/MG;Crescente;Choque;0;0;0;1;0;0;0;0;0;0;0;1;0;0;0
02/01/2022;10:48:00;83;Sem vítima;29,800;BR-50/MG;Crescente;Choque;0;0;0;0;0;0;0;0;0;1;2;0;0;0;0
02/01/2022;13:08:00;115;Sem vítima;273,000;BR-50/MG;Crescente;Choque;1;0;0;0;0;0;0;0;0;0;1;0;0;0;0
02/01/2022;15:08:00;142;Com vítima;97,700;BR-50/MG;Crescente;Colisão transversal;2;0;0;0;0;0;0;0;0;0;3;2;0;0;0
02/01/2022;16:37:00;182;Sem vítima;119,800;BR-50/MG;Decrescente;Colisão transversal;1;0;0;0;0;1;0;0;0;0;2;0;0;0;0
02/01/2022;18:12:00;206;Com vítima;118,840;BR-50/MG;Crescente;Capotamento;1;0;0;0;0;0;0;0;0;0;1;0;1;1;0
02/01/2022;18:29:00;212;Com vítima;151,000;BR-50/MG;Crescente;Capotamento;1;0;0;0;0;0;0;0;0;0;0;1;2;0;0
02/01/2022;19:47:00;234;Com vítima;99,150;BR-50/MG;Crescente;Atropelamento de animal;1;0;0;0;0;0;0;0;0;0;2;0;1;0;0
03/01/2022;00:39:00;10;Sem vítima;64,740;BR-50/MG;Decrescente;Choque;1;0;0;0;0;0;0;0;0;0;4;0;0;0;0
03/01/2022;02:12:00;22;Sem vítima;32,000;BR-50/MG;Crescente;Acidentes de outra natureza;0;0;1;0;0;1;0;0;0;0;2;0;0;0;0
03/01/2022;22:47:00;321;Sem vítima;272,730;BR-50/MG;Decrescente;Choque;0;0;0;0;1;0;0;0;0;0;1;0;0;0;0
03/01/2022;23:43:00;332;Com vítima;127,900;BR-50/MG;Decrescente;Colisão traseira;0;0;0;0;0;2;0;0;0;0;1;0;1;0;0
04/01/2022;10:04:00;148;Sem vítima;34,540;BR-50/MG;Decrescente;Choque;1;0;0;0;0;0;0;0;0;0;1;0;0;0;0
04/01/2022;12:42:00;209;Sem vítima;16,520;BR-50/MG;Crescente;Choque;0;0;1;0;0;0;0;0;0;0;1;0;0;0;0
04/01/2022;12:52:00;214;Sem vítima;272,200;BR-50/MG;Decrescente;Choque;0;0;0;0;0;0;0;0;0;1;1;0;0;0;0
04/01/2022;13:39:00;228;Com vítima;192,990;BR-50/MG;Crescente;Queda de moto;0;0;0;1;0;0;0;0;0;0;0;1;0;0;0
04/01/2022;16:51:00;282;Sem vítima;53,280;BR-50/MG;Crescente;Choque;0;0;0;0;0;0;0;0;0;1;1;0;0;0;0
05/01/2022;01:52:00;9;Sem vítima;82,700;BR-50/MG;Crescente;Choque;1;0;0;0;0;0;0;0;0;0;3;0;0;0;0
05/01/2022;07:40:00;44;Sem vítima;204,300;BR-50/MG;Crescente;Choque;1;0;0;0;0;0;0;0;0;0;1;0;0;0;0
05/01/2022;11:34:00;149;Com vítima;233,380;BR-50/MG;Crescente;Capotamento;0;0;0;0;0;0;0;0;0;1;0;1;4;0;0
06/01/2022;03:36:00;16;Sem vítima;203,800;BR-50/MG;Decrescente;Colisão traseira;0;0;0;0;0;0;0;0;0;1;1;0;0;0;0
06/01/2022;10:45:00;123;Sem vítima;165,500;BR-50/MG;Decrescente;Choque;1;0;0;0;0;0;0;0;0;0;3;0;0;0;0
06/01/2022;11:09:00;128;Sem vítima;132,500;BR-50/MG;Crescente;Choque;0;0;0;0;0;0;0;0;0;1;2;0;0;0;0
06/01/2022;14:17:00;177;Com vítima;1,500;BR-50/MG;Decrescente;Atropelamento de animal;1;0;0;0;0;0;0;0;0;0;0;0;1;0;0
07/01/2022;06:50:00;24;Com vítima;18,800;BR-50/MG;Crescente;Choque;1;0;0;0;0;0;0;0;0;0;0;4;0;0;0
07/01/2022;08:10:00;54;Sem vítima;102,480;BR-50/MG;Decrescente;Atropelamento de animal;1;0;0;0;0;0;0;0;0;0;2;0;0;0;0
07/01/2022;10:38:00;110;Sem vítima;128,150;BR-50/MG;Decrescente;Choque;1;0;0;0;0;0;0;0;0;0;1;0;0;0;0
07/01/2022;13:06:00;157;Com vítima;140,300;BR-50/MG;Crescente;Capotamento;1;0;0;0;0;0;0;0;0;0;0;0;4;0;0
08/01/2022;08:01:00;70;Com vítima;182,750;BR-50/MG;Decrescente;Queda de moto;0;0;0;1;0;0;0;0;0;0;0;1;0;0;0
08/01/2022;13:23:00;200;Sem vítima;64,580;BR-50/MG;Decrescente;Choque;1;0;0;0;0;0;0;0;0;0;1;0;0;0;0
08/01/2022;13:57:00;210;Sem vítima;58,060;BR-50/MG;Crescente;Choque;1;0;0;0;0;0;0;0;0;0;1;0;0;0;0
08/01/2022;14:24:00;217;Com vítima;11,600;Contorno de Uberlândia/MG;Crescente;Capotamento;1;0;0;0;0;0;0;0;0;0;0;0;1;0;0
08/01/2022;14:25:00;218;Com vítima;7,800;Contorno de Uberlândia/MG;Crescente;Capotamento;1;0;0;0;0;0;0;0;0;0;0;0;1;0;0
08/01/2022;16:53:00;268;Sem vítima;10,100;BR-50/MG;Decrescente;Choque;1;0;0;0;0;0;0;0;0;0;3;0;0;0;0
08/01/2022;17:06:00;270;Sem vítima;287,480;BR-50/MG;Crescente;Choque;1;0;0;0;0;0;0;0;0;0;3;0;0;0;0
09/01/2022;02:24:00;9;Com vítima;36,200;BR-50/MG;Crescente;Choque;1;0;0;0;0;0;0;0;0;0;0;2;0;0;0
09/01/2022;08:51:00;64;Sem vítima;195,027;BR-50/MG;Crescente;Choque;0;0;0;0;0;0;0;0;0;1;4;0;0;0;0
09/01/2022;11:27:00;132;Com vítima;1,800;BR-50/MG;Decrescente;Choque;0;0;0;0;0;0;0;0;0;1;0;1;2;0;0
09/01/2022;19:25:00;244;Com vítima;171,200;BR-50/MG;Crescente;Choque;0;0;0;1;0;0;0;0;0;0;0;1;1;0;0
10/01/2022;02:04:00;9;Com vítima;242,000;BR-50/MG;Decrescente;Tombamento;0;0;0;0;0;1;0;0;0;0;0;1;0;0;0
10/01/2022;02:20:00;11;Sem vítima;123,800;BR-50/MG;Crescente;Choque;1;0;0;0;0;0;0;0;0;0;1;0;0;0;0
10/01/2022;03:27:00;14;Sem vítima;178,000;BR-50/MG;Decrescente;Choque;0;0;0;0;0;0;0;0;0;1;4;0;0;0;0
10/01/2022;15:12:00;235;Sem vítima;62,200;BR-50/MG;Crescente;Choque;0;0;0;0;0;0;0;0;0;1;1;0;0;0;0
10/01/2022;15:27:00;239;Com vítima;105,000;BR-50/MG;Crescente;Colisão traseira;0;0;1;0;0;0;0;0;0;1;4;1;0;0;0
10/01/2022;19:26:00;281;Com vítima;9,900;Contorno de Uberlândia/MG;Crescente;Choque;1;0;0;0;0;0;0;0;0;0;0;1;0;0;0
10/01/2022;19:57:00;289;Sem vítima;230,700;BR-50/MG;Decrescente;Choque;1;0;0;0;0;0;0;0;0;0;3;0;0;0;0
11/01/2022;06:04:00;31;Sem vítima;195,000;BR-50/MG;Crescente;Capotamento;1;0;0;0;0;0;0;0;0;0;2;0;0;0;0
11/01/2022;09:30:00;117;Sem vítima;178,700;BR-50/MG;Decrescente;Choque;1;0;0;0;0;0;0;0;0;0;1;0;0;0;0
11/01/2022;09:30:00;123;Sem vítima;178,780;BR-50/MG;Decrescente;Choque;0;0;0;0;0;1;0;0;0;0;1;0;0;0;0
11/01/2022;12:23:00;189;Sem vítima;54,000;BR-50/MG;Crescente;Choque;0;0;1;0;0;0;0;0;0;0;1;0;0;0;0
11/01/2022;13:25:00;205;Sem vítima;195,200;BR-50/MG;Crescente;Choque;0;0;0;0;0;1;0;0;0;0;2;0;0;0;0
11/01/2022;14:20:00;217;Sem vítima;198,600;BR-50/MG;Crescente;Colisão transversal;0;0;1;0;0;1;0;0;0;0;2;0;0;0;0
11/01/2022;15:25:00;250;Sem vítima;206,970;BR-50/MG;Decrescente;Choque;0;0;0;0;0;1;0;0;0;0;1;0;0;0;0
12/01/2022;10:07:00;144;Sem vítima;198,000;BR-50/MG;Crescente;Choque;0;0;1;0;0;0;0;0;0;0;1;0;0;0;0
12/01/2022;10:25:00;153;Sem vítima;202,000;BR-50/MG;Crescente;Choque;1;0;0;0;0;0;0;0;0;0;1;0;0;0;0
12/01/2022;18:57:00;317;Sem vítima;114,300;BR-50/MG;Decrescente;Choque;0;0;0;0;0;0;0;0;0;1;1;0;0;0;0
13/01/2022;04:43:00;24;Com vítima;133,900;BR-50/MG;Decrescente;Choque;0;0;1;0;0;0;0;0;0;0;0;1;0;0;0
13/01/2022;08:13:00;62;Com vítima;169,350;BR-50/MG;Crescente;Colisão traseira;1;0;0;0;0;2;0;0;0;0;2;1;0;0;0
13/01/2022;09:21:00;87;Sem vítima;117,550;BR-50/MG;Decrescente;Atropelamento de animal;0;0;0;0;0;0;0;0;0;1;1;0;0;0;0
13/01/2022;11:36:00;155;Com vítima;153,400;BR-50/MG;Decrescente;Capotamento;1;0;0;0;0;0;0;0;0;0;0;4;0;0;0
13/01/2022;14:05:00;186;Sem vítima;31,120;BR-50/MG;Decrescente;Choque;1;0;0;0;0;0;0;0;0;0;4;0;0;0;0
13/01/2022;16:16:00;234;Sem vítima;178,950;BR-50/MG;Decrescente;Choque;0;0;0;0;0;0;0;0;0;1;2;0;0;0;0
14/01/2022;12:08:00;189;Sem vítima;143,985;BR-50/MG;Crescente;Colisão traseira;0;0;0;1;0;1;0;0;0;0;0;0;0;0;0
14/01/2022;21:41:00;372;Sem vítima;172,000;BR-50/MG;Crescente;Atropelamento de animal;1;0;0;0;0;0;0;0;0;0;2;0;0;0;0
15/01/2022;00:02:00;1;Sem vítima;119,000;BR-50/MG;Crescente;Choque;1;0;0;0;0;0;0;0;0;0;1;0;0;0;0
15/01/2022;00:53:00;5;Com vítima;198,970;BR-50/MG;Crescente;Choque;0;0;0;0;1;0;0;0;0;0;26;3;11;0;1
15/01/2022;03:34:00;17;Com vítima;96,900;BR-50/MG;Decrescente;Atropelamento de pedestre;0;0;0;0;0;0;0;0;0;0;0;0;0;0;1
15/01/2022;07:19:00;45;Sem vítima;1,950;BR-50/MG;Crescente;Colisão traseira;1;0;0;0;0;1;0;0;0;0;0;0;0;0;0
15/01/2022;13:13:00;168;Sem vítima;174,000;BR-50/MG;Decrescente;Queda de bicicleta;0;1;0;0;0;0;0;0;0;0;1;0;0;0;0
15/01/2022;13:52:00;180;Sem vítima;58,000;BR-50/MG;Decrescente;Colisão lateral no mesmo sentido;1;0;0;0;0;1;0;0;0;0;5;0;0;0;0
15/01/2022;17:26:00;250;Sem vítima;176,850;BR-50/MG;Decrescente;Colisão traseira;1;0;0;0;0;1;0;0;0;0;3;0;0;0;0
16/01/2022;05:59:00;21;Sem vítima;174,000;BR-50/MG;Crescente;Choque;1;0;0;0;0;0;0;0;0;0;1;0;0;0;0
16/01/2022;16:43:00;213;Com vítima;204,700;BR-50/MG;Decrescente;Capotamento;1;0;0;0;0;0;0;0;0;0;3;1;0;0;0
16/01/2022;20:31:00;283;Sem vítima;62,200;BR-50/MG;Crescente;Tombamento;0;0;1;0;0;0;0;0;0;0;1;0;0;0;0
16/01/2022;22:43:00;312;Sem vítima;305,500;BR-50/MG;Crescente;Choque;1;0;0;0;0;0;0;0;0;0;1;0;0;0;0
17/01/2022;07:50:00;51;Sem vítima;179,500;BR-50/MG;Crescente;Colisão traseira;0;0;2;0;0;1;0;0;0;0;3;0;0;0;0
17/01/2022;15:31:00;215;Sem vítima;53,100;BR-50/MG;Crescente;Choque;0;0;0;0;0;1;0;0;0;0;1;0;0;0;0
17/01/2022;16:56:00;253;Sem vítima;287,800;BR-50/MG;Crescente;Choque;1;0;0;0;0;0;0;0;0;0;1;0;0;0;0
18/01/2022;07:23:00;50;Com vítima;205,500;BR-50/MG;Decrescente;Atropelamento de pedestre;0;0;2;0;0;0;0;0;0;0;1;1;0;0;0
18/01/2022;11:32:00;130;Sem vítima;209,560;BR-50/MG;Crescente;Choque;0;0;0;0;0;0;0;0;0;1;1;0;0;0;0
18/01/2022;14:07:00;171;Sem vítima;190,900;BR-50/MG;Crescente;Choque;0;0;0;0;0;1;0;0;0;0;1;0;0;0;0
18/01/2022;19:52:00;255;Com vítima;98,600;BR-50/MG;Crescente;Colisão frontal;1;0;0;0;0;1;0;0;0;0;1;0;3;0;2
19/01/2022;01:31:00;12;Sem vítima;142,000;BR-50/MG;Crescente;Choque;0;0;1;0;0;0;0;0;0;0;1;0;0;0;0
19/01/2022;08:50:00;88;Sem vítima;178,100;BR-50/MG;Decrescente;Choque;1;0;0;0;0;0;0;0;0;0;1;0;0;0;0
19/01/2022;16:37:00;302;Sem vítima;192,900;BR-50/MG;Decrescente;Choque;0;0;1;0;0;0;0;0;0;0;1;0;0;0;0
19/01/2022;19:53:00;358;Sem vítima;168,200;BR-50/MG;Decrescente;Choque;0;0;1;0;0;0;0;0;0;0;2;0;0;0;0
19/01/2022;20:39:00;366;Sem vítima;175,700;BR-50/MG;Decrescente;Colisão lateral no mesmo sentido;1;0;0;0;0;1;0;0;0;0;3;0;0;0;0
20/01/2022;05:43:00;23;Sem vítima;206,670;BR-50/MG;Crescente;Choque;0;0;1;0;0;0;0;0;0;0;3;0;0;0;0
20/01/2022;08:09:00;61;Sem vítima;282,800;BR-50/MG;Crescente;Colisão transversal;0;0;1;0;0;0;0;0;0;0;2;0;0;0;0
20/01/2022;15:19:00;235;Sem vítima;139,500;BR-50/MG;Crescente;Capotamento;1;0;0;0;0;0;0;0;0;0;0;0;0;0;0
20/01/2022;17:09:00;268;Com vítima;90,190;BR-50/MG;Crescente;Tombamento;0;0;0;0;0;1;0;0;0;0;0;1;0;0;0
20/01/2022;19:49:00;311;Sem vítima;100,500;BR-50/MG;Decrescente;Atropelamento de animal;0;0;0;0;0;0;0;0;0;1;1;0;0;0;0
21/01/2022;04:11:00;30;Sem vítima;6,800;BR-50/MG;Crescente;Choque;1;0;0;0;0;0;0;0;0;0;3;0;0;0;0
21/01/2022;05:31:00;36;Com vítima;113,950;BR-50/MG;Decrescente;Colisão traseira;0;0;1;0;1;0;0;0;0;0;9;0;1;0;0
21/01/2022;17:36:00;303;Sem vítima;169,500;BR-50/MG;Crescente;Colisão traseira;1;0;0;0;0;0;0;0;0;0;3;0;0;0;0
22/01/2022;14:29:00;172;Sem vítima;62,400;BR-50/MG;Crescente;Choque;0;0;0;0;0;0;0;0;0;1;1;0;0;0;0
22/01/2022;14:34:00;174;Com vítima;29,700;BR-50/MG;Decrescente;Choque;0;0;0;1;0;0;0;0;0;0;1;0;1;0;0
22/01/2022;14:40:00;178;Sem vítima;81,000;BR-50/MG;Decrescente;Choque;0;0;1;0;0;0;0;0;0;0;1;0;0;0;0
22/01/2022;15:39:00;190;Com vítima;17,000;BR-50/MG;Decrescente;Tombamento;0;0;1;0;0;0;0;0;0;0;0;0;1;0;0
22/01/2022;16:39:00;211;Com vítima;279,600;BR-50/MG;Decrescente;Atropelamento de pedestre;0;0;1;0;0;0;0;0;0;0;2;0;0;0;1
23/01/2022;08:20:00;75;Com vítima;29,740;BR-50/MG;Decrescente;Choque;0;0;0;1;0;0;0;0;0;0;0;0;0;0;1
23/01/2022;08:57:00;84;Sem vítima;179,250;BR-50/MG;Decrescente;Colisão traseira;1;0;1;0;0;0;0;0;0;0;5;0;0;0;0
23/01/2022;16:40:00;223;Sem vítima;27,800;BR-50/MG;Crescente;Choque;1;0;0;0;0;0;0;0;0;0;3;0;0;0;0
23/01/2022;17:07:00;235;Sem vítima;62,640;BR-50/MG;Decrescente;Colisão lateral no mesmo sentido;1;0;0;0;1;0;0;0;0;0;2;0;0;0;0
23/01/2022;18:20:00;256;Sem vítima;278,900;BR-50/MG;Crescente;Colisão traseira;2;0;0;0;0;0;0;0;0;0;5;0;0;0;0
24/01/2022;02:25:00;20;Sem vítima;192,500;BR-50/MG;Crescente;Choque;0;0;0;0;0;0;0;0;0;1;1;0;0;0;0
24/01/2022;06:30:00;34;Sem vítima;196,900;BR-50/MG;Decrescente;Choque;1;0;0;0;0;0;0;0;0;0;1;0;0;0;0
24/01/2022;10:51:00;154;Sem vítima;250,570;BR-50/MG;Crescente;Tombamento;0;0;0;0;0;1;0;0;0;0;0;0;0;0;0
25/01/2022;00:31:00;1;Sem vítima;41,260;BR-50/MG;Crescente;Choque;1;0;0;0;0;0;0;0;0;0;1;0;0;0;0
25/01/2022;09:26:00;77;Sem vítima;104,900;BR-50/MG;Decrescente;Colisão traseira;2;0;0;0;0;0;0;0;0;0;2;0;0;0;0
25/01/2022;12:40:00;145;Sem vítima;18,050;Contorno de Uberlândia/MG;Crescente;Colisão traseira;0;0;0;1;0;0;0;0;0;0;1;0;0;0;0
25/01/2022;12:47:00;148;Sem vítima;27,680;BR-50/MG;Crescente;Choque;0;0;0;0;0;0;0;0;0;1;1;0;0;0;0
25/01/2022;13:19:00;155;Sem vítima;38,400;BR-50/MG;Crescente;Choque;1;0;0;0;0;0;0;0;0;0;1;0;0;0;0
25/01/2022;17:28:00;243;Sem vítima;148,500;BR-50/MG;Decrescente;Tombamento;1;0;0;0;0;0;0;0;0;0;1;0;0;0;0
25/01/2022;17:37:00;245;Com vítima;81,850;BR-50/MG;Decrescente;Colisão traseira;2;0;0;0;0;0;0;0;0;0;5;1;0;0;0
26/01/2022;04:57:00;21;Sem vítima;229,600;BR-50/MG;Decrescente;Choque;0;0;0;0;0;0;0;0;0;1;1;0;0;0;0
26/01/2022;07:34:00;48;Com vítima;53,800;BR-50/MG;Crescente;Choque;1;0;0;0;0;0;0;0;0;0;2;2;0;0;0
27/01/2022;03:09:00;21;Com vítima;150,600;BR-50/MG;Crescente;Choque;0;0;1;0;0;0;0;0;0;0;0;1;0;0;0
27/01/2022;05:55:00;33;Sem vítima;168,250;BR-50/MG;Crescente;Choque;0;0;0;0;0;0;0;0;0;1;1;0;0;0;0
27/01/2022;07:41:00;70;Sem vítima;88,700;BR-50/MG;Decrescente;Tombamento;0;0;0;0;0;0;0;0;0;1;1;0;0;0;0
27/01/2022;09:12:00;118;Sem vítima;8,000;BR-50/MG;Crescente;Choque;1;0;0;0;0;0;0;0;0;0;3;0;0;0;0
27/01/2022;11:48:00;200;Com vítima;51,000;BR-50/MG;Decrescente;Colisão traseira;1;0;1;0;0;0;0;0;0;0;2;2;0;0;0
27/01/2022;20:40:00;354;Com vítima;283,000;BR-50/MG;Decrescente;Colisão transversal;1;0;0;1;0;0;0;0;0;0;4;0;1;0;0
27/01/2022;20:45:00;356;Com vítima;170,250;BR-50/MG;Crescente;Queda de moto;0;0;0;1;0;0;0;0;0;0;0;1;0;0;0
27/01/2022;22:25:00;383;Com vítima;170,000;BR-50/MG;Decrescente;Queda de moto;0;0;0;1;0;0;0;0;0;0;0;2;0;0;0
28/01/2022;00:17:00;4;Sem vítima;58,900;BR-50/MG;Crescente;Choque;1;0;0;0;0;0;0;0;0;0;2;0;0;0;0
28/01/2022;01:25:00;13;Sem vítima;61,500;BR-50/MG;Decrescente;Choque;1;0;0;0;0;0;0;0;0;0;1;0;0;0;0
28/01/2022;13:08:00;184;Com vítima;262,950;BR-50/MG;Crescente;Capotamento;1;0;0;0;0;0;0;0;0;0;0;2;0;0;0
28/01/2022;13:38:00;199;Com vítima;46,800;BR-50/MG;Crescente;Capotamento;1;0;0;0;0;0;0;0;0;0;0;1;0;0;0
28/01/2022;17:33:00;277;Sem vítima;29,700;BR-50/MG;Decrescente;Tombamento;0;0;0;0;0;1;0;0;0;0;2;0;0;0;0
28/01/2022;17:56:00;280;Sem vítima;50,080;BR-50/MG;Crescente;Colisão traseira;1;0;0;0;0;0;0;0;0;1;4;0;0;0;0
28/01/2022;18:44:00;291;Sem vítima;130,850;BR-50/MG;Crescente;Choque;1;0;0;0;0;0;0;0;0;0;1;0;0;0;0
28/01/2022;22:17:00;330;Com vítima;201,200;BR-50/MG;Crescente;Colisão traseira;0;0;0;0;0;0;0;0;0;2;8;2;0;0;0
29/01/2022;08:20:00;65;Sem vítima;173,500;BR-50/MG;Crescente;Choque;1;0;0;0;0;0;0;0;0;0;2;0;0;0;0
29/01/2022;20:02:00;252;Sem vítima;84,900;BR-50/MG;Decrescente;Choque;1;0;0;0;0;0;0;0;0;0;2;0;0;0;0
29/01/2022;21:16:00;263;Com vítima;170,500;BR-50/MG;Crescente;Queda de moto;0;0;0;1;0;0;0;0;0;0;0;0;1;0;0
30/01/2022;04:06:00;17;Sem vítima;117,750;BR-50/MG;Crescente;Choque;0;0;0;0;0;1;0;0;0;0;1;0;0;0;0
30/01/2022;12:50:00;135;Sem vítima;268,310;BR-50/MG;Decrescente;Choque;1;0;0;0;0;0;0;0;0;0;1;0;0;0;0
30/01/2022;13:59:00;149;Com vítima;167,800;BR-50/MG;Decrescente;Capotamento;0;0;0;0;0;0;0;0;0;1;2;2;0;0;0
30/01/2022;16:32:00;194;Com vítima;174,450;BR-50/MG;Decrescente;Queda de moto;0;0;0;1;0;0;0;0;0;0;0;0;1;0;0
30/01/2022;21:01:00;268;Sem vítima;174,300;BR-50/MG;Crescente;Colisão traseira;1;0;0;0;0;0;0;0;0;0;3;0;0;0;0
31/01/2022;10:55:00;119;Sem vítima;51,470;BR-50/MG;Crescente;Colisão traseira;0;0;1;0;0;1;0;0;0;0;2;0;0;0;0
31/01/2022;11:16:00;123;Sem vítima;16,480;Contorno de Uberlândia/MG;Decrescente;Capotamento;1;0;0;0;0;0;0;0;0;0;3;0;0;0;0
31/01/2022;19:35:00;277;Sem vítima;1,500;BR-50/MG;Decrescente;Choque;1;0;0;0;0;0;0;0;0;0;3;0;0;0;0
31/01/2022;19:38:00;280;Sem vítima;105,800;BR-50/MG;Crescente;Tombamento;0;0;0;0;0;1;0;0;0;0;1;0;0;0;0
31/01/2022;21:37:00;305;Com vítima;180,000;BR-50/MG;Crescente;Queda de moto;0;0;0;1;0;0;0;0;0;0;0;0;0;1;0
01/02/2022;08:13:00;52;Sem vítima;56,000;BR-50/MG;Decrescente;Colisão traseira;0;0;1;0;0;0;0;0;0;1;2;0;0;0;0
01/02/2022;08:44:00;63;Com vítima;248,130;BR-50/MG;Crescente;Colisão lateral no mesmo sentido;2;0;0;0;0;0;0;0;0;0;2;2;0;0;0
01/02/2022;10:33:00;104;Com vítima;185,300;BR-50/MG;Crescente;Colisão lateral no mesmo sentido;0;0;0;0;0;1;0;0;0;1;3;1;0;0;0
01/02/2022;13:22:00;148;Sem vítima;198,000;BR-50/MG;Crescente;Acidentes de outra natureza;0;0;0;0;0;0;0;0;0;1;1;0;0;0;0
01/02/2022;19:34:00;247;Sem vítima;189,500;BR-50/MG;Crescente;Tombamento;0;0;0;0;0;1;0;0;0;0;1;0;0;0;0
01/02/2022;22:53:00;276;Com vítima;55,500;BR-50/MG;Decrescente;Tombamento;0;0;0;0;0;1;0;0;0;0;0;0;0;1;0
02/02/2022;00:05:00;1;Sem vítima;55,800;BR-50/MG;Decrescente;Colisão lateral no mesmo sentido;0;0;0;0;0;2;0;0;0;0;2;0;0;0;0
02/02/2022;06:44:00;31;Sem vítima;14,900;Contorno de Uberlândia/MG;Decrescente;Colisão lateral no mesmo sentido;0;0;0;0;0;0;0;0;0;1;1;0;0;0;0
02/02/2022;10:30:00;126;Sem vítima;177,000;BR-50/MG;Crescente;Choque;0;0;0;0;0;1;0;0;0;0;1;0;0;0;0
02/02/2022;12:35:00;171;Com vítima;102,400;BR-50/MG;Crescente;Choque;1;0;0;0;0;0;0;0;0;0;0;1;0;0;0
02/02/2022;12:35:00;172;Sem vítima;101,950;BR-50/MG;Crescente;Choque;0;0;0;0;0;0;0;0;0;1;1;0;0;0;0
02/02/2022;16:50:00;238;Com vítima;84,900;BR-50/MG;Decrescente;Colisão frontal;1;0;0;0;0;1;0;0;0;0;1;1;1;0;0
02/02/2022;18:28:00;261;Com vítima;127,990;BR-50/MG;Decrescente;Atropelamento de animal;1;0;0;0;0;0;0;0;0;0;1;0;1;0;0