data;horario;n_da_ocorrencia;tipo_de_ocorrencia;km;trecho;sentido;tipo_de_acidente;automovel;bicicleta;caminhao;moto;onibus;outros;tracao_animal;transporte_de_cargas_especiais;trator_maquinas;utilitarios;ilesos;levemente_feridos;moderadamente_feridos;gravemente_feridos;mortos
02/02/2022;19:08:00;276;Sem vítima;51,000;BR-50/MG;Crescente;Colisão lateral no mesmo sentido;1;0;0;0;0;0;0;0;0;0;2;0;0;0;0
02/02/2022;23:28:00;321;Sem vítima;195,200;BR-50/MG;Crescente;Choque;1;0;0;0;0;0;0;0;0;0;1;0;0;0;0
03/02/2022;08:44:00;95;Com vítima;160,650;BR-50/MG;Decrescente;Queda de moto;0;0;0;1;0;0;0;0;0;0;0;1;0;0;0
03/02/2022;10:37:00;142;Sem vítima;25,860;BR-50/MG;Crescente;Acidentes de outra natureza;1;0;0;0;0;0;0;0;0;1;2;0;0;0;0
03/02/2022;12:32:00;189;Com vítima;79,800;BR-50/MG;Decrescente;Choque;0;0;0;0;0;1;0;0;0;0;0;0;0;0;1
03/02/2022;13:17:00;202;Sem vítima;136,000;BR-50/MG;Crescente;Choque;0;0;1;0;0;0;0;0;0;0;1;0;0;0;0
03/02/2022;14:13:00;220;Sem vítima;257,000;BR-50/MG;Decrescente;Choque;1;0;0;0;0;0;0;0;0;0;1;0;0;0;0
03/02/2022;19:14:00;322;Com vítima;275,000;BR-50/MG;Decrescente;Colisão lateral no mesmo sentido;0;0;0;1;0;1;0;0;0;0;1;1;0;0;0
03/02/2022;19:24:00;324;Sem vítima;81,200;BR-50/MG;Crescente;Colisão traseira;0;0;1;0;0;1;0;0;0;0;4;0;0;0;0
04/02/2022;07:01:00;50;Sem vítima;2,470;BR-50/MG;Crescente;Choque;1;0;0;0;0;0;0;0;0;0;2;0;0;0;0
04/02/2022;08:26:00;80;Com vítima;95,700;BR-50/MG;Decrescente;Choque;1;0;0;0;0;0;0;0;0;0;1;0;1;0;0
04/02/2022;12:16:00;200;Com vítima;194,100;BR-50/MG;Crescente;Capotamento;1;0;0;0;0;0;0;0;0;0;0;1;0;0;0
04/02/2022;17:16:00;310;Sem vítima;246,400;BR-50/MG;Crescente;Colisão lateral no mesmo sentido;1;0;0;0;0;0;0;0;0;1;3;0;0;0;0
04/02/2022;17:33:00;320;Com vítima;266,750;BR-50/MG;Crescente;Choque;1;0;0;0;0;0;0;0;0;0;0;1;0;0;0
04/02/2022;17:52:00;325;Com vítima;113,000;BR-50/MG;Decrescente;Capotamento;1;0;0;0;0;0;0;0;0;0;0;0;2;0;0
04/02/2022;22:35:00;408;Com vítima;119,000;BR-50/MG;Crescente;Colisão traseira;1;0;0;0;0;1;0;0;0;0;1;1;0;0;0
05/02/2022;00:38:00;4;Com vítima;119,900;BR-50/MG;Crescente;Choque;1;0;0;0;0;0;0;0;0;0;0;1;0;0;0
05/02/2022;03:59:00;25;Sem vítima;151,850;BR-50/MG;Decrescente;Capotamento;0;0;0;0;0;0;0;0;0;1;1;0;0;0;0
05/02/2022;07:29:00;67;Com vítima;133,760;BR-50/MG;Crescente;Capotamento;1;0;0;0;0;0;0;0;0;0;0;0;2;0;0
05/02/2022;12:12:00;185;Sem vítima;198,000;BR-50/MG;Crescente;Choque;0;0;0;0;0;0;0;0;0;1;1;0;0;0;0
05/02/2022;15:32:00;251;Sem vítima;148,960;BR-50/MG;Decrescente;Choque;1;0;0;0;0;0;0;0;0;0;1;0;0;0;0
05/02/2022;21:49:00;348;Sem vítima;96,600;BR-50/MG;Decrescente;Atropelamento de animal;1;0;0;0;0;0;0;0;0;0;4;0;0;0;0
05/02/2022;22:19:00;352;Sem vítima;36,000;BR-50/MG;Crescente;Choque;1;0;0;0;0;0;0;0;0;0;2;0;0;0;0
05/02/2022;23:01:00;356;Sem vítima;18,000;Contorno de Uberlândia/MG;Decrescente;Choque;1;0;0;0;0;0;0;0;0;1;3;0;0;0;0
06/02/2022;04:22:00;25;Sem vítima;45,000;BR-50/MG;Crescente;Choque;0;0;0;0;0;0;0;0;0;1;1;0;0;0;0
06/02/2022;05:17:00;34;Com vítima;96,050;BR-50/MG;Decrescente;Colisão traseira;1;0;0;0;0;1;0;0;0;0;1;1;1;2;0
06/02/2022;06:40:00;41;Sem vítima;198,320;BR-50/MG;Crescente;Choque;1;0;0;0;0;0;0;0;0;0;1;0;0;0;0
06/02/2022;12:49:00;152;Sem vítima;29,740;BR-50/MG;Crescente;Choque;1;0;0;0;0;0;0;0;0;0;1;0;0;0;0
06/02/2022;15:53:00;219;Com vítima;282,900;BR-50/MG;Crescente;Colisão transversal;1;0;0;0;0;0;0;0;0;0;1;0;0;0;0
07/02/2022;10:27:00;119;Com vítima;197,000;BR-50/MG;Decrescente;Choque;0;0;0;0;0;0;0;0;0;1;3;0;1;0;0
07/02/2022;14:55:00;203;Com vítima;100,250;BR-50/MG;Decrescente;Choque;1;0;0;0;0;0;0;0;0;0;0;1;0;0;0
07/02/2022;16:44:00;236;Com vítima;260,000;BR-50/MG;Decrescente;Colisão transversal;2;0;0;0;0;0;0;0;0;0;0;1;3;0;0
07/02/2022;17:12:00;245;Com vítima;134,600;BR-50/MG;Crescente;Capotamento;1;0;0;0;0;0;0;0;0;0;2;0;3;0;0
07/02/2022;19:37:00;284;Sem vítima;50,400;BR-50/MG;Crescente;Capotamento;1;0;0;0;0;0;0;0;0;0;1;0;0;0;0
07/02/2022;20:48:00;299;Sem vítima;264,400;BR-50/MG;Crescente;Choque;1;0;0;0;0;0;0;0;0;0;1;0;0;0;0
07/02/2022;22:36:00;313;Com vítima;118,990;BR-50/MG;Decrescente;Colisão traseira;1;0;0;0;0;1;0;0;0;0;2;2;0;0;0
08/02/2022;10:21:00;105;Com vítima;78,800;BR-50/MG;Crescente;Capotamento;0;0;0;0;0;0;0;0;0;1;0;3;0;0;0
08/02/2022;16:16:00;214;Com vítima;116,700;BR-50/MG;Decrescente;Colisão lateral no mesmo sentido;1;0;0;0;0;1;0;0;0;0;4;0;1;0;0
09/02/2022;12:58:00;239;Sem vítima;130,410;BR-50/MG;Decrescente;Choque;0;0;0;0;0;0;0;0;0;1;2;0;0;0;0
09/02/2022;17:42:00;319;Sem vítima;190,500;BR-50/MG;Crescente;Choque;1;0;0;0;0;0;0;0;0;0;3;0;0;0;0
09/02/2022;20:12:00;365;Com vítima;174,400;BR-50/MG;Decrescente;Atropelamento de pedestre;1;0;0;0;0;0;0;0;0;0;2;0;0;0;1
09/02/2022;21:04:00;373;Sem vítima;83,000;BR-50/MG;Decrescente;Choque;0;0;0;0;0;1;0;0;0;0;1;0;0;0;0
10/02/2022;10:51:00;149;Sem vítima;115,180;BR-50/MG;Decrescente;Choque;1;0;0;0;0;0;0;0;0;0;2;0;0;0;0
10/02/2022;16:38:00;249;Com vítima;189,650;BR-50/MG;Crescente;Capotamento;0;0;0;0;0;0;0;0;0;1;3;1;0;0;0
10/02/2022;19:27:00;300;Com vítima;179,000;BR-50/MG;Crescente;Queda de moto;0;0;0;1;0;0;0;0;0;0;1;1;0;0;0
10/02/2022;22:07:00;333;Com vítima;50,700;BR-50/MG;Crescente;Queda de moto;0;0;0;1;0;0;0;0;0;0;0;1;0;0;0
11/02/2022;09:56:00;115;Com vítima;261,930;BR-50/MG;Decrescente;Capotamento;0;0;0;0;0;0;0;0;0;1;1;0;2;0;0
11/02/2022;14:13:00;203;Sem vítima;18,860;BR-50/MG;Crescente;Colisão lateral no mesmo sentido;1;0;1;0;0;0;0;0;0;0;4;0;0;0;0
11/02/2022;17:57:00;270;Com vítima;61,350;BR-50/MG;Crescente;Queda de moto;0;0;0;1;0;0;0;0;0;0;0;1;0;0;0
12/02/2022;13:59:00;184;Sem vítima;126,600;BR-50/MG;Decrescente;Choque;0;0;0;0;0;0;0;0;0;1;2;0;0;0;0
12/02/2022;15:46:00;213;Sem vítima;190,500;BR-50/MG;Crescente;Choque;0;0;1;0;0;0;0;0;0;0;1;0;0;0;0
12/02/2022;16:31:00;231;Sem vítima;62,710;BR-50/MG;Decrescente;Choque;1;0;0;0;0;0;0;0;0;0;4;0;0;0;0
12/02/2022;16:33:00;232;Com vítima;53,700;BR-50/MG;Crescente;Choque;1;0;0;0;0;0;0;0;0;0;1;1;0;0;0
12/02/2022;16:58:00;240;Com vítima;179,050;BR-50/MG;Crescente;Colisão frontal;1;0;0;0;0;0;0;0;0;1;0;1;0;2;0
12/02/2022;17:00:00;241;Sem vítima;179,950;BR-50/MG;Decrescente;Choque;1;0;0;0;0;0;0;0;0;0;4;0;0;0;0
12/02/2022;17:31:00;248;Sem vítima;6,900;Contorno de Uberlândia/MG;Crescente;Choque;1;0;0;0;0;0;0;0;0;0;3;0;0;0;0
12/02/2022;17:59:00;254;Sem vítima;26,900;BR-50/MG;Crescente;Choque;1;0;0;0;0;0;0;0;0;0;2;0;0;0;0
12/02/2022;18:47:00;269;Sem vítima;119,000;BR-50/MG;Crescente;Choque;1;0;0;0;0;0;0;0;0;0;1;0;0;0;0
12/02/2022;19:53:00;283;Com vítima;180,000;BR-50/MG;Decrescente;Queda de moto;0;0;0;1;0;0;0;0;0;0;0;1;0;0;0
12/02/2022;21:12:00;305;Sem vítima;104,400;BR-50/MG;Crescente;Choque;0;0;0;0;0;0;0;0;0;1;3;0;0;0;0
12/02/2022;21:35:00;311;Sem vítima;104,200;BR-50/MG;Crescente;Choque;1;0;0;0;0;0;0;0;0;0;2;0;0;0;0
12/02/2022;22:03:00;321;Sem vítima;205,300;BR-50/MG;Crescente;Choque;1;0;0;0;0;0;0;0;0;0;1;0;0;0;0
12/02/2022;22:36:00;325;Sem vítima;46,000;BR-50/MG;Crescente;Choque;1;0;0;0;0;0;0;0;0;0;1;0;0;0;0
12/02/2022;22:36:00;330;Sem vítima;46,000;BR-50/MG;Crescente;Choque;1;0;0;0;0;0;0;0;0;0;2;0;0;0;0
13/02/2022;04:33:00;17;Sem vítima;96,600;BR-50/MG;Decrescente;Colisão frontal;1;0;1;0;0;0;0;0;0;0;3;0;0;0;0
13/02/2022;06:01:00;24;Sem vítima;189,280;BR-50/MG;Crescente;Colisão lateral no mesmo sentido;1;0;1;0;0;0;0;0;0;0;2;0;0;0;0
13/02/2022;07:13:00;47;Sem vítima;169,400;BR-50/MG;Decrescente;Choque;0;0;0;0;0;1;0;0;0;0;1;0;0;0;0
13/02/2022;09:18:00;91;Com vítima;43,000;BR-50/MG;Decrescente;Choque;1;0;0;0;0;0;0;0;0;0;0;1;0;0;0
13/02/2022;09:55:00;102;Com vítima;174,500;BR-50/MG;Crescente;Colisão traseira;0;0;0;1;0;0;1;0;0;0;1;1;0;0;0
13/02/2022;11:32:00;125;Sem vítima;174,250;BR-50/MG;Decrescente;Choque;1;0;0;0;0;0;0;0;0;0;1;0;0;0;0
13/02/2022;13:38:00;157;Sem vítima;290,050;BR-50/MG;Crescente;Choque;0;0;0;0;0;0;0;0;0;1;3;0;0;0;0
13/02/2022;17:37:00;223;Sem vítima;146,650;BR-50/MG;Crescente;Choque;1;0;0;0;0;0;0;0;0;0;2;0;0;0;0
13/02/2022;18:43:00;236;Com vítima;77,300;BR-50/MG;Crescente;Queda de moto;0;0;0;1;0;0;0;0;0;0;0;1;0;0;0
13/02/2022;20:19:00;259;Com vítima;202,300;BR-50/MG;Decrescente;Colisão lateral no mesmo sentido;0;0;0;1;0;0;0;0;0;0;0;2;0;0;0
13/02/2022;22:48:00;291;Com vítima;203,950;BR-50/MG;Crescente;Colisão traseira;2;0;0;0;0;0;0;0;0;0;2;2;0;0;0
14/02/2022;00:29:00;2;Sem vítima;44,500;BR-50/MG;Crescente;Choque;1;0;0;0;0;0;0;0;0;0;1;0;0;0;0
14/02/2022;05:40:00;17;Sem vítima;141,850;BR-50/MG;Crescente;Choque;0;0;0;0;0;1;0;0;0;0;1;0;0;0;0
14/02/2022;08:08:00;65;Sem vítima;53,800;BR-50/MG;Crescente;Choque;0;0;1;0;0;0;0;0;0;0;1;0;0;0;0
15/02/2022;02:33:00;19;Com vítima;81,100;BR-50/MG;Crescente;Atropelamento de animal;0;0;1;0;0;0;0;0;0;0;0;0;1;0;0
15/02/2022;02:59:00;21;Sem vítima;150,900;BR-50/MG;Crescente;Tombamento;0;0;1;0;0;0;0;0;0;0;2;0;0;0;0
15/02/2022;07:06:00;66;Sem vítima;279,000;BR-50/MG;Crescente;Colisão transversal;0;0;0;0;0;0;0;0;0;1;1;0;0;0;0
15/02/2022;10:01:00;132;Com vítima;133,600;BR-50/MG;Crescente;Colisão lateral no mesmo sentido;0;0;1;0;0;1;0;0;0;0;1;0;1;0;0
15/02/2022;11:52:00;170;Sem vítima;177,100;BR-50/MG;Decrescente;Tombamento;0;0;0;0;0;0;0;0;0;1;2;0;0;0;0
15/02/2022;11:55:00;171;Sem vítima;153,500;BR-50/MG;Decrescente;Choque;0;0;0;0;0;0;0;0;0;1;1;0;0;0;0
16/02/2022;05:06:00;31;Sem vítima;46,000;BR-50/MG;Crescente;Choque;1;0;0;0;0;0;0;0;0;0;2;0;0;0;0
16/02/2022;18:43:00;317;Sem vítima;105,000;BR-50/MG;Crescente;Colisão traseira;1;0;1;0;0;0;0;0;0;0;5;0;0;0;0
17/02/2022;01:02:00;8;Sem vítima;46,500;BR-50/MG;Crescente;Choque;0;0;0;0;0;1;0;0;0;0;1;0;0;0;0
17/02/2022;02:02:00;15;Sem vítima;275,225;BR-50/MG;Decrescente;Choque;1;0;0;0;0;0;0;0;0;0;2;0;0;0;0
17/02/2022;07:16:00;52;Sem vítima;27,760;BR-50/MG;Crescente;Choque;1;0;0;0;0;0;0;0;0;0;2;0;0;0;0
17/02/2022;16:48:00;289;Sem vítima;110,400;BR-50/MG;Crescente;Choque;1;0;0;0;0;0;0;0;0;0;1;0;0;0;0
17/02/2022;17:03:00;298;Sem vítima;23,310;BR-50/MG;Decrescente;Choque;1;0;0;0;0;0;0;0;0;0;1;0;0;0;0
18/02/2022;06:43:00;61;Sem vítima;16,300;Contorno de Uberlândia/MG;Decrescente;Choque;0;0;0;0;0;0;0;0;0;1;1;0;0;0;0
18/02/2022;06:46:00;64;Com vítima;16,300;Contorno de Uberlândia/MG;Decrescente;Capotamento;1;0;0;0;0;0;0;0;0;0;0;5;0;0;0
18/02/2022;07:42:00;87;Com vítima;293,000;BR-50/MG;Crescente;Colisão traseira;0;0;0;0;0;1;0;0;0;0;1;0;2;0;0
18/02/2022;11:52:00;187;Com vítima;117,900;BR-50/MG;Decrescente;Choque;1;0;0;0;0;0;0;0;0;0;0;0;1;0;0
18/02/2022;12:38:00;205;Sem vítima;58,200;BR-50/MG;Decrescente;Choque;0;0;0;0;0;0;0;0;0;1;1;0;0;0;0
19/02/2022;02:35:00;10;Sem vítima;98,000;BR-50/MG;Crescente;Choque;0;0;0;0;0;0;0;0;0;1;2;0;0;0;0
19/02/2022;05:09:00;20;Sem vítima;171,000;BR-50/MG;Crescente;Choque;1;0;0;0;0;0;0;0;0;0;4;0;0;0;0
19/02/2022;08:04:00;67;Sem vítima;10,500;BR-50/MG;Crescente;Colisão traseira;2;0;0;0;0;0;0;0;0;0;4;0;0;0;0
19/02/2022;09:23:00;97;Com vítima;48,200;BR-50/MG;Decrescente;Choque;1;0;0;0;0;0;0;0;0;0;0;2;0;0;0
19/02/2022;13:04:00;161;Sem vítima;302,500;BR-50/MG;Crescente;Queda de moto;0;0;0;1;0;0;0;0;0;0;1;0;0;0;0
19/02/2022;13:51:00;170;Com vítima;29,760;BR-50/MG;Decrescente;Choque;0;0;0;1;0;0;0;0;0;0;0;0;1;0;0
19/02/2022;13:56:00;172;Com vítima;53,600;BR-50/MG;Crescente;Choque;0;0;1;0;0;0;0;0;0;0;0;0;1;0;0
19/02/2022;19:48:00;254;Com vítima;111,280;BR-50/MG;Crescente;Choque;1;0;0;0;0;0;0;0;0;0;0;1;0;0;0
20/02/2022;05:55:00;34;Com vítima;54,160;BR-50/MG;Decrescente;Choque;1;0;0;0;0;0;0;0;0;0;0;0;2;0;0
20/02/2022;09:03:00;75;Sem vítima;95,700;BR-50/MG;Decrescente;Tombamento;0;0;0;0;0;1;0;0;0;0;1;0;0;0;0
20/02/2022;19:50:00;248;Com vítima;78,000;BR-50/MG;Crescente;Colisão traseira;0;0;0;1;0;1;0;0;0;0;1;0;0;0;1
20/02/2022;21:21:00;268;Com vítima;118,000;BR-50/MG;Decrescente;Queda de moto;0;0;0;1;0;0;0;0;0;0;0;1;0;0;0
20/02/2022;23:12:00;287;Com vítima;125,600;BR-50/MG;Crescente;Colisão lateral no mesmo sentido;2;0;0;0;0;0;0;0;0;0;3;1;0;0;0
21/02/2022;07:04:00;56;Sem vítima;144,150;BR-50/MG;Decrescente;Choque;1;0;0;0;0;0;0;0;0;0;5;0;0;0;0
21/02/2022;07:19:00;62;Com vítima;154,300;BR-50/MG;Decrescente;Colisão frontal;1;0;0;0;0;0;0;0;0;1;0;1;3;0;0
21/02/2022;16:48:00;299;Sem vítima;153,500;BR-50/MG;Crescente;Colisão lateral no mesmo sentido;1;0;0;0;0;0;0;0;0;0;1;0;0;0;0
21/02/2022;17:20:00;315;Com vítima;43,760;BR-50/MG;Decrescente;Colisão traseira;1;0;0;0;0;1;0;0;0;0;2;1;0;0;0
21/02/2022;17:28:00;316;Com vítima;172,150;BR-50/MG;Crescente;Queda de moto;0;0;0;1;0;0;0;0;0;0;0;2;0;0;0
22/02/2022;03:19:00;16;Sem vítima;121,000;BR-50/MG;Crescente;Capotamento;0;0;1;0;0;0;0;0;0;0;1;0;0;0;0
22/02/2022;09:12:00;89;Sem vítima;82,500;BR-50/MG;Crescente;Colisão traseira;0;0;1;0;0;0;0;0;0;0;1;0;0;0;0
22/02/2022;20:02:00;299;Sem vítima;166,000;BR-50/MG;Decrescente;Choque;1;0;0;0;0;0;0;0;0;0;2;0;0;0;0
23/02/2022;13:27:00;221;Sem vítima;177,950;BR-50/MG;Decrescente;Choque;0;0;0;0;0;1;0;0;0;0;1;0;0;0;0
23/02/2022;13:37:00;224;Sem vítima;178,050;BR-50/MG;Decrescente;Colisão traseira;1;0;0;0;0;0;0;0;0;1;4;0;0;0;0
23/02/2022;18:20:00;334;Com vítima;178,000;BR-50/MG;Decrescente;Colisão traseira;0;0;0;1;0;0;0;0;0;1;1;0;0;1;0
23/02/2022;19:31:00;357;Sem vítima;178,500;BR-50/MG;Decrescente;Colisão traseira;2;0;0;0;0;0;0;0;0;0;3;0;0;0;0
24/02/2022;07:34:00;54;Com vítima;179,200;BR-50/MG;Decrescente;Colisão traseira;0;0;0;1;0;0;0;0;0;1;1;1;0;0;0
24/02/2022;16:17:00;253;Com vítima;21,300;BR-50/MG;Crescente;Colisão traseira;0;0;0;0;0;1;0;0;0;1;2;1;0;0;0
24/02/2022;18:02:00;292;Sem vítima;175,900;BR-50/MG;Decrescente;Engavetamento;5;0;0;0;0;0;0;0;0;0;7;0;0;0;0
24/02/2022;18:17:00;296;Com vítima;176,000;BR-50/MG;Decrescente;Colisão traseira;1;0;0;1;0;0;0;0;0;0;1;0;2;0;0
25/02/2022;06:59:00;57;Sem vítima;32,000;BR-50/MG;Decrescente;Colisão lateral no mesmo sentido;1;0;1;0;0;0;0;0;0;0;3;0;0;0;0
25/02/2022;14:24:00;255;Sem vítima;149,400;BR-50/MG;Decrescente;Capotamento;1;0;0;0;0;0;0;0;0;0;1;0;0;0;0
25/02/2022;16:14:00;280;Sem vítima;80,050;BR-50/MG;Decrescente;Tombamento;0;0;1;0;0;0;0;0;0;0;1;0;0;0;0
25/02/2022;17:39:00;304;Sem vítima;169,000;BR-50/MG;Crescente;Colisão traseira;0;0;1;0;0;1;0;0;0;0;2;0;0;0;0
25/02/2022;19:24:00;339;Sem vítima;51,400;BR-50/MG;Decrescente;Colisão traseira;1;0;0;0;0;1;0;0;0;0;4;0;0;0;0
26/02/2022;00:16:00;3;Sem vítima;126,900;BR-50/MG;Crescente;Choque;0;0;0;0;0;1;0;0;0;0;1;0;0;0;0
26/02/2022;08:21:00;106;Sem vítima;4,000;Contorno de Uberlândia/MG;Decrescente;Atropelamento de animal;0;0;0;0;0;0;0;0;0;1;5;0;0;0;0
26/02/2022;17:11:00;321;Sem vítima;170,550;BR-50/MG;Crescente;Colisão lateral no mesmo sentido;1;0;0;0;0;0;0;0;0;0;2;0;0;0;0
26/02/2022;21:17:00;397;Sem vítima;162,500;BR-50/MG;Crescente;Colisão lateral no mesmo sentido;2;0;0;0;0;0;0;0;0;0;3;0;0;0;0
27/02/2022;05:06:00;23;Sem vítima;179,000;BR-50/MG;Crescente;Choque;1;0;0;0;0;0;0;0;0;0;2;0;0;0;0
27/02/2022;07:29:00;48;Com vítima;180,000;BR-50/MG;Crescente;Colisão traseira;1;0;0;1;0;0;0;0;0;0;1;2;0;0;0
27/02/2022;10:46:00;102;Com vítima;101,000;BR-50/MG;Decrescente;Colisão lateral no mesmo sentido;0;0;0;1;0;0;0;0;0;0;0;2;0;0;0
27/02/2022;17:09:00;228;Com vítima;16,640;BR-50/MG;Decrescente;Choque;0;0;0;0;0;0;0;0;0;1;0;4;0;0;0
27/02/2022;20:40:00;297;Sem vítima;283,600;BR-50/MG;Crescente;Tombamento;0;0;0;0;0;0;0;0;0;1;1;0;0;0;0
27/02/2022;23:00:00;327;Com vítima;162,880;BR-50/MG;Decrescente;Colisão traseira;1;0;0;0;0;0;0;0;0;0;0;2;1;0;0
27/02/2022;23:39:00;332;Sem vítima;155,000;BR-50/MG;Decrescente;Choque;0;0;0;0;0;0;0;0;0;1;2;0;0;0;0
28/02/2022;00:19:00;7;Com vítima;118,000;BR-50/MG;Decrescente;Choque;0;0;1;0;0;1;0;0;0;0;0;0;1;0;1
28/02/2022;01:27:00;15;Sem vítima;25,200;BR-50/MG;Decrescente;Choque;1;0;0;0;0;0;0;0;0;0;1;0;0;0;0
28/02/2022;17:09:00;272;Sem vítima;98,900;BR-50/MG;Crescente;Colisão traseira;0;1;0;0;0;1;0;0;0;0;0;0;0;0;0
01/03/2022;11:08:00;170;Sem vítima;281,150;BR-50/MG;Decrescente;Colisão traseira;2;0;0;0;0;0;0;0;0;0;6;0;0;0;0
01/03/2022;20:14:00;363;Com vítima;97,600;BR-50/MG;Crescente;Colisão transversal;2;0;0;0;0;0;0;0;0;0;2;1;0;0;0
02/03/2022;01:54:00;14;Com vítima;174,500;BR-50/MG;Decrescente;Capotamento;1;0;0;0;0;0;0;0;0;0;0;0;1;0;0
02/03/2022;07:55:00;75;Com vítima;119,000;BR-50/MG;Decrescente;Colisão lateral no mesmo sentido;0;0;0;0;0;1;0;0;0;1;1;1;0;0;0
02/03/2022;08:31:00;93;Com vítima;178,350;BR-50/MG;Crescente;Queda de moto;0;0;0;1;0;0;0;0;0;0;0;2;0;0;0
02/03/2022;10:40:00;162;Com vítima;307,700;BR-50/MG;Decrescente;Colisão traseira;1;0;0;0;0;1;0;0;0;0;2;1;0;0;0
03/03/2022;16:19:00;283;Sem vítima;105,000;BR-50/MG;Crescente;Colisão lateral no mesmo sentido;0;0;1;0;0;1;0;0;0;0;2;0;0;0;0
03/03/2022;19:07:00;328;Com vítima;178,000;BR-50/MG;Decrescente;Choque;0;0;0;0;0;1;0;0;0;0;0;1;0;0;0
03/03/2022;20:07:00;339;Com vítima;53,500;BR-50/MG;Crescente;Choque;0;0;1;0;0;0;0;0;0;0;0;1;0;0;0
03/03/2022;21:41:00;359;Com vítima;115,800;BR-50/MG;Decrescente;Colisão traseira;0;0;0;0;0;2;0;0;0;0;1;1;0;0;0
04/03/2022;15:32:00;250;Com vítima;148,000;BR-50/MG;Crescente;Choque;0;0;1;0;0;0;0;0;0;0;0;0;1;0;0
04/03/2022;16:12:00;272;Com vítima;114,800;BR-50/MG;Decrescente;Choque;0;0;1;0;0;0;0;0;0;0;0;1;0;0;0
04/03/2022;16:20:00;276;Com vítima;175,500;BR-50/MG;Crescente;Choque;1;0;1;0;0;0;0;0;0;0;2;1;0;0;0
05/03/2022;00:23:00;6;Sem vítima;57,900;BR-50/MG;Decrescente;Choque;1;0;0;0;0;0;0;0;0;0;1;0;0;0;0
05/03/2022;07:46:00;73;Sem vítima;261,130;BR-50/MG;Crescente;Choque;1;0;0;0;0;0;0;0;0;0;2;0;0;0;0
05/03/2022;13:19:00;189;Sem vítima;59,900;BR-50/MG;Decrescente;Choque;1;0;0;0;0;0;0;0;0;0;2;0;0;0;0
06/03/2022;04:15:00;23;Sem vítima;125,900;BR-50/MG;Crescente;Choque;0;0;0;0;0;0;0;0;0;1;3;0;0;0;0
06/03/2022;07:11:00;42;Com vítima;89,460;BR-50/MG;Crescente;Queda de moto;0;0;0;1;0;0;0;0;0;0;0;0;0;1;0
06/03/2022;08:10:00;60;Sem vítima;21,300;Contorno de Uberlândia/MG;Decrescente;Tombamento;0;0;0;0;0;1;0;0;0;0;1;0;0;0;0
06/03/2022;17:28:00;218;Sem vítima;244,000;BR-50/MG;Crescente;Choque;1;0;0;0;0;0;0;0;0;0;2;0;0;0;0
06/03/2022;18:53:00;251;Com vítima;142,700;BR-50/MG;Crescente;Queda de moto;0;0;0;1;0;0;0;0;0;0;0;2;0;0;0
06/03/2022;19:42:00;266;Com vítima;57,000;BR-50/MG;Crescente;Colisão transversal;1;0;0;0;0;0;0;0;0;1;0;4;0;0;0
07/03/2022;00:11:00;3;Com vítima;126,500;BR-50/MG;Crescente;Choque;1;0;0;0;0;0;0;0;0;0;0;0;2;0;0
07/03/2022;06:19:00;34;Sem vítima;27,750;BR-50/MG;Crescente;Choque;1;0;0;0;0;0;0;0;0;0;2;0;0;0;0
07/03/2022;09:10:00;88;Sem vítima;254,000;BR-50/MG;Decrescente;Queda de moto;0;0;0;1;0;0;0;0;0;0;0;0;0;0;0
07/03/2022;12:42:00;172;Sem vítima;177,000;BR-50/MG;Crescente;Choque;1;0;0;0;0;0;0;0;0;0;1;0;0;0;0
07/03/2022;12:44:00;183;Com vítima;177,000;BR-50/MG;Decrescente;Choque;1;0;0;0;0;0;0;0;0;0;0;0;1;0;0
07/03/2022;20:03:00;316;Sem vítima;94,400;BR-50/MG;Crescente;Choque;0;0;0;0;0;1;0;0;0;0;1;0;0;0;0
08/03/2022;00:29:00;6;Sem vítima;173,100;BR-50/MG;Crescente;Capotamento;0;0;0;0;0;0;0;0;0;1;1;0;0;0;0
08/03/2022;12:40:00;182;Com vítima;65,250;BR-50/MG;Crescente;Tombamento;0;0;0;0;0;1;0;0;0;0;0;1;0;0;0
08/03/2022;19:43:00;319;Com vítima;179,000;BR-50/MG;Decrescente;Colisão traseira;0;0;0;2;0;0;0;0;0;0;0;2;0;0;0
09/03/2022;05:11:00;27;Com vítima;184,500;BR-50/MG;Crescente;Colisão traseira;0;0;0;1;0;1;0;0;0;0;1;0;1;0;0
09/03/2022;15:10:00;223;Sem vítima;81,100;BR-50/MG;Crescente;Colisão lateral no mesmo sentido;1;0;0;0;0;1;0;0;0;0;4;0;0;0;0
09/03/2022;20:31:00;329;Sem vítima;134,000;BR-50/MG;Decrescente;Colisão lateral no mesmo sentido;0;0;0;0;0;0;0;0;0;1;1;0;0;0;0
10/03/2022;03:48:00;33;Sem vítima;89,700;BR-50/MG;Crescente;Choque;1;0;0;0;0;0;0;0;0;0;3;0;0;0;0
10/03/2022;05:11:00;43;Sem vítima;6,200;Contorno de Uberlândia/MG;Decrescente;Choque;1;0;0;0;0;0;0;0;0;0;1;0;0;0;0
10/03/2022;08:56:00;102;Com vítima;101,330;BR-50/MG;Crescente;Choque;1;0;0;0;0;0;0;0;0;0;0;1;0;0;0
10/03/2022;12:59:00;217;Sem vítima;135,000;BR-50/MG;Decrescente;Choque;1;0;0;0;0;0;0;0;0;0;1;0;0;0;0
10/03/2022;19:17:00;342;Sem vítima;123,300;BR-50/MG;Decrescente;Choque;1;0;0;0;0;0;0;0;0;0;2;0;0;0;0
10/03/2022;20:13:00;363;Com vítima;201,000;BR-50/MG;Decrescente;Atropelamento de pedestre;0;0;0;0;0;0;0;0;0;0;0;0;0;0;1
10/03/2022;21:48:00;392;Com vítima;147,000;BR-50/MG;Decrescente;Choque;0;0;0;0;0;1;0;0;0;0;0;1;0;0;0
11/03/2022;01:18:00;12;Sem vítima;271,600;BR-50/MG;Crescente;Choque;0;0;0;0;0;0;0;0;0;1;1;0;0;0;0
11/03/2022;07:28:00;52;Sem vítima;185,930;BR-50/MG;Crescente;Colisão traseira;1;0;0;0;0;0;0;0;0;1;4;0;0;0;0
11/03/2022;10:43:00;137;Com vítima;232,920;BR-50/MG;Crescente;Capotamento;1;0;0;0;0;0;0;0;0;0;1;1;0;0;0
11/03/2022;14:53:00;216;Sem vítima;145,200;BR-50/MG;Decrescente;Choque;1;0;0;0;0;0;0;0;0;0;1;0;0;0;0