data;horario;n_da_ocorrencia;tipo_de_ocorrencia;km;trecho;sentido;tipo_de_acidente;automovel;bicicleta;caminhao;moto;onibus;outros;tracao_animal;transporte_de_cargas_especiais;trator_maquinas;utilitarios;ilesos;levemente_feridos;moderadamente_feridos;gravemente_feridos;mortos
11/03/2022;19:07:00;298;Sem vítima;199,000;BR-50/MG;Decrescente;Choque;1;0;0;0;0;0;0;0;0;0;1;0;0;0;0
11/03/2022;23:26:00;355;Com vítima;175,400;BR-50/MG;Crescente;Tombamento;0;0;0;0;0;1;0;0;0;0;0;1;0;0;0
12/03/2022;04:54:00;34;Com vítima;43,150;BR-50/MG;Decrescente;Colisão traseira;1;0;0;0;0;0;0;0;0;0;0;3;1;0;0
12/03/2022;13:29:00;152;Com vítima;62,240;BR-50/MG;Decrescente;Capotamento;1;0;0;0;0;0;0;0;0;0;0;1;0;0;0
12/03/2022;16:35:00;207;Sem vítima;147,000;BR-50/MG;Crescente;Choque;0;0;1;0;0;0;0;0;0;0;1;0;0;0;0
12/03/2022;17:58:00;234;Sem vítima;59,800;BR-50/MG;Decrescente;Choque;1;0;0;0;0;0;0;0;0;0;4;0;0;0;0
12/03/2022;17:59:00;235;Sem vítima;193,000;BR-50/MG;Crescente;Choque;1;0;0;0;0;0;0;0;0;1;2;0;0;0;0
12/03/2022;20:31:00;284;Com vítima;174,000;BR-50/MG;Crescente;Choque;1;0;0;0;0;0;0;0;0;0;3;1;0;0;0
13/03/2022;03:33:00;16;Sem vítima;78,000;BR-50/MG;Decrescente;Colisão traseira;1;0;0;0;0;0;0;0;0;1;3;0;0;0;0
13/03/2022;17:35:00;211;Sem vítima;235,050;BR-50/MG;Decrescente;Choque;1;0;0;0;0;0;0;0;0;0;4;0;0;0;0
13/03/2022;21:20:00;277;Sem vítima;174,000;BR-50/MG;Decrescente;Choque;1;0;0;0;0;0;0;0;0;0;4;0;0;0;0
14/03/2022;00:09:00;3;Com vítima;289,500;BR-50/MG;Decrescente;Choque;0;0;0;1;0;0;0;0;0;0;0;1;0;0;0
14/03/2022;07:01:00;43;Sem vítima;189,000;BR-50/MG;Crescente;Colisão lateral no mesmo sentido;1;0;0;0;0;1;0;0;0;0;2;0;0;0;0
14/03/2022;14:57:00;189;Com vítima;130,000;BR-50/MG;Crescente;Colisão frontal;0;0;1;0;0;1;0;0;0;0;1;1;0;0;0
14/03/2022;16:06:00;208;Sem vítima;61,000;BR-50/MG;Crescente;Colisão traseira;1;0;0;0;0;0;0;0;0;0;2;0;0;0;0
14/03/2022;16:39:00;217;Sem vítima;10,200;Contorno de Uberlândia/MG;Crescente;Choque;1;0;0;0;0;0;0;0;0;0;2;0;0;0;0
15/03/2022;15:08:00;196;Sem vítima;142,140;BR-50/MG;Crescente;Choque;1;0;0;0;0;0;0;0;0;0;2;0;0;0;0
15/03/2022;15:47:00;206;Sem vítima;178,050;BR-50/MG;Decrescente;Choque;0;0;0;0;0;0;0;0;0;1;1;0;0;0;0
15/03/2022;20:40:00;291;Com vítima;185,400;BR-50/MG;Decrescente;Colisão traseira;0;0;1;0;0;1;0;0;0;0;1;0;1;0;0
16/03/2022;16:10:00;231;Com vítima;56,000;BR-50/MG;Decrescente;Tombamento;0;0;0;0;0;1;0;0;0;0;0;0;1;0;0
16/03/2022;17:26:00;248;Sem vítima;55,700;BR-50/MG;Crescente;Tombamento;0;0;0;0;0;1;0;0;0;0;1;0;0;0;0
16/03/2022;19:31:00;272;Com vítima;54,200;BR-50/MG;Crescente;Choque;0;0;1;0;0;2;0;0;0;0;2;0;1;0;0
16/03/2022;19:32:00;273;Sem vítima;54,000;BR-50/MG;Crescente;Choque;0;0;0;0;0;1;0;0;0;0;3;0;0;0;0
17/03/2022;06:56:00;45;Sem vítima;78,100;BR-50/MG;Crescente;Colisão lateral no mesmo sentido;0;0;1;0;0;1;0;0;0;0;2;0;0;0;0
17/03/2022;14:14:00;209;Sem vítima;55,780;BR-50/MG;Decrescente;Choque;0;0;0;0;0;1;0;0;0;0;1;0;0;0;0
17/03/2022;14:25:00;216;Com vítima;18,400;Contorno de Uberlândia/MG;Decrescente;Atropelamento de animal;0;0;0;1;0;0;0;0;0;0;0;1;0;0;0
18/03/2022;03:03:00;21;Sem vítima;149,500;BR-50/MG;Crescente;Choque;1;0;0;0;0;0;0;0;0;0;1;0;0;0;0
18/03/2022;06:05:00;29;Sem vítima;77,840;BR-50/MG;Decrescente;Choque;0;0;0;0;0;0;0;0;0;1;5;0;0;0;0
18/03/2022;10:07:00;104;Sem vítima;258,000;BR-50/MG;Decrescente;Colisão transversal;1;0;0;0;0;1;0;0;0;0;2;0;0;0;0
18/03/2022;14:30:00;210;Sem vítima;125,300;BR-50/MG;Crescente;Colisão lateral no mesmo sentido;1;0;0;0;0;0;0;0;0;0;1;0;0;0;0
18/03/2022;16:05:00;244;Com vítima;11,600;Contorno de Uberlândia/MG;Decrescente;Choque;0;0;1;0;0;0;0;0;0;0;1;1;0;0;0
18/03/2022;22:01:00;341;Sem vítima;118,920;BR-50/MG;Crescente;Choque;1;0;0;0;0;0;0;0;0;0;1;0;0;0;0
18/03/2022;22:51:00;356;Sem vítima;24,700;BR-50/MG;Crescente;Choque;0;0;0;0;0;0;0;0;0;1;1;0;0;0;0
19/03/2022;09:05:00;86;Com vítima;21,000;Contorno de Uberlândia/MG;Crescente;Colisão traseira;0;1;0;1;0;0;0;0;0;0;0;2;0;0;0
19/03/2022;09:10:00;87;Sem vítima;62,000;BR-50/MG;Decrescente;Colisão lateral no mesmo sentido;1;0;0;0;0;0;0;0;0;0;1;0;0;0;0
19/03/2022;11:01:00;121;Com vítima;6,480;BR-50/MG;Crescente;Colisão traseira;0;0;0;0;0;2;0;0;0;0;1;1;0;0;0
19/03/2022;12:32:00;145;Com vítima;190,200;BR-50/MG;Decrescente;Capotamento;0;0;0;0;0;0;0;0;0;1;0;1;1;0;0
19/03/2022;12:45:00;148;Sem vítima;281,800;BR-50/MG;Decrescente;Atropelamento de animal;1;0;0;0;0;0;0;0;0;0;1;0;0;0;0
19/03/2022;14:25:00;174;Sem vítima;64,180;BR-50/MG;Crescente;Choque;1;0;0;0;0;0;0;0;0;0;1;0;0;0;0
19/03/2022;18:20:00;241;Sem vítima;27,700;BR-50/MG;Crescente;Choque;1;0;0;0;0;0;0;0;0;0;1;0;0;0;0
19/03/2022;20:01:00;271;Sem vítima;234,600;BR-50/MG;Decrescente;Colisão traseira;0;0;0;0;0;2;0;0;0;0;2;0;0;0;0
20/03/2022;02:42:00;18;Sem vítima;272,300;BR-50/MG;Decrescente;Choque;1;0;0;0;0;0;0;0;0;0;1;0;0;0;0
20/03/2022;05:36:00;35;Com vítima;90,000;BR-50/MG;Decrescente;Tombamento;0;0;1;0;0;0;0;0;0;0;0;1;0;0;0
20/03/2022;05:53:00;37;Sem vítima;199,300;BR-50/MG;Decrescente;Colisão lateral em sentido contrário;1;0;0;0;0;0;0;0;0;0;1;0;0;0;0
20/03/2022;15:32:00;190;Sem vítima;29,600;BR-50/MG;Decrescente;Choque;1;0;0;0;0;0;0;0;0;0;2;0;0;0;0
20/03/2022;21:24:00;285;Com vítima;130,800;BR-50/MG;Decrescente;Colisão traseira;0;0;1;0;0;0;0;0;0;1;1;1;0;0;0
21/03/2022;13:33:00;181;Com vítima;170,150;BR-50/MG;Crescente;Queda de moto;0;0;0;1;0;0;0;0;0;0;0;1;0;0;0
21/03/2022;14:26:00;196;Com vítima;257,100;BR-50/MG;Crescente;Capotamento;1;0;0;0;0;0;0;0;0;0;0;1;2;0;0
22/03/2022;09:32:00;115;Sem vítima;154,000;BR-50/MG;Crescente;Tombamento;0;0;0;0;0;1;0;0;0;0;1;0;0;0;0
22/03/2022;16:54:00;283;Com vítima;100,000;BR-50/MG;Decrescente;Colisão traseira;0;0;0;1;0;0;0;0;0;1;1;1;0;0;0
22/03/2022;22:11:00;351;Sem vítima;136,240;BR-50/MG;Decrescente;Choque;1;0;0;0;0;0;0;0;0;0;2;0;0;0;0
23/03/2022;04:15:00;20;Sem vítima;259,220;BR-50/MG;Crescente;Choque;1;0;0;0;0;0;0;0;0;0;3;0;0;0;0
23/03/2022;13:06:00;167;Sem vítima;172,700;BR-50/MG;Decrescente;Choque;1;0;0;0;0;0;0;0;0;0;2;0;0;0;0
23/03/2022;23:34:00;328;Com vítima;23,810;BR-50/MG;Decrescente;Choque;1;0;0;0;0;0;0;0;0;0;1;0;1;0;0
24/03/2022;06:16:00;35;Com vítima;179,050;BR-50/MG;Crescente;Queda de moto;0;0;0;1;0;0;0;0;0;0;0;1;0;0;0
25/03/2022;01:37:00;9;Sem vítima;273,100;BR-50/MG;Crescente;Choque;0;0;0;0;0;0;0;0;0;1;1;0;0;0;0
25/03/2022;08:04:00;78;Com vítima;97,850;BR-50/MG;Crescente;Colisão transversal;0;0;0;1;0;0;0;0;0;1;1;2;0;0;0
25/03/2022;10:18:00;124;Sem vítima;198,000;BR-50/MG;Decrescente;Colisão traseira;0;0;1;0;0;0;0;0;0;1;2;0;0;0;0
25/03/2022;16:56:00;252;Sem vítima;259,800;BR-50/MG;Decrescente;Choque;0;0;0;0;0;0;0;0;0;1;1;0;0;0;0
26/03/2022;04:00:00;30;Sem vítima;10,000;Contorno de Uberlândia/MG;Crescente;Atropelamento de animal;0;0;0;0;0;1;0;0;0;0;1;0;0;0;0
26/03/2022;09:22:00;117;Sem vítima;179,000;BR-50/MG;Decrescente;Choque;0;0;0;0;0;0;0;0;0;1;1;0;0;0;0
26/03/2022;18:36:00;285;Com vítima;99,300;BR-50/MG;Decrescente;Colisão frontal;1;0;0;1;0;0;0;0;0;0;2;1;0;0;0
26/03/2022;19:25:00;296;Sem vítima;62,000;BR-50/MG;Crescente;Colisão lateral no mesmo sentido;1;0;0;0;0;1;0;0;0;0;2;0;0;0;0
27/03/2022;04:56:00;27;Sem vítima;47,500;BR-50/MG;Decrescente;Choque;0;0;0;0;0;0;0;0;0;1;3;0;0;0;0
27/03/2022;09:11:00;68;Com vítima;28,700;BR-50/MG;Decrescente;Tombamento;0;0;1;0;0;0;0;0;0;0;0;0;0;1;0
27/03/2022;13:16:00;153;Sem vítima;283,700;BR-50/MG;Crescente;Choque;1;0;0;0;0;0;0;0;0;0;2;0;0;0;0
27/03/2022;19:23:00;265;Com vítima;41,030;BR-50/MG;Crescente;Colisão traseira;0;0;0;0;0;2;0;0;0;0;1;0;1;0;0
27/03/2022;20:28:00;276;Com vítima;131,000;BR-50/MG;Decrescente;Colisão traseira;0;0;1;0;0;0;0;0;0;1;1;0;0;1;0
27/03/2022;21:36:00;293;Com vítima;124,100;BR-50/MG;Crescente;Colisão lateral no mesmo sentido;1;0;0;0;0;1;0;0;0;0;0;2;0;0;0
27/03/2022;22:14:00;302;Com vítima;17,960;Contorno de Uberlândia/MG;Crescente;Choque;0;0;0;1;0;0;0;0;0;0;0;0;1;0;0
28/03/2022;10:09:00;105;Com vítima;191,950;BR-50/MG;Decrescente;Colisão traseira;0;0;1;0;0;1;0;0;0;0;1;0;0;0;1
28/03/2022;12:50:00;159;Sem vítima;115,500;BR-50/MG;Crescente;Choque;0;0;0;0;0;0;0;0;0;1;1;0;0;0;0
28/03/2022;12:53:00;160;Sem vítima;18,400;BR-50/MG;Decrescente;Colisão lateral no mesmo sentido;0;0;0;0;0;2;0;0;0;0;2;0;0;0;0
28/03/2022;14:19:00;195;Sem vítima;305,100;BR-50/MG;Decrescente;Choque;1;0;0;0;0;0;0;0;0;0;1;0;0;0;0
28/03/2022;14:40:00;201;Sem vítima;28,000;BR-50/MG;Crescente;Engavetamento;1;0;0;0;0;2;0;0;0;0;5;0;0;0;0
28/03/2022;17:24:00;257;Com vítima;83,500;BR-50/MG;Decrescente;Tombamento;0;0;1;0;0;0;0;0;0;0;0;2;0;0;0
28/03/2022;17:25:00;258;Com vítima;83,800;BR-50/MG;Decrescente;Colisão traseira;1;0;1;0;0;0;0;0;0;1;5;0;1;0;0
29/03/2022;13:36:00;223;Com vítima;179,080;BR-50/MG;Decrescente;Choque;0;0;1;0;0;0;0;0;0;0;0;1;0;0;0
29/03/2022;14:08:00;232;Sem vítima;177,700;BR-50/MG;Crescente;Colisão traseira;2;0;0;0;0;0;0;0;0;0;5;0;0;0;0
30/03/2022;01:12:00;13;Com vítima;180,200;BR-50/MG;Decrescente;Atropelamento de pedestre;1;0;0;0;0;0;0;0;0;0;1;0;0;1;0
30/03/2022;15:00:00;232;Com vítima;0,400;BR-50/MG;Crescente;Tombamento;0;0;0;0;0;1;0;0;0;0;0;1;0;0;0
30/03/2022;15:53:00;257;Sem vítima;103,000;BR-50/MG;Crescente;Choque;1;0;0;0;0;0;0;0;0;0;1;0;0;0;0
30/03/2022;19:59:00;340;Com vítima;263,500;BR-50/MG;Crescente;Choque;0;1;0;0;0;0;0;0;0;0;0;0;1;0;0
30/03/2022;20:08:00;345;Com vítima;263,500;BR-50/MG;Crescente;Colisão traseira;0;1;0;0;0;0;0;0;0;0;1;0;1;0;0
31/03/2022;16:21:00;209;Sem vítima;11,400;BR-50/MG;Decrescente;Colisão traseira;0;0;1;0;0;1;0;0;0;0;2;0;0;0;0
31/03/2022;19:53:00;271;Com vítima;168,600;BR-50/MG;Crescente;Choque;0;0;0;1;0;0;0;0;0;0;0;0;1;0;0
31/03/2022;20:44:00;282;Sem vítima;168,600;BR-50/MG;Crescente;Atropelamento de pedestre;0;1;0;0;0;0;0;0;0;0;0;0;0;0;0
31/03/2022;23:41:00;319;Com vítima;124,480;BR-50/MG;Crescente;Choque;1;0;0;0;0;0;0;0;0;0;1;1;0;0;0
01/04/2022;04:07:00;19;Sem vítima;88,900;BR-50/MG;Crescente;Tombamento;0;0;1;0;0;0;0;0;0;0;2;0;0;0;0
01/04/2022;16:33:00;255;Sem vítima;176,000;BR-50/MG;Crescente;Colisão traseira;1;0;0;0;0;0;0;0;0;1;5;0;0;0;0
02/04/2022;05:10:00;27;Com vítima;18,200;Contorno de Uberlândia/MG;Decrescente;Colisão lateral em sentido contrário;0;0;0;1;0;0;0;0;0;1;1;0;0;2;0
02/04/2022;19:26:00;293;Com vítima;196,000;BR-50/MG;Decrescente;Queda de moto;0;0;0;1;0;0;0;0;0;0;0;1;0;0;0
02/04/2022;21:12:00;322;Com vítima;274,000;BR-50/MG;Decrescente;Queda de moto;0;0;0;1;0;0;0;0;0;0;0;1;0;0;0
03/04/2022;08:20:00;42;Com vítima;77,500;BR-50/MG;Decrescente;Choque;0;0;0;1;0;0;0;0;0;0;0;0;1;0;0
03/04/2022;12:47:00;137;Com vítima;233,100;BR-50/MG;Decrescente;Atropelamento de pedestre;1;0;0;0;0;0;0;0;0;0;3;0;1;0;0
03/04/2022;14:19:00;160;Sem vítima;13,000;Contorno de Uberlândia/MG;Decrescente;Choque;1;0;0;0;0;0;0;0;0;0;3;0;0;0;0
03/04/2022;15:10:00;175;Com vítima;78,000;BR-50/MG;Decrescente;Choque;1;0;0;0;0;0;0;0;0;0;0;0;1;0;0
03/04/2022;15:36:00;185;Com vítima;203,500;BR-50/MG;Crescente;Colisão traseira;1;0;0;0;0;0;0;0;0;0;2;1;0;0;0
03/04/2022;15:50:00;194;Sem vítima;13,700;BR-50/MG;Decrescente;Colisão traseira;1;0;0;0;0;0;0;0;0;1;4;0;0;0;0
03/04/2022;18:05:00;244;Com vítima;163,600;BR-50/MG;Decrescente;Colisão transversal;1;0;0;1;0;0;0;0;0;0;3;0;1;0;0
03/04/2022;19:37:00;267;Sem vítima;260,000;BR-50/MG;Decrescente;Choque;1;0;0;0;0;0;0;0;0;0;2;0;0;0;0
03/04/2022;19:40:00;268;Com vítima;278,600;BR-50/MG;Crescente;Colisão transversal;1;0;0;0;0;0;0;0;0;1;1;3;0;0;0
03/04/2022;21:40:00;295;Com vítima;18,000;Contorno de Uberlândia/MG;Decrescente;Queda de moto;0;0;0;1;0;0;0;0;0;0;0;2;0;0;0
04/04/2022;07:17:00;43;Com vítima;21,000;Contorno de Uberlândia/MG;Decrescente;Colisão traseira;0;0;0;1;0;0;0;0;0;1;0;2;0;0;0
04/04/2022;08:52:00;82;Com vítima;48,000;BR-50/MG;Crescente;Choque;0;0;1;0;0;0;0;0;0;0;0;1;0;0;0
04/04/2022;09:10:00;92;Com vítima;262,160;BR-50/MG;Crescente;Queda de moto;0;0;0;1;0;0;0;0;0;0;0;0;0;1;0
04/04/2022;10:47:00;123;Sem vítima;126,600;BR-50/MG;Decrescente;Colisão traseira;1;0;1;0;0;0;0;0;0;0;3;0;0;0;0
04/04/2022;15:23:00;201;Sem vítima;179,980;BR-50/MG;Crescente;Choque;1;0;0;0;0;0;0;0;0;0;1;0;0;0;0
04/04/2022;18:43:00;264;Com vítima;174,000;BR-50/MG;Crescente;Colisão traseira;0;0;0;1;0;0;0;0;0;1;1;1;0;0;0
04/04/2022;23:51:00;341;Com vítima;136,700;BR-50/MG;Crescente;Choque;0;0;0;0;0;1;0;0;0;0;0;1;0;0;0
05/04/2022;07:51:00;61;Sem vítima;171,800;BR-50/MG;Decrescente;Colisão lateral no mesmo sentido;2;0;0;0;0;0;0;0;0;0;10;0;0;0;0
05/04/2022;08:28:00;71;Sem vítima;169,000;BR-50/MG;Crescente;Colisão traseira;0;0;0;0;0;0;0;0;0;1;1;0;0;0;0
05/04/2022;15:53:00;194;Com vítima;158,650;BR-50/MG;Decrescente;Tombamento;0;0;0;0;0;1;0;0;0;0;0;1;0;0;0
05/04/2022;17:00:00;213;Com vítima;32,000;BR-50/MG;Crescente;Colisão traseira;0;0;0;0;1;1;0;0;0;0;4;5;0;0;0
05/04/2022;23:44:00;312;Sem vítima;206,850;BR-50/MG;Decrescente;Choque;0;0;0;0;0;0;0;0;0;1;1;0;0;0;0
06/04/2022;01:54:00;18;Sem vítima;63,800;BR-50/MG;Decrescente;Choque;1;0;0;0;0;0;0;0;0;0;1;0;0;0;0
06/04/2022;09:25:00;97;Sem vítima;18,700;Contorno de Uberlândia/MG;Crescente;Choque;0;0;0;0;0;0;0;0;0;1;1;0;0;0;0
06/04/2022;16:52:00;257;Sem vítima;111,400;BR-50/MG;Crescente;Choque;0;0;0;0;0;1;0;0;0;0;1;0;0;0;0
06/04/2022;17:58:00;274;Com vítima;2,700;BR-50/MG;Crescente;Colisão traseira;0;0;0;0;0;0;0;0;0;1;0;2;0;0;0
06/04/2022;18:35:00;287;Com vítima;21,700;BR-50/MG;Decrescente;Colisão traseira;0;1;0;0;0;0;0;0;0;0;0;1;0;0;0
07/04/2022;03:00:00;30;Com vítima;44,500;BR-50/MG;Decrescente;Capotamento;1;0;0;0;0;0;0;0;0;0;0;1;0;0;0
07/04/2022;13:34:00;217;Com vítima;105,500;BR-50/MG;Crescente;Queda de moto;0;0;0;1;0;0;0;0;0;0;0;2;0;0;0
07/04/2022;15:11:00;244;Com vítima;126,000;BR-50/MG;Decrescente;Choque;0;0;0;0;0;0;0;0;0;1;2;1;0;0;0
07/04/2022;15:42:00;258;Sem vítima;117,700;BR-50/MG;Decrescente;Colisão traseira;0;0;1;0;0;0;0;0;0;1;4;0;0;0;0
07/04/2022;19:13:00;313;Sem vítima;154,800;BR-50/MG;Crescente;Capotamento;1;0;0;0;0;0;0;0;0;0;1;0;0;0;0
07/04/2022;23:39:00;361;Com vítima;148,500;BR-50/MG;Crescente;Choque;0;0;1;0;0;1;0;0;0;0;1;1;1;0;0
08/04/2022;00:37:00;5;Sem vítima;174,200;BR-50/MG;Crescente;Choque;1;0;0;0;0;0;0;0;0;0;1;0;0;0;0
08/04/2022;01:27:00;18;Com vítima;206,000;BR-50/MG;Decrescente;Queda de moto;0;0;0;1;0;0;0;0;0;0;0;1;0;0;0
08/04/2022;06:33:00;40;Sem vítima;52,900;BR-50/MG;Decrescente;Colisão lateral no mesmo sentido;0;0;0;0;0;2;0;0;0;0;3;0;0;0;0
08/04/2022;10:09:00;147;Com vítima;201,000;BR-50/MG;Crescente;Choque;0;0;1;0;0;0;0;0;0;1;1;0;1;0;0
08/04/2022;16:39:00;303;Sem vítima;198,000;BR-50/MG;Decrescente;Choque;1;0;0;0;0;0;0;0;0;0;1;0;0;0;0
08/04/2022;17:08:00;311;Sem vítima;57,000;BR-50/MG;Decrescente;Queda de moto;0;0;0;1;0;0;0;0;0;0;1;0;0;0;0
08/04/2022;18:30:00;329;Sem vítima;195,000;BR-50/MG;Crescente;Colisão lateral no mesmo sentido;1;0;0;0;0;1;0;0;0;0;3;0;0;0;0
08/04/2022;19:11:00;348;Com vítima;27,350;BR-50/MG;Decrescente;Capotamento;1;0;0;0;0;0;0;0;0;0;0;2;0;0;0
08/04/2022;19:14:00;349;Com vítima;281,000;BR-50/MG;Crescente;Colisão transversal;0;0;0;1;0;0;0;0;0;0;0;0;1;0;0
08/04/2022;23:08:00;414;Com vítima;193,000;BR-50/MG;Crescente;Colisão lateral no mesmo sentido;0;0;0;0;0;1;0;0;0;1;1;1;0;0;0
09/04/2022;03:26:00;30;Com vítima;119,800;BR-50/MG;Decrescente;Tombamento;0;0;0;0;0;1;0;0;0;0;0;0;1;0;0
09/04/2022;06:13:00;41;Com vítima;56,000;BR-50/MG;Crescente;Capotamento;1;0;0;0;0;0;0;0;0;0;0;1;0;0;0
09/04/2022;10:35:00;157;Sem vítima;59,000;BR-50/MG;Decrescente;Choque;0;0;0;0;0;1;0;0;0;0;1;0;0;0;0
09/04/2022;12:20:00;202;Com vítima;101,000;BR-50/MG;Decrescente;Colisão lateral no mesmo sentido;0;0;0;1;0;0;0;0;0;1;1;1;0;0;0
09/04/2022;13:13:00;217;Sem vítima;123,300;BR-50/MG;Crescente;Acidentes de outra natureza;0;0;0;0;0;0;0;0;0;1;1;0;0;0;0
09/04/2022;13:55:00;230;Sem vítima;118,750;BR-50/MG;Crescente;Choque;1;0;0;0;0;0;0;0;0;0;2;0;0;0;0
09/04/2022;20:55:00;359;Sem vítima;29,400;BR-50/MG;Decrescente;Choque;1;0;0;0;0;0;0;0;0;0;1;0;0;0;0
10/04/2022;02:11:00;17;Sem vítima;219,700;BR-50/MG;Decrescente;Choque;1;0;0;0;0;0;0;0;0;0;2;0;0;0;0
10/04/2022;03:15:00;24;Com vítima;282,800;BR-50/MG;Decrescente;Colisão transversal;2;0;0;0;0;0;0;0;0;0;0;4;1;0;0
10/04/2022;06:37:00;44;Com vítima;35,050;BR-50/MG;Decrescente;Queda de moto;0;0;0;1;0;0;0;0;0;0;0;2;0;0;0
10/04/2022;06:42:00;45;Sem vítima;180,000;BR-50/MG;Decrescente;Choque;1;0;0;0;0;0;0;0;0;0;0;0;0;0;0
10/04/2022;11:54:00;145;Sem vítima;13,000;BR-50/MG;Decrescente;Colisão traseira;1;0;0;0;0;0;0;0;0;0;3;0;0;0;0
10/04/2022;13:25:00;164;Com vítima;28,500;BR-50/MG;Decrescente;Choque;1;0;0;0;0;0;0;0;0;0;4;1;0;0;0
10/04/2022;13:45:00;170;Com vítima;0,500;BR-50/MG;Crescente;Tombamento;0;0;0;0;0;1;0;0;0;0;0;0;1;0;0
10/04/2022;16:02:00;201;Com vítima;244,000;BR-50/MG;Crescente;Tombamento;0;0;0;0;0;1;0;0;0;0;0;1;0;0;0
10/04/2022;16:28:00;212;Com vítima;62,990;BR-50/MG;Decrescente;Capotamento;1;0;0;0;0;0;0;0;0;0;0;0;1;0;0
10/04/2022;16:58:00;220;Sem vítima;83,400;BR-50/MG;Decrescente;Acidentes de outra natureza;1;0;0;0;0;0;0;0;0;0;2;0;0;0;0
10/04/2022;20:03:00;281;Com vítima;171,800;BR-50/MG;Decrescente;Colisão frontal;2;0;0;1;0;0;0;0;0;0;2;0;1;0;0
10/04/2022;20:33:00;290;Com vítima;170,300;BR-50/MG;Decrescente;Atropelamento de pedestre;0;0;0;1;0;0;0;0;0;0;0;0;0;0;1
10/04/2022;20:45:00;295;Com vítima;20,000;BR-50/MG;Decrescente;Colisão traseira;1;0;0;0;0;0;0;0;0;0;0;2;0;0;0
11/04/2022;12:30:00;162;Sem vítima;108,000;BR-50/MG;Decrescente;Choque;1;0;0;0;0;0;0;0;0;0;1;0;0;0;0
12/04/2022;06:08:00;29;Com vítima;149,900;BR-50/MG;Crescente;Capotamento;0;0;0;0;0;0;0;0;0;1;2;1;0;0;0
12/04/2022;11:07:00;175;Com vítima;149,900;BR-50/MG;Decrescente;Capotamento;1;0;0;0;0;0;0;0;0;0;1;1;0;0;0
12/04/2022;17:53:00;339;Sem vítima;178,000;BR-50/MG;Crescente;Engavetamento;1;0;0;0;0;0;0;0;0;1;6;0;0;0;0
12/04/2022;19:20:00;358;Sem vítima;186,000;BR-50/MG;Crescente;Choque;1;0;0;0;0;0;0;0;0;0;1;0;0;0;0
12/04/2022;19:22:00;359;Sem vítima;25,000;BR-50/MG;Crescente;Choque;0;0;0;0;0;0;0;0;0;1;1;0;0;0;0
12/04/2022;21:04:00;384;Sem vítima;85,500;BR-50/MG;Crescente;Tombamento;0;0;0;0;0;1;0;0;0;0;1;0;0;0;0
12/04/2022;22:58:00;404;Com vítima;63,700;BR-50/MG;Decrescente;Atropelamento de animal;1;0;0;0;0;0;0;0;0;0;0;0;1;0;0
13/04/2022;13:53:00;173;Sem vítima;61,120;BR-50/MG;Crescente;Choque;1;0;0;0;0;0;0;0;0;0;2;0;0;0;0
13/04/2022;14:28:00;183;Sem vítima;85,550;BR-50/MG;Crescente;Colisão lateral no mesmo sentido;1;0;0;0;0;0;0;0;0;1;4;0;0;0;0
13/04/2022;14:45:00;185;Sem vítima;137,200;BR-50/MG;Decrescente;Choque;1;0;0;0;0;0;0;0;0;0;2;0;0;0;0
13/04/2022;15:09:00;193;Sem vítima;55,050;BR-50/MG;Decrescente;Colisão lateral no mesmo sentido;2;0;0;0;0;1;0;0;0;0;3;0;0;0;0
13/04/2022;15:10:00;194;Sem vítima;140,200;BR-50/MG;Crescente;Choque;1;0;0;0;0;0;0;0;0;0;3;0;0;0;0
13/04/2022;17:39:00;247;Sem vítima;177,150;BR-50/MG;Crescente;Choque;1;0;0;0;0;0;0;0;0;0;1;0;0;0;0
13/04/2022;17:53:00;254;Sem vítima;251,050;BR-50/MG;Decrescente;Choque;1;0;0;0;0;0;0;0;0;0;4;0;0;0;0
13/04/2022;22:44:00;326;Sem vítima;31,500;BR-50/MG;Crescente;Colisão traseira;0;0;1;0;0;1;0;0;0;0;1;0;0;0;0
13/04/2022;23:36:00;332;Com vítima;203,000;BR-50/MG;Decrescente;Capotamento;0;0;1;0;0;0;0;0;0;0;0;0;1;0;0
14/04/2022;06:40:00;50;Sem vítima;81,100;BR-50/MG;Crescente;Choque;1;0;0;0;0;0;0;0;0;0;1;0;0;0;0
14/04/2022;10:32:00;161;Sem vítima;206,700;BR-50/MG;Decrescente;Choque;0;0;1;0;0;2;0;0;0;0;1;0;0;0;0
14/04/2022;11:18:00;182;Sem vítima;28,520;BR-50/MG;Crescente;Choque;0;0;0;0;0;1;0;0;0;0;1;0;0;0;0
14/04/2022;18:40:00;343;Com vítima;0,300;BR-50/MG;Crescente;Tombamento;0;0;0;0;0;1;0;0;0;0;0;0;1;0;0
15/04/2022;12:27:00;170;Sem vítima;264,600;BR-50/MG;Crescente;Choque;1;0;0;0;0;0;0;0;0;0;2;0;0;0;0
15/04/2022;16:46:00;231;Com vítima;21,480;Contorno de Uberlândia/MG;Crescente;Choque;0;0;0;0;0;0;0;0;0;1;0;1;0;0;0
15/04/2022;17:35:00;247;Com vítima;85,400;BR-50/MG;Decrescente;Capotamento;1;0;0;0;0;0;0;0;0;0;1;2;1;0;0
15/04/2022;19:41:00;276;Com vítima;173,600;BR-50/MG;Crescente;Colisão traseira;0;0;0;1;0;1;0;0;0;0;2;0;0;0;2
15/04/2022;19:49:00;279;Com vítima;173,600;BR-50/MG;Crescente;Choque;0;0;0;1;0;0;0;0;0;0;0;1;0;0;0
16/04/2022;03:20:00;23;Sem vítima;171,700;BR-50/MG;Crescente;Choque;1;0;0;0;0;0;0;0;0;0;1;0;0;0;0
16/04/2022;16:49:00;187;Sem vítima;22,000;BR-50/MG;Decrescente;Choque;0;0;0;1;0;0;0;0;0;0;1;0;0;0;0
17/04/2022;12:21:00;132;Sem vítima;51,400;BR-50/MG;Decrescente;Choque;0;0;0;0;0;0;0;0;0;1;2;0;0;0;0
17/04/2022;14:37:00;165;Com vítima;125,700;BR-50/MG;Decrescente;Queda de moto;0;0;0;1;0;0;0;0;0;0;0;2;0;0;0