data;horario;n_da_ocorrencia;tipo_de_ocorrencia;km;trecho;sentido;tipo_de_acidente;automovel;bicicleta;caminhao;moto;onibus;outros;tracao_animal;transporte_de_cargas_especiais;trator_maquinas;utilitarios;ilesos;levemente_feridos;moderadamente_feridos;gravemente_feridos;mortos
05/06/2022;02:25:00;15;Com vítima;37,200;BR-50/MG;Crescente;Capotamento;1;0;0;0;0;0;0;0;0;0;0;4;0;0;0
05/06/2022;09:13:00;79;Com vítima;54,500;BR-50/MG;Crescente;Tombamento;0;0;0;0;0;1;0;0;0;0;0;0;1;0;0
05/06/2022;10:26:00;94;Sem vítima;105,000;BR-50/MG;Crescente;Choque;0;0;0;1;0;0;0;0;0;0;1;0;0;0;0
05/06/2022;10:41:00;101;Sem vítima;79,500;BR-50/MG;Crescente;Choque;1;0;1;0;0;0;0;0;0;0;3;0;0;0;0
05/06/2022;17:49:00;207;Com vítima;0,500;BR-50/MG;Crescente;Tombamento;0;0;0;0;0;1;0;0;0;0;0;1;0;0;0
05/06/2022;19:02:00;228;Com vítima;54,500;BR-50/MG;Crescente;Colisão traseira;2;0;0;0;0;0;0;0;0;0;3;1;0;0;0
05/06/2022;20:58:00;262;Com vítima;280,900;BR-50/MG;Crescente;Queda de moto;0;0;0;1;0;0;0;0;0;0;0;1;0;0;0
06/06/2022;21:15:00;326;Com vítima;43,000;BR-50/MG;Decrescente;Colisão lateral no mesmo sentido;0;0;0;0;0;1;0;0;0;1;1;1;0;1;0
07/06/2022;02:37:00;16;Com vítima;40,900;BR-50/MG;Crescente;Atropelamento de animal;1;0;0;0;0;0;0;0;0;0;0;0;1;0;0
07/06/2022;05:50:00;30;Sem vítima;138,150;BR-50/MG;Crescente;Colisão traseira;0;0;0;0;0;1;0;0;0;1;2;0;0;0;0
07/06/2022;17:02:00;248;Com vítima;174,980;BR-50/MG;Decrescente;Colisão traseira;0;0;0;1;0;0;0;0;0;0;0;2;0;0;0
07/06/2022;18:58:00;284;Sem vítima;20,900;BR-50/MG;Crescente;Colisão traseira;2;0;0;0;0;0;0;0;0;0;2;0;0;0;0
07/06/2022;19:04:00;287;Com vítima;180,000;BR-50/MG;Crescente;Queda de moto;0;0;0;1;0;0;0;0;0;0;0;1;0;0;0
07/06/2022;19:17:00;291;Com vítima;180,000;BR-50/MG;Decrescente;Queda de moto;0;0;0;1;0;0;0;0;0;0;1;0;1;0;0
08/06/2022;08:31:00;88;Sem vítima;209,400;BR-50/MG;Decrescente;Choque;0;0;0;0;0;0;0;0;0;1;1;0;0;0;0
08/06/2022;10:38:00;137;Sem vítima;97,500;BR-50/MG;Crescente;Colisão transversal;3;0;0;0;0;0;0;0;0;0;3;0;0;0;0
08/06/2022;20:22:00;325;Sem vítima;140,800;BR-50/MG;Decrescente;Colisão traseira;1;0;0;0;0;0;0;0;0;1;3;0;0;0;0
08/06/2022;23:32:00;361;Sem vítima;23,400;BR-50/MG;Decrescente;Colisão traseira;0;0;0;0;0;2;0;0;0;0;3;0;0;0;0
08/06/2022;23:55:00;366;Com vítima;304,900;BR-50/MG;Crescente;Capotamento;1;0;0;0;0;0;0;0;0;0;0;4;0;0;0
09/06/2022;08:11:00;53;Sem vítima;97,700;BR-50/MG;Crescente;Colisão transversal;1;0;0;1;0;0;0;0;0;0;0;0;0;0;0
09/06/2022;13:45:00;177;Com vítima;274,000;BR-50/MG;Crescente;Colisão traseira;0;0;0;0;0;0;0;0;0;2;1;1;0;0;0
09/06/2022;15:51:00;223;Sem vítima;203,400;BR-50/MG;Crescente;Capotamento;1;0;0;0;0;0;0;0;0;0;2;0;0;0;0
09/06/2022;17:02:00;247;Sem vítima;280,250;BR-50/MG;Decrescente;Colisão lateral em sentido contrário;0;0;0;2;0;0;0;0;0;0;0;0;0;0;0
09/06/2022;17:40:00;266;Sem vítima;179,000;BR-50/MG;Crescente;Colisão traseira;0;0;0;0;0;0;0;0;0;1;2;0;0;0;0
10/06/2022;05:37:00;25;Com vítima;169,800;BR-50/MG;Decrescente;Choque;0;0;0;0;0;1;0;0;0;0;0;1;0;0;0
10/06/2022;06:49:00;32;Com vítima;288,900;BR-50/MG;Decrescente;Colisão lateral no mesmo sentido;0;1;0;0;0;0;0;0;0;0;0;1;0;0;0
10/06/2022;06:52:00;33;Sem vítima;172,800;BR-50/MG;Decrescente;Colisão traseira;2;0;0;0;0;0;0;0;0;0;3;0;0;0;0
10/06/2022;10:22:00;110;Sem vítima;176,000;BR-50/MG;Decrescente;Colisão lateral no mesmo sentido;1;0;0;0;0;0;0;0;0;0;1;0;0;0;0
10/06/2022;10:28:00;113;Com vítima;176,300;BR-50/MG;Decrescente;Queda de moto;0;0;0;1;0;0;0;0;0;0;0;1;0;0;0
10/06/2022;14:19:00;170;Sem vítima;37,500;BR-50/MG;Decrescente;Choque;0;0;0;0;0;0;0;0;0;1;0;0;0;0;0
11/06/2022;03:20:00;22;Sem vítima;64,500;BR-50/MG;Decrescente;Choque;0;0;0;0;0;1;0;0;0;0;0;0;0;0;0
11/06/2022;03:28:00;23;Com vítima;169,400;BR-50/MG;Crescente;Choque;0;0;0;0;0;1;0;0;0;0;0;1;0;0;0
12/06/2022;06:00:00;44;Sem vítima;80,000;BR-50/MG;Crescente;Atropelamento de animal;0;0;1;0;0;0;0;0;0;0;1;0;0;0;0
12/06/2022;16:12:00;195;Com vítima;133,600;BR-50/MG;Decrescente;Colisão transversal;1;0;0;0;0;1;0;0;0;0;1;0;2;0;0
12/06/2022;18:53:00;253;Com vítima;18,000;Contorno de Uberlândia/MG;Crescente;Capotamento;1;0;0;0;0;0;0;0;0;0;0;1;0;0;0
12/06/2022;21:30:00;295;Com vítima;115,500;BR-50/MG;Decrescente;Tombamento;0;0;1;0;0;0;0;0;0;0;0;1;0;0;0
13/06/2022;07:50:00;58;Sem vítima;112,450;BR-50/MG;Crescente;Choque;1;0;0;0;0;0;0;0;0;0;4;0;0;0;0
13/06/2022;09:54:00;102;Com vítima;166,600;BR-50/MG;Decrescente;Queda de moto;0;0;0;1;0;0;0;0;0;0;0;1;0;0;0
13/06/2022;10:36:00;118;Com vítima;107,450;BR-50/MG;Decrescente;Choque;1;0;0;0;0;0;0;0;0;0;2;1;0;0;0
13/06/2022;17:33:00;255;Sem vítima;145,015;BR-50/MG;Crescente;Colisão traseira;0;0;0;0;0;1;0;0;0;0;1;0;0;0;0
14/06/2022;07:17:00;44;Com vítima;37,700;BR-50/MG;Decrescente;Colisão traseira;1;1;0;0;0;0;0;0;0;0;1;1;0;0;0
14/06/2022;22:39:00;297;Com vítima;282,900;BR-50/MG;Crescente;Choque;0;0;0;1;0;0;0;0;0;0;0;1;0;0;0
15/06/2022;15:33:00;203;Com vítima;174,000;BR-50/MG;Crescente;Atropelamento de pedestre;0;1;0;0;0;0;0;0;0;1;1;1;0;0;0
15/06/2022;20:20:00;275;Com vítima;138,000;BR-50/MG;Crescente;Colisão traseira;1;0;0;0;0;0;0;0;0;1;2;3;0;0;0
15/06/2022;22:09:00;300;Sem vítima;125,000;BR-50/MG;Decrescente;Choque;1;0;0;0;0;0;0;0;0;0;1;0;0;0;0
16/06/2022;09:26:00;115;Com vítima;311,000;BR-50/MG;Decrescente;Queda de moto;0;0;0;1;0;0;0;0;0;0;0;1;0;0;0
16/06/2022;19:02:00;304;Com vítima;171,000;BR-50/MG;Decrescente;Queda de moto;0;0;0;1;0;0;0;0;0;0;0;1;0;0;0
16/06/2022;23:15:00;360;Com vítima;49,000;BR-50/MG;Decrescente;Tombamento;0;0;0;0;0;1;0;0;0;0;0;1;0;0;0
16/06/2022;23:40:00;364;Sem vítima;49,000;BR-50/MG;Decrescente;Choque;1;0;0;0;0;0;0;0;0;0;2;0;0;0;0
17/06/2022;00:16:00;3;Sem vítima;152,400;BR-50/MG;Crescente;Colisão transversal;0;0;0;0;0;2;0;0;0;0;2;0;0;0;0
17/06/2022;20:16:00;258;Sem vítima;283,000;BR-50/MG;Crescente;Colisão transversal;1;0;0;0;1;0;0;0;0;0;5;0;0;0;0
17/06/2022;20:35:00;264;Sem vítima;175,000;BR-50/MG;Crescente;Colisão traseira;1;0;0;0;0;1;0;0;0;0;4;0;0;0;0
17/06/2022;22:19:00;284;Com vítima;140,850;BR-50/MG;Crescente;Tombamento;0;0;0;0;0;1;0;0;0;0;0;0;0;1;0
18/06/2022;00:35:00;13;Sem vítima;147,500;BR-50/MG;Decrescente;Choque;1;0;0;0;0;0;0;0;0;0;1;0;0;0;0
18/06/2022;02:24:00;20;Sem vítima;169,000;BR-50/MG;Decrescente;Choque;0;0;0;0;0;1;0;0;0;0;1;0;0;0;0
18/06/2022;04:05:00;25;Sem vítima;106,010;BR-50/MG;Decrescente;Choque;1;0;0;0;0;0;0;0;0;0;2;0;0;0;0
18/06/2022;04:12:00;26;Sem vítima;34,000;BR-50/MG;Decrescente;Choque;1;0;0;0;0;0;0;0;0;0;1;0;0;0;0
18/06/2022;07:38:00;62;Com vítima;95,100;BR-50/MG;Decrescente;Capotamento;1;0;0;0;0;0;0;0;0;0;0;1;0;0;0
18/06/2022;11:02:00;117;Com vítima;61,000;BR-50/MG;Decrescente;Colisão traseira;1;0;1;0;0;0;0;0;0;0;2;1;0;0;0
19/06/2022;00:13:00;2;Sem vítima;118,100;BR-50/MG;Decrescente;Tombamento;0;0;0;0;0;0;0;0;0;1;1;0;0;0;0
19/06/2022;01:10:00;5;Com vítima;112,000;BR-50/MG;Decrescente;Colisão traseira;2;0;0;0;0;0;0;0;0;0;0;1;2;0;0
19/06/2022;08:57:00;62;Sem vítima;178,700;BR-50/MG;Crescente;Queda de moto;0;0;0;0;0;1;0;0;0;0;0;0;0;0;0
19/06/2022;16:03:00;192;Sem vítima;199,000;BR-50/MG;Decrescente;Colisão traseira;0;0;0;0;0;2;0;0;0;0;1;0;0;0;0
19/06/2022;18:43:00;244;Com vítima;281,000;BR-50/MG;Crescente;Atropelamento de pedestre;0;0;0;1;0;0;0;0;0;0;0;2;0;0;0
19/06/2022;23:01:00;306;Com vítima;41,500;BR-50/MG;Decrescente;Colisão lateral no mesmo sentido;2;0;0;0;0;0;0;0;0;0;4;1;0;0;0
20/06/2022;00:29:00;4;Com vítima;192,000;BR-50/MG;Crescente;Colisão lateral no mesmo sentido;2;0;0;0;0;0;0;0;0;0;4;1;0;0;0
20/06/2022;05:38:00;35;Sem vítima;132,000;BR-50/MG;Crescente;Choque;1;0;0;0;0;0;0;0;0;0;4;0;0;0;0
20/06/2022;07:10:00;51;Com vítima;176,500;BR-50/MG;Decrescente;Engavetamento;2;0;0;1;0;0;0;0;0;0;2;0;1;0;0
20/06/2022;16:50:00;269;Sem vítima;114,200;BR-50/MG;Crescente;Atropelamento de animal;0;0;0;0;0;0;0;0;0;1;1;0;0;0;0
20/06/2022;21:02:00;332;Sem vítima;40,500;BR-50/MG;Crescente;Choque;0;0;0;0;0;0;0;0;0;1;3;0;0;0;0
21/06/2022;09:27:00;88;Com vítima;49,000;BR-50/MG;Crescente;Capotamento;1;0;0;0;0;0;0;0;0;0;0;1;0;0;0
21/06/2022;13:08:00;170;Sem vítima;133,500;BR-50/MG;Crescente;Colisão lateral no mesmo sentido;0;0;0;0;0;2;0;0;0;0;2;0;0;0;0
21/06/2022;18:32:00;274;Com vítima;177,000;BR-50/MG;Crescente;Queda de moto;0;0;0;1;0;0;0;0;0;0;0;2;0;0;0
22/06/2022;07:03:00;37;Sem vítima;191,150;BR-50/MG;Decrescente;Colisão traseira;0;0;0;0;0;2;0;0;0;0;3;0;0;0;0
22/06/2022;15:16:00;208;Sem vítima;61,550;BR-50/MG;Crescente;Tombamento;0;0;1;0;0;0;0;0;0;0;1;0;0;0;0
23/06/2022;07:59:00;57;Com vítima;169,800;BR-50/MG;Decrescente;Queda de moto;0;0;0;1;0;1;0;0;0;0;0;1;0;0;0
24/06/2022;00:29:00;6;Sem vítima;3,100;BR-50/MG;Decrescente;Atropelamento de animal;1;0;0;0;0;0;0;0;0;0;1;0;0;0;0
24/06/2022;14:33:00;214;Com vítima;125,000;BR-50/MG;Decrescente;Capotamento;1;0;0;0;0;0;0;0;0;0;0;0;1;0;0
24/06/2022;15:45:00;238;Sem vítima;306,050;BR-50/MG;Crescente;Tombamento;0;0;0;0;0;1;0;0;0;0;1;0;0;0;0
24/06/2022;15:55:00;242;Com vítima;81,800;BR-50/MG;Decrescente;Engavetamento;2;0;0;0;0;1;0;0;0;0;3;1;0;0;0
24/06/2022;16:32:00;255;Com vítima;262,900;BR-50/MG;Decrescente;Capotamento;1;0;0;0;0;0;0;0;0;0;0;0;0;0;1
24/06/2022;18:46:00;281;Com vítima;88,550;BR-50/MG;Crescente;Colisão traseira;1;0;1;1;0;1;0;0;0;0;2;2;0;0;1
24/06/2022;20:05:00;303;Sem vítima;207,300;BR-50/MG;Decrescente;Choque;0;0;0;0;0;1;0;0;0;0;1;0;0;0;0
24/06/2022;20:20:00;308;Sem vítima;207,300;BR-50/MG;Crescente;Choque;0;0;0;0;0;1;0;0;0;0;1;0;0;0;0
25/06/2022;00:24:00;3;Sem vítima;286,000;BR-50/MG;Crescente;Atropelamento de animal;0;0;0;0;0;0;0;0;0;1;1;0;0;0;0
25/06/2022;11:09:00;115;Com vítima;16,850;BR-50/MG;Decrescente;Tombamento;0;0;0;0;0;1;0;0;0;0;0;1;0;0;0
25/06/2022;20:03:00;260;Sem vítima;21,100;Contorno de Uberlândia/MG;Crescente;Choque;0;0;0;0;0;1;0;0;0;1;1;0;0;0;0
26/06/2022;20:14:00;210;Com vítima;45,000;BR-50/MG;Decrescente;Queda de moto;0;0;0;1;0;0;0;0;0;0;0;0;1;0;0
27/06/2022;08:29:00;68;Sem vítima;115,200;BR-50/MG;Decrescente;Capotamento;1;0;0;0;0;0;0;0;0;0;2;0;0;0;0
27/06/2022;15:44:00;207;Sem vítima;148,500;BR-50/MG;Crescente;Tombamento;0;0;0;0;0;1;0;0;0;0;1;0;0;0;0
27/06/2022;18:02:00;246;Com vítima;168,000;BR-50/MG;Decrescente;Atropelamento de pedestre;1;1;0;0;0;0;0;0;0;0;1;0;1;0;0
27/06/2022;21:37:00;284;Com vítima;18,000;Contorno de Uberlândia/MG;Crescente;Choque;0;0;0;0;0;1;0;0;0;0;0;1;0;0;0
27/06/2022;23:22:00;299;Sem vítima;241,800;BR-50/MG;Decrescente;Choque;1;0;0;0;0;0;0;0;0;0;1;0;0;0;0
28/06/2022;06:40:00;34;Com vítima;43,600;BR-50/MG;Decrescente;Colisão traseira;0;0;1;0;0;1;0;0;0;0;1;1;0;0;0
28/06/2022;07:27:00;48;Com vítima;221,790;BR-50/MG;Decrescente;Choque;0;0;0;0;0;0;0;0;0;1;1;0;1;0;0
28/06/2022;07:34:00;50;Sem vítima;89,100;BR-50/MG;Decrescente;Colisão lateral no mesmo sentido;1;0;0;0;0;1;0;0;0;0;4;0;0;0;0
28/06/2022;11:44:00;148;Com vítima;179,900;BR-50/MG;Crescente;Colisão lateral no mesmo sentido;0;0;0;1;0;0;0;0;0;1;2;1;0;0;0
29/06/2022;01:39:00;12;Sem vítima;170,500;BR-50/MG;Crescente;Colisão traseira;1;0;0;0;0;0;0;0;0;1;2;0;0;0;0
29/06/2022;13:14:00;178;Sem vítima;273,400;BR-50/MG;Crescente;Colisão transversal;1;0;1;0;0;0;0;0;0;0;3;0;0;0;0
29/06/2022;15:59:00;216;Sem vítima;179,700;BR-50/MG;Crescente;Colisão traseira;1;0;0;0;0;1;0;0;0;0;2;0;0;0;0
29/06/2022;19:18:00;268;Sem vítima;174,000;BR-50/MG;Crescente;Choque;0;0;0;0;0;0;0;0;0;1;1;0;0;0;0
30/06/2022;04:14:00;24;Sem vítima;133,500;BR-50/MG;Decrescente;Tombamento;0;0;0;0;0;1;0;0;0;0;1;0;0;0;0
30/06/2022;10:44:00;117;Sem vítima;178,200;BR-50/MG;Crescente;Acidentes de outra natureza;0;0;1;0;0;0;0;0;0;0;2;0;0;0;0
30/06/2022;19:28:00;269;Sem vítima;101,000;BR-50/MG;Crescente;Atropelamento de animal;1;0;0;0;0;0;0;0;0;0;5;0;0;0;0
01/07/2022;06:36:00;25;Com vítima;16,500;Contorno de Uberlândia/MG;Crescente;Atropelamento de animal;1;0;0;0;0;0;0;0;0;0;0;0;1;0;0
01/07/2022;08:21:00;60;Sem vítima;177,550;BR-50/MG;Decrescente;Colisão traseira;1;0;0;0;0;1;0;0;0;0;2;0;0;0;0
01/07/2022;09:03:00;78;Sem vítima;174,000;BR-50/MG;Crescente;Colisão traseira;1;0;1;0;0;0;0;0;0;0;2;0;0;0;0
01/07/2022;17:14:00;240;Sem vítima;281,000;BR-50/MG;Crescente;Colisão transversal;2;0;0;0;0;0;0;0;0;0;4;0;0;0;0
01/07/2022;22:06:00;318;Sem vítima;177,000;BR-50/MG;Crescente;Capotamento;1;0;0;0;0;0;0;0;0;0;1;0;0;0;0
01/07/2022;23:28:00;331;Com vítima;79,700;BR-50/MG;Decrescente;Capotamento;1;0;0;0;0;0;0;0;0;0;4;1;0;0;0
02/07/2022;05:19:00;34;Sem vítima;104,000;BR-50/MG;Decrescente;Choque;1;0;0;0;0;0;0;0;0;0;1;0;0;0;0
02/07/2022;11:30:00;107;Sem vítima;77,300;BR-50/MG;Decrescente;Colisão traseira;1;0;1;0;0;0;0;0;0;0;5;0;0;0;0
02/07/2022;13:34:00;140;Sem vítima;1,100;BR-50/MG;Crescente;Choque;1;0;0;0;0;0;0;0;0;0;3;0;0;0;0
02/07/2022;17:52:00;209;Sem vítima;179,500;BR-50/MG;Crescente;Engavetamento;1;0;0;0;0;0;0;0;0;2;4;0;0;0;0
02/07/2022;20:35:00;260;Sem vítima;206,500;BR-50/MG;Crescente;Tombamento;0;0;0;0;0;0;0;0;0;1;1;0;0;0;0
02/07/2022;21:41:00;272;Sem vítima;57,860;BR-50/MG;Decrescente;Capotamento;1;0;0;0;0;0;0;0;0;0;1;0;0;0;0
02/07/2022;22:11:00;279;Sem vítima;105,000;BR-50/MG;Crescente;Choque;1;0;0;0;0;0;0;0;0;0;5;0;0;0;0
03/07/2022;15:48:00;180;Com vítima;44,700;BR-50/MG;Crescente;Engavetamento;6;0;0;0;0;1;0;0;0;1;10;4;1;1;1
03/07/2022;19:01:00;235;Com vítima;97,500;BR-50/MG;Decrescente;Colisão traseira;2;0;0;0;0;0;0;0;0;0;0;0;1;0;0
03/07/2022;20:05:00;248;Sem vítima;8,500;Contorno de Uberlândia/MG;Decrescente;Choque;1;0;0;0;0;0;0;0;0;0;3;0;0;0;0
03/07/2022;20:23:00;252;Sem vítima;54,000;BR-50/MG;Decrescente;Colisão lateral no mesmo sentido;0;0;0;0;0;2;0;0;0;0;2;0;0;0;0
04/07/2022;00:21:00;6;Com vítima;235,750;BR-50/MG;Crescente;Capotamento;0;0;1;0;0;0;0;0;0;0;0;0;0;1;0
04/07/2022;10:54:00;120;Sem vítima;21,000;Contorno de Uberlândia/MG;Crescente;Colisão transversal;1;0;0;0;0;1;0;0;0;0;1;0;0;0;0
05/07/2022;16:24:00;228;Com vítima;47,700;BR-50/MG;Decrescente;Colisão traseira;1;0;0;1;0;0;0;0;0;0;5;1;0;0;0
05/07/2022;18:11:00;264;Sem vítima;175,000;BR-50/MG;Crescente;Colisão transversal;1;0;0;0;0;1;0;0;0;0;4;0;0;0;0
05/07/2022;18:59:00;278;Sem vítima;25,500;BR-50/MG;Crescente;Colisão traseira;1;0;0;0;0;2;0;0;0;0;4;0;0;0;0
06/07/2022;06:23:00;33;Sem vítima;286,830;BR-50/MG;Decrescente;Choque;1;0;0;0;0;0;0;0;0;0;4;0;0;0;0
06/07/2022;07:40:00;53;Sem vítima;36,000;BR-50/MG;Decrescente;Colisão lateral em sentido contrário;0;0;0;1;0;1;0;0;0;0;2;0;0;0;0
06/07/2022;08:02:00;63;Sem vítima;176,800;BR-50/MG;Crescente;Colisão traseira;1;0;0;0;0;1;0;0;0;0;2;0;0;0;0
07/07/2022;14:37:00;206;Sem vítima;259,600;BR-50/MG;Crescente;Choque;1;0;0;0;0;1;0;0;0;0;3;0;0;0;0
07/07/2022;15:54:00;227;Com vítima;175,980;BR-50/MG;Decrescente;Capotamento;0;0;0;0;0;0;0;0;0;1;0;0;1;0;0
07/07/2022;15:59:00;228;Sem vítima;104,800;BR-50/MG;Decrescente;Colisão traseira;1;0;0;0;0;1;0;0;0;0;3;0;0;0;0
07/07/2022;16:43:00;243;Com vítima;15,000;Contorno de Uberlândia/MG;Decrescente;Queda de moto;0;0;0;1;0;0;0;0;0;0;0;1;0;0;0
07/07/2022;23:13:00;339;Sem vítima;223,000;BR-50/MG;Decrescente;Queda de moto;0;0;0;1;0;0;0;0;0;0;0;0;0;0;0
08/07/2022;04:41:00;17;Sem vítima;1,090;BR-50/MG;Decrescente;Choque;1;0;0;0;0;0;0;0;0;0;4;0;0;0;0
08/07/2022;08:02:00;57;Sem vítima;183,100;BR-50/MG;Decrescente;Choque;1;0;0;0;0;0;0;0;0;0;4;0;0;0;0
08/07/2022;10:15:00;100;Com vítima;50,900;BR-50/MG;Crescente;Choque;1;0;0;0;0;0;0;0;0;0;0;1;0;0;0
08/07/2022;16:01:00;214;Sem vítima;176,500;BR-50/MG;Decrescente;Colisão lateral no mesmo sentido;1;0;0;0;0;1;0;0;0;0;2;0;0;0;0
08/07/2022;21:00:00;297;Com vítima;177,000;BR-50/MG;Crescente;Capotamento;0;0;0;0;0;0;0;0;0;1;0;1;0;0;0
09/07/2022;00:59:00;10;Com vítima;20,700;BR-50/MG;Crescente;Tombamento;1;0;0;0;0;1;0;0;0;0;1;1;0;0;0
09/07/2022;03:48:00;20;Com vítima;171,000;BR-50/MG;Decrescente;Queda de moto;0;0;0;1;0;0;0;0;0;0;0;0;1;0;0
09/07/2022;18:47:00;228;Com vítima;174,000;BR-50/MG;Crescente;Queda de bicicleta;0;1;0;0;0;0;0;0;0;0;0;1;0;0;0
09/07/2022;22:25:00;285;Sem vítima;27,800;BR-50/MG;Crescente;Choque;0;0;0;0;0;1;0;0;0;0;1;0;0;0;0
10/07/2022;00:33:00;4;Sem vítima;119,000;BR-50/MG;Decrescente;Choque;1;0;0;0;0;0;0;0;0;0;2;0;0;0;0
10/07/2022;06:48:00;41;Com vítima;267,000;BR-50/MG;Crescente;Capotamento;0;0;0;0;0;0;0;0;0;1;0;0;0;2;1
10/07/2022;11:26:00;112;Com vítima;269,990;BR-50/MG;Crescente;Queda de moto;0;0;0;1;0;0;0;0;0;0;0;0;2;0;0
10/07/2022;14:33:00;156;Sem vítima;55,820;BR-50/MG;Crescente;Queda de moto;0;0;0;1;0;0;0;0;0;0;2;0;0;0;0
10/07/2022;19:48:00;236;Com vítima;277,000;BR-50/MG;Decrescente;Choque;1;0;0;0;0;0;0;0;0;0;0;1;0;0;0
10/07/2022;20:05:00;241;Com vítima;175,300;BR-50/MG;Decrescente;Colisão lateral no mesmo sentido;1;0;0;0;0;1;0;0;0;0;0;4;0;0;0
10/07/2022;23:08:00;276;Sem vítima;207,450;BR-50/MG;Decrescente;Choque;1;0;0;0;0;0;0;0;0;0;1;0;0;0;0
11/07/2022;05:43:00;19;Sem vítima;98,000;BR-50/MG;Crescente;Colisão traseira;1;0;0;0;0;0;0;0;0;1;7;0;0;0;0
11/07/2022;14:11:00;193;Sem vítima;106,750;BR-50/MG;Decrescente;Colisão traseira;0;0;1;0;0;1;0;0;0;0;3;0;0;0;0
11/07/2022;18:17:00;270;Com vítima;97,650;BR-50/MG;Decrescente;Colisão traseira;1;0;0;0;0;0;0;0;0;1;2;1;0;0;0
12/07/2022;07:12:00;51;Com vítima;20,000;Contorno de Uberlândia/MG;Decrescente;Queda de moto;0;0;0;1;0;1;0;0;0;0;0;1;0;0;0
13/07/2022;15:06:00;159;Com vítima;84,000;BR-50/MG;Crescente;Capotamento;1;0;0;0;0;1;0;0;0;0;1;1;0;0;0
14/07/2022;00:23:00;2;Sem vítima;48,380;BR-50/MG;Decrescente;Choque;1;0;0;0;0;0;0;0;0;0;1;0;0;0;0
14/07/2022;06:38:00;35;Sem vítima;148,100;BR-50/MG;Crescente;Tombamento;0;0;0;0;0;1;0;0;0;0;1;0;0;0;0
14/07/2022;07:08:00;41;Com vítima;18,100;Contorno de Uberlândia/MG;Crescente;Colisão lateral no mesmo sentido;1;1;0;0;0;0;0;0;0;0;5;0;1;0;0
14/07/2022;07:49:00;52;Com vítima;3,680;BR-50/MG;Crescente;Choque;1;0;0;0;0;1;0;0;0;0;2;1;0;0;0
14/07/2022;17:11:00;248;Com vítima;98,000;BR-50/MG;Crescente;Colisão transversal;0;0;0;1;0;1;0;0;0;0;1;0;0;1;0
14/07/2022;19:26:00;281;Sem vítima;25,700;BR-50/MG;Decrescente;Choque;0;0;1;0;0;0;0;0;0;0;1;0;0;0;0
15/07/2022;01:03:00;17;Sem vítima;179,450;BR-50/MG;Decrescente;Atropelamento de animal;0;0;0;0;0;1;0;0;0;0;1;0;0;0;0
15/07/2022;20:20:00;344;Sem vítima;90,350;BR-50/MG;Crescente;Choque;1;0;0;0;0;0;0;0;0;0;2;0;0;0;0
15/07/2022;21:41:00;370;Sem vítima;115,000;BR-50/MG;Decrescente;Choque;1;0;0;0;0;0;0;0;0;0;2;0;0;0;0
16/07/2022;01:15:00;10;Com vítima;278,900;BR-50/MG;Crescente;Queda de moto;0;0;0;1;0;0;0;0;0;0;1;0;1;0;0
16/07/2022;10:48:00;115;Sem vítima;153,700;BR-50/MG;Decrescente;Capotamento;1;0;0;0;0;0;0;0;0;0;2;0;0;0;0
16/07/2022;19:50:00;279;Sem vítima;172,000;BR-50/MG;Decrescente;Capotamento;0;0;0;0;0;0;0;0;0;1;1;0;0;0;0
16/07/2022;20:45:00;290;Com vítima;83,850;BR-50/MG;Decrescente;Colisão traseira;1;0;0;0;0;0;0;0;0;1;0;3;0;0;0
16/07/2022;21:13:00;294;Com vítima;82,500;BR-50/MG;Decrescente;Colisão traseira;2;0;0;0;0;0;0;0;0;0;0;1;0;0;0
16/07/2022;21:44:00;301;Com vítima;174,000;BR-50/MG;Crescente;Colisão frontal;0;1;0;0;0;0;0;0;0;0;0;1;1;0;0
17/07/2022;02:29:00;19;Sem vítima;42,700;BR-50/MG;Decrescente;Choque;1;0;0;0;0;0;0;0;0;0;1;0;0;0;0
17/07/2022;04:50:00;26;Sem vítima;64,800;BR-50/MG;Crescente;Colisão traseira;1;0;0;0;0;1;0;0;0;0;2;0;0;0;0
17/07/2022;05:15:00;28;Sem vítima;98,000;BR-50/MG;Decrescente;Choque;1;0;0;0;0;0;0;0;0;0;2;0;0;0;0
17/07/2022;13:07:00;128;Sem vítima;198,060;BR-50/MG;Decrescente;Colisão traseira;1;0;0;0;0;1;0;0;0;0;2;0;0;0;0
17/07/2022;21:33:00;269;Com vítima;276,300;BR-50/MG;Decrescente;Choque;1;0;0;0;0;0;0;0;0;0;1;0;1;0;0
18/07/2022;04:51:00;28;Sem vítima;96,000;BR-50/MG;Crescente;Capotamento;1;0;0;0;0;0;0;0;0;0;1;0;0;0;0
18/07/2022;07:58:00;59;Sem vítima;138,700;BR-50/MG;Decrescente;Choque;1;0;0;0;0;0;0;0;0;0;3;0;0;0;0
20/07/2022;08:35:00;72;Sem vítima;209,100;BR-50/MG;Decrescente;Colisão lateral no mesmo sentido;1;0;0;0;0;1;0;0;0;0;5;0;0;0;0
20/07/2022;17:06:00;230;Com vítima;24,000;BR-50/MG;Decrescente;Acidentes de outra natureza;1;0;0;0;0;0;0;0;0;0;0;0;1;0;0
20/07/2022;19:45:00;277;Sem vítima;29,800;BR-50/MG;Decrescente;Choque;0;0;0;0;0;1;0;0;0;0;1;0;0;0;0
21/07/2022;15:19:00;239;Com vítima;19,500;BR-50/MG;Crescente;Colisão traseira;1;0;1;0;0;0;0;0;0;0;3;2;0;0;0
21/07/2022;16:17:00;265;Sem vítima;198,500;BR-50/MG;Decrescente;Choque;1;0;0;0;0;0;0;0;0;0;1;0;0;0;0
21/07/2022;21:02:00;358;Sem vítima;262,400;BR-50/MG;Decrescente;Atropelamento de animal;1;0;0;0;0;0;0;0;0;0;5;0;0;0;0
21/07/2022;22:31:00;378;Sem vítima;176,000;BR-50/MG;Decrescente;Colisão traseira;2;0;0;0;0;0;0;0;0;0;2;0;0;0;0
22/07/2022;02:44:00;17;Sem vítima;176,000;BR-50/MG;Crescente;Choque;1;0;0;0;0;0;0;0;0;0;3;0;0;0;0