data;horario;n_da_ocorrencia;tipo_de_ocorrencia;km;trecho;sentido;tipo_de_acidente;automovel;bicicleta;caminhao;moto;onibus;outros;tracao_animal;transporte_de_cargas_especiais;trator_maquinas;utilitarios;ilesos;levemente_feridos;moderadamente_feridos;gravemente_feridos;mortos
03/09/2022;22:45:00;334;Com vítima;190,170;BR-50/MG;Decrescente;Colisão traseira;0;0;1;0;0;1;0;0;0;0;1;0;0;1;0
03/09/2022;23:05:00;338;Com vítima;79,850;BR-50/MG;Crescente;Colisão traseira;1;0;0;1;0;0;0;0;0;0;1;0;0;2;0
03/09/2022;23:08:00;339;Sem vítima;311,000;BR-50/MG;Crescente;Choque;0;0;0;0;0;0;0;0;0;1;1;0;0;0;0
04/09/2022;05:41:00;28;Sem vítima;62,020;BR-50/MG;Crescente;Choque;1;0;0;0;0;0;0;0;0;0;2;0;0;0;0
04/09/2022;17:43:00;221;Sem vítima;251,530;BR-50/MG;Crescente;Choque;0;0;0;0;0;0;0;0;0;1;1;0;0;0;0
05/09/2022;12:24:00;179;Sem vítima;140,000;BR-50/MG;Crescente;Choque;0;0;0;0;0;1;0;0;0;0;1;0;0;0;0
05/09/2022;18:11:00;269;Com vítima;180,000;BR-50/MG;Decrescente;Queda de moto;0;0;0;1;0;0;0;0;0;0;0;1;0;0;0
05/09/2022;18:44:00;282;Com vítima;176,000;BR-50/MG;Crescente;Engavetamento;3;0;0;0;0;0;0;0;0;0;5;1;0;0;0
06/09/2022;11:19:00;167;Sem vítima;84,400;BR-50/MG;Decrescente;Colisão lateral no mesmo sentido;1;0;1;0;0;0;0;0;0;0;4;0;0;0;0
06/09/2022;15:30:00;261;Sem vítima;164,920;BR-50/MG;Decrescente;Colisão traseira;0;0;0;0;0;1;0;0;0;1;1;0;0;0;0
06/09/2022;19:08:00;336;Com vítima;124,000;BR-50/MG;Crescente;Colisão traseira;2;0;0;0;0;0;0;0;0;0;0;0;2;0;0
07/09/2022;05:52:00;27;Com vítima;180,000;BR-50/MG;Crescente;Atropelamento de animal;0;0;0;1;0;0;0;0;0;0;0;1;0;0;0
07/09/2022;14:26:00;203;Com vítima;174,000;BR-50/MG;Crescente;Choque;1;0;0;0;0;0;0;0;0;0;4;1;0;0;0
07/09/2022;14:47:00;208;Sem vítima;47,900;BR-50/MG;Decrescente;Colisão traseira;1;0;0;0;0;0;0;0;0;0;2;0;0;0;0
07/09/2022;15:12:00;217;Com vítima;164,150;BR-50/MG;Crescente;Choque;0;0;0;0;0;0;0;0;0;1;1;0;1;0;0
07/09/2022;20:20:00;304;Com vítima;174,500;BR-50/MG;Decrescente;Colisão traseira;0;0;0;1;0;0;0;0;0;0;0;1;0;0;0
08/09/2022;01:58:00;13;Com vítima;113,500;BR-50/MG;Crescente;Capotamento;1;0;0;0;0;0;0;0;0;0;0;0;1;0;0
08/09/2022;03:19:00;21;Sem vítima;278,000;BR-50/MG;Crescente;Capotamento;1;0;0;0;0;0;0;0;0;0;0;0;0;0;0
08/09/2022;08:33:00;88;Sem vítima;177,500;BR-50/MG;Crescente;Choque;0;0;0;0;0;1;0;0;0;0;1;0;0;0;0
08/09/2022;14:52:00;208;Com vítima;104,200;BR-50/MG;Crescente;Colisão lateral no mesmo sentido;1;0;0;0;0;1;0;0;0;0;2;1;0;0;0
09/09/2022;01:55:00;16;Com vítima;199,500;BR-50/MG;Crescente;Colisão traseira;0;0;0;0;0;1;0;0;0;1;0;1;0;0;0
09/09/2022;01:56:00;17;Sem vítima;153,400;BR-50/MG;Decrescente;Choque;1;0;0;0;0;0;0;0;0;0;1;0;0;0;0
09/09/2022;15:18:00;233;Sem vítima;313,250;BR-50/MG;Decrescente;Colisão traseira;1;0;0;0;0;1;0;0;0;0;2;0;0;0;0
09/09/2022;21:51:00;380;Sem vítima;29,800;BR-50/MG;Decrescente;Choque;1;0;0;0;0;0;0;0;0;0;2;0;0;0;0
09/09/2022;22:54:00;391;Sem vítima;21,000;Contorno de Uberlândia/MG;Decrescente;Colisão traseira;2;0;0;0;0;0;0;0;0;0;3;0;0;0;0
10/09/2022;11:06:00;176;Sem vítima;13,730;BR-50/MG;Decrescente;Colisão lateral no mesmo sentido;0;0;0;0;0;1;0;0;0;1;3;0;0;0;0
10/09/2022;12:00:00;204;Com vítima;187,300;BR-50/MG;Decrescente;Colisão lateral no mesmo sentido;0;0;0;0;0;1;0;0;0;1;1;0;1;0;0
10/09/2022;19:19:00;366;Sem vítima;80,500;BR-50/MG;Crescente;Colisão lateral no mesmo sentido;0;0;0;0;0;1;0;0;0;1;5;0;0;0;0
11/09/2022;03:57:00;24;Com vítima;95,700;BR-50/MG;Decrescente;Colisão lateral em sentido contrário;1;0;1;0;0;0;0;0;0;0;1;3;0;0;0
11/09/2022;04:37:00;31;Com vítima;27,600;BR-50/MG;Decrescente;Atropelamento de pedestre;0;0;1;0;0;0;0;0;0;0;1;0;1;0;0
11/09/2022;06:09:00;43;Sem vítima;269,000;BR-50/MG;Decrescente;Choque;1;0;0;0;0;0;0;0;0;0;2;0;0;0;0
11/09/2022;09:58:00;117;Sem vítima;273,000;BR-50/MG;Decrescente;Choque;1;0;0;0;0;0;0;0;0;0;1;0;0;0;0
11/09/2022;16:30:00;264;Sem vítima;198,170;BR-50/MG;Decrescente;Colisão traseira;2;0;0;0;0;0;0;0;0;0;6;0;0;0;0
11/09/2022;19:51:00;348;Sem vítima;193,500;BR-50/MG;Decrescente;Colisão traseira;2;0;0;0;0;0;0;0;0;0;5;0;0;0;0
11/09/2022;20:08:00;357;Sem vítima;14,000;BR-50/MG;Decrescente;Colisão traseira;0;0;0;0;0;2;0;0;0;0;2;0;0;0;0
12/09/2022;03:49:00;21;Sem vítima;174,200;BR-50/MG;Decrescente;Atropelamento de animal;0;0;0;0;0;0;0;0;0;1;1;0;0;0;0
12/09/2022;16:14:00;266;Sem vítima;108,500;BR-50/MG;Decrescente;Colisão transversal;0;0;0;0;1;0;0;0;0;1;2;0;0;0;0
12/09/2022;18:38:00;311;Com vítima;177,200;BR-50/MG;Decrescente;Capotamento;1;0;0;0;0;0;0;0;0;0;0;0;1;3;1
12/09/2022;21:47:00;360;Sem vítima;187,000;BR-50/MG;Decrescente;Choque;1;0;0;0;0;0;0;0;0;0;4;0;0;0;0
12/09/2022;21:54:00;361;Sem vítima;173,200;BR-50/MG;Decrescente;Colisão traseira;1;0;0;0;0;1;0;0;0;0;1;0;0;0;0
13/09/2022;04:21:00;30;Com vítima;99,000;BR-50/MG;Crescente;Atropelamento de animal;1;0;0;0;0;1;0;0;0;0;0;0;1;0;0
13/09/2022;07:19:00;64;Com vítima;156,000;BR-50/MG;Decrescente;Colisão traseira;1;0;0;0;0;1;0;0;0;0;0;1;0;0;0
13/09/2022;12:57:00;205;Sem vítima;272,000;BR-50/MG;Crescente;Tombamento;0;0;0;0;0;1;0;0;0;0;1;0;0;0;0
13/09/2022;23:27:00;392;Sem vítima;174,000;BR-50/MG;Decrescente;Tombamento;0;0;0;0;0;1;0;0;0;0;1;0;0;0;0
14/09/2022;06:20:00;32;Sem vítima;169,300;BR-50/MG;Crescente;Colisão traseira;1;0;0;0;0;0;0;0;0;1;7;0;0;0;0
14/09/2022;19:14:00;366;Com vítima;176,799;BR-50/MG;Crescente;Capotamento;1;0;0;0;0;0;0;0;0;0;1;1;0;0;0
15/09/2022;06:05:00;39;Sem vítima;81,100;BR-50/MG;Decrescente;Choque;1;0;0;0;0;0;0;0;0;0;2;0;0;0;0
15/09/2022;07:58:00;82;Sem vítima;198,000;BR-50/MG;Decrescente;Colisão traseira;2;0;0;0;0;0;0;0;0;0;4;0;0;0;0
15/09/2022;13:22:00;202;Com vítima;114,000;BR-50/MG;Crescente;Choque;0;0;0;0;0;1;0;0;0;1;0;2;0;0;0
15/09/2022;20:17:00;335;Sem vítima;135,900;BR-50/MG;Decrescente;Colisão lateral no mesmo sentido;0;0;0;0;0;1;0;0;0;0;1;0;0;0;0
16/09/2022;13:00:00;220;Sem vítima;29,750;BR-50/MG;Decrescente;Choque;1;0;0;0;0;0;0;0;0;0;4;0;0;0;0
16/09/2022;19:39:00;344;Sem vítima;97,900;BR-50/MG;Crescente;Choque;1;0;0;0;0;0;0;0;0;0;2;0;0;0;0
16/09/2022;23:03:00;384;Sem vítima;42,800;BR-50/MG;Crescente;Choque;0;0;0;0;0;1;0;0;0;0;1;0;0;0;0
17/09/2022;03:51:00;23;Com vítima;184,500;BR-50/MG;Decrescente;Colisão transversal;2;0;0;0;0;0;0;0;0;0;0;2;2;0;0
17/09/2022;05:09:00;29;Sem vítima;38,000;BR-50/MG;Crescente;Choque;1;0;0;0;0;0;0;0;0;0;3;0;0;0;0
17/09/2022;17:29:00;256;Com vítima;118,950;BR-50/MG;Decrescente;Capotamento;0;0;0;0;0;1;0;0;0;0;1;0;0;0;0
17/09/2022;18:54:00;269;Com vítima;102,150;BR-50/MG;Decrescente;Colisão traseira;2;0;0;0;0;0;0;0;0;0;2;1;0;0;0
17/09/2022;22:48:00;321;Sem vítima;163,800;BR-50/MG;Decrescente;Choque;1;0;0;0;0;0;0;0;0;0;1;0;0;0;0
18/09/2022;02:03:00;13;Sem vítima;54,000;BR-50/MG;Decrescente;Choque;1;0;0;0;0;0;0;0;0;0;1;0;0;0;0
18/09/2022;10:07:00;119;Sem vítima;48,250;BR-50/MG;Decrescente;Choque;0;0;0;0;0;1;0;0;0;1;1;0;0;0;0
18/09/2022;21:37:00;369;Com vítima;105,000;BR-50/MG;Crescente;Queda de moto;0;0;0;1;0;0;0;0;0;0;0;0;1;0;0
19/09/2022;01:52:00;18;Com vítima;29,700;BR-50/MG;Decrescente;Acidentes de outra natureza;0;0;1;0;0;0;0;0;0;0;0;0;1;0;0
19/09/2022;08:39:00;97;Sem vítima;77,300;BR-50/MG;Crescente;Colisão traseira;2;0;0;0;0;0;0;0;0;0;8;0;0;0;0
19/09/2022;15:37:00;269;Sem vítima;126,600;BR-50/MG;Crescente;Engavetamento;1;0;0;0;0;0;0;0;0;2;12;0;0;0;0
19/09/2022;17:12:00;314;Sem vítima;41,350;BR-50/MG;Decrescente;Choque;1;0;0;0;0;0;0;0;0;0;1;0;0;0;0
20/09/2022;05:40:00;23;Sem vítima;27,900;BR-50/MG;Crescente;Choque;0;0;0;0;0;0;0;0;0;1;5;0;0;0;0
20/09/2022;07:11:00;36;Sem vítima;96,300;BR-50/MG;Decrescente;Colisão traseira;0;0;2;0;0;0;0;0;0;0;3;0;0;0;0
20/09/2022;08:02:00;60;Com vítima;140,160;BR-50/MG;Crescente;Capotamento;1;0;0;0;0;0;0;0;0;0;0;1;0;0;0
20/09/2022;14:23:00;195;Com vítima;268,400;BR-50/MG;Decrescente;Choque;1;0;0;0;0;0;0;0;0;0;0;1;0;0;0
20/09/2022;14:56:00;202;Com vítima;186,000;BR-50/MG;Crescente;Choque;0;0;0;0;0;0;0;0;0;1;0;1;0;0;0
21/09/2022;07:55:00;74;Sem vítima;19,660;BR-50/MG;Crescente;Choque;0;0;0;0;0;1;0;0;0;0;1;0;0;0;0
21/09/2022;09:14:00;107;Sem vítima;98,850;BR-50/MG;Crescente;Colisão transversal;1;0;0;0;0;0;0;0;0;1;2;0;0;0;0
21/09/2022;11:05:00;152;Sem vítima;40,000;BR-50/MG;Decrescente;Colisão traseira;0;0;0;0;0;1;0;0;0;2;3;0;0;0;0
21/09/2022;11:45:00;175;Sem vítima;180,000;BR-50/MG;Crescente;Choque;0;0;0;0;0;1;0;0;0;0;2;0;0;0;0
21/09/2022;14:35:00;234;Sem vítima;62,400;BR-50/MG;Decrescente;Tombamento;0;0;0;0;0;0;0;0;0;1;2;0;0;0;0
21/09/2022;15:44:00;253;Com vítima;21,450;Contorno de Uberlândia/MG;Decrescente;Atropelamento de pedestre;0;0;0;1;0;0;0;0;0;0;0;2;0;0;0
21/09/2022;17:28:00;296;Com vítima;170,350;BR-50/MG;Crescente;Colisão traseira;1;0;0;0;0;1;0;0;0;0;1;1;0;0;0
21/09/2022;19:13:00;331;Com vítima;148,500;BR-50/MG;Decrescente;Colisão lateral em sentido contrário;1;0;1;0;0;0;0;0;0;0;1;1;0;0;0
21/09/2022;19:26:00;336;Com vítima;176,000;BR-50/MG;Decrescente;Colisão lateral no mesmo sentido;0;1;0;1;0;0;0;0;0;0;0;2;0;0;0
21/09/2022;21:51:00;376;Sem vítima;0,800;BR-50/MG;Decrescente;Choque;0;0;0;0;0;0;0;0;0;1;3;0;0;0;0
22/09/2022;02:05:00;10;Sem vítima;29,800;BR-50/MG;Decrescente;Choque;1;0;0;0;0;0;0;0;0;0;1;0;0;0;0
22/09/2022;06:54:00;58;Sem vítima;271,800;BR-50/MG;Decrescente;Choque;1;0;0;0;0;0;0;0;0;0;1;0;0;0;0
22/09/2022;08:10:00;93;Com vítima;29,800;BR-50/MG;Decrescente;Choque;1;0;0;0;0;0;0;0;0;0;0;1;0;0;0
22/09/2022;10:42:00;172;Sem vítima;29,820;BR-50/MG;Crescente;Choque;1;0;0;0;0;0;0;0;0;0;1;0;0;0;0
22/09/2022;11:02:00;182;Sem vítima;276,400;BR-50/MG;Decrescente;Choque;0;0;1;0;0;0;0;0;0;0;1;0;0;0;0
22/09/2022;13:41:00;236;Sem vítima;157,000;BR-50/MG;Decrescente;Choque;0;0;0;0;0;1;0;0;0;0;2;0;0;0;0
22/09/2022;13:54:00;241;Sem vítima;157,100;BR-50/MG;Decrescente;Queda de moto;0;0;0;1;0;0;0;0;0;0;0;0;0;0;0
22/09/2022;17:31:00;309;Sem vítima;283,000;BR-50/MG;Decrescente;Colisão transversal;1;0;0;0;0;0;0;0;0;1;4;0;0;0;0
22/09/2022;18:39:00;325;Sem vítima;7,050;Contorno de Uberlândia/MG;Crescente;Colisão traseira;1;0;0;0;0;1;0;0;0;0;2;0;0;0;0
22/09/2022;19:07:00;335;Sem vítima;282,800;BR-50/MG;Crescente;Colisão transversal;1;0;0;0;0;1;0;0;0;0;2;0;0;0;0
23/09/2022;15:21:00;240;Com vítima;172,100;BR-50/MG;Decrescente;Colisão lateral no mesmo sentido;1;0;0;0;0;1;0;0;0;0;0;1;0;0;0
23/09/2022;16:33:00;261;Sem vítima;99,300;BR-50/MG;Decrescente;Colisão transversal;0;0;0;1;0;0;0;0;0;1;2;0;0;0;0
23/09/2022;17:54:00;284;Com vítima;32,050;BR-50/MG;Decrescente;Capotamento;1;0;0;0;0;0;0;0;0;0;0;1;0;0;0
23/09/2022;18:21:00;288;Sem vítima;243,500;BR-50/MG;Decrescente;Choque;1;0;0;0;0;0;0;0;0;0;0;0;0;0;0
23/09/2022;19:27:00;303;Com vítima;156,500;BR-50/MG;Decrescente;Capotamento;1;0;0;0;0;0;0;0;0;0;0;1;0;0;0
23/09/2022;19:57:00;314;Sem vítima;156,300;BR-50/MG;Decrescente;Colisão traseira;0;0;1;0;0;1;0;0;0;0;2;0;0;0;0
24/09/2022;01:05:00;9;Com vítima;183,200;BR-50/MG;Crescente;Atropelamento de animal;1;0;0;0;0;0;0;0;0;0;1;1;0;0;0
24/09/2022;01:18:00;10;Com vítima;183,200;BR-50/MG;Crescente;Atropelamento de animal;0;0;0;0;0;0;0;0;0;1;0;2;0;0;0
24/09/2022;11:04:00;155;Com vítima;128,000;BR-50/MG;Decrescente;Choque;0;0;0;0;0;1;0;0;0;0;0;1;0;0;0
24/09/2022;11:30:00;165;Com vítima;278,600;BR-50/MG;Decrescente;Colisão transversal;2;0;0;0;0;1;0;0;0;0;5;1;0;0;0
24/09/2022;17:17:00;297;Com vítima;148,200;BR-50/MG;Crescente;Capotamento;1;0;0;0;0;0;0;0;0;0;0;1;2;0;0
24/09/2022;20:16:00;337;Com vítima;204,500;BR-50/MG;Decrescente;Queda de moto;0;0;0;1;0;0;0;0;0;0;0;1;0;0;0
24/09/2022;21:02:00;346;Com vítima;97,500;BR-50/MG;Decrescente;Colisão lateral no mesmo sentido;0;0;0;0;0;1;0;0;0;1;4;2;0;0;0
25/09/2022;01:40:00;15;Sem vítima;148,800;BR-50/MG;Crescente;Choque;1;0;0;0;0;0;0;0;0;0;1;0;0;0;0
25/09/2022;04:22:00;30;Sem vítima;170,100;BR-50/MG;Decrescente;Choque;1;0;0;0;0;0;0;0;0;0;1;0;0;0;0
25/09/2022;09:54:00;91;Sem vítima;99,500;BR-50/MG;Crescente;Tombamento;1;0;0;0;0;0;0;0;0;0;1;0;0;0;0
25/09/2022;10:13:00;97;Sem vítima;54,000;BR-50/MG;Crescente;Choque;0;0;0;0;0;1;0;0;0;0;1;0;0;0;0
25/09/2022;15:27:00;170;Sem vítima;80,000;BR-50/MG;Crescente;Choque;1;0;0;0;0;0;0;0;0;0;2;0;0;0;0
25/09/2022;18:42:00;227;Com vítima;21,300;Contorno de Uberlândia/MG;Crescente;Queda de moto;0;0;0;1;0;0;0;0;0;0;0;2;0;0;0
26/09/2022;05:54:00;30;Com vítima;175,000;BR-50/MG;Crescente;Capotamento;1;0;0;0;0;1;0;0;0;0;0;0;1;0;0
26/09/2022;23:51:00;375;Sem vítima;156,300;BR-50/MG;Decrescente;Choque;1;0;0;0;0;0;0;0;0;0;2;0;0;0;0
27/09/2022;05:22:00;24;Sem vítima;119,000;BR-50/MG;Decrescente;Colisão traseira;0;0;0;0;0;2;0;0;0;0;1;0;0;0;0
27/09/2022;06:26:00;32;Sem vítima;61,050;BR-50/MG;Decrescente;Colisão traseira;1;0;0;0;0;1;0;0;0;0;3;0;0;0;0
27/09/2022;07:17:00;50;Com vítima;273,000;BR-50/MG;Crescente;Queda de moto;0;0;0;1;0;0;0;0;0;0;0;1;0;0;0
27/09/2022;09:01:00;88;Com vítima;158,900;BR-50/MG;Decrescente;Capotamento;1;0;0;0;0;0;0;0;0;0;0;1;0;0;0
27/09/2022;10:12:00;128;Sem vítima;38,000;BR-50/MG;Decrescente;Colisão lateral no mesmo sentido;1;0;0;0;0;1;0;0;0;0;3;0;0;0;0
27/09/2022;14:59:00;218;Com vítima;60,100;BR-50/MG;Decrescente;Tombamento;0;0;1;0;0;0;0;0;0;0;0;2;0;0;0
27/09/2022;21:41:00;318;Sem vítima;147,900;BR-50/MG;Crescente;Acidentes de outra natureza;0;0;0;0;0;0;0;0;0;1;2;0;0;0;0
28/09/2022;21:59:00;364;Com vítima;56,000;BR-50/MG;Decrescente;Choque;0;0;0;0;0;1;0;0;0;0;0;1;0;0;0
29/09/2022;08:13:00;83;Sem vítima;132,000;BR-50/MG;Decrescente;Colisão lateral no mesmo sentido;1;0;1;0;0;0;0;0;0;0;4;0;0;0;0
29/09/2022;15:12:00;253;Sem vítima;0,300;BR-50/MG;Decrescente;Colisão lateral em sentido contrário;0;0;1;0;0;1;0;0;0;0;2;0;0;0;0
29/09/2022;18:11:00;301;Com vítima;305,360;BR-50/MG;Decrescente;Colisão traseira;1;0;0;0;0;1;0;0;0;0;1;1;0;0;0
29/09/2022;19:01:00;315;Com vítima;99,000;BR-50/MG;Crescente;Colisão transversal;2;0;0;0;0;0;0;0;0;0;0;2;0;0;0
30/09/2022;08:04:00;81;Com vítima;19,970;Contorno de Uberlândia/MG;Crescente;Colisão lateral no mesmo sentido;1;0;0;0;0;1;0;0;0;0;1;1;0;0;0
30/09/2022;18:02:00;334;Com vítima;163,900;BR-50/MG;Crescente;Colisão traseira;0;0;0;0;0;2;0;0;0;0;1;0;1;0;0
01/10/2022;04:38:00;26;Com vítima;65,000;BR-50/MG;Crescente;Atropelamento de pedestre;0;0;0;0;0;1;0;0;0;0;0;0;0;0;1
01/10/2022;04:52:00;28;Com vítima;277,000;BR-50/MG;Decrescente;Colisão frontal;1;0;1;0;0;0;0;0;0;0;3;0;0;1;1
01/10/2022;06:32:00;36;Sem vítima;177,200;BR-50/MG;Crescente;Choque;1;0;0;0;0;0;0;0;0;0;1;0;0;0;0
01/10/2022;15:38:00;243;Com vítima;117,100;BR-50/MG;Crescente;Queda de moto;0;0;0;1;0;0;0;0;0;0;0;1;0;0;0
01/10/2022;22:26:00;342;Sem vítima;156,000;BR-50/MG;Decrescente;Choque;0;0;1;0;0;1;0;0;0;0;1;0;0;0;0
01/10/2022;22:31:00;343;Com vítima;280,300;BR-50/MG;Decrescente;Queda de moto;0;0;0;1;0;0;0;0;0;0;0;1;0;0;0
02/10/2022;12:50:00;139;Sem vítima;256,600;BR-50/MG;Decrescente;Choque;1;0;0;0;0;0;0;0;0;0;3;0;0;0;0
02/10/2022;13:17:00;152;Com vítima;99,200;BR-50/MG;Crescente;Colisão traseira;0;0;0;1;0;1;0;0;0;0;1;1;0;0;0
02/10/2022;13:30:00;159;Sem vítima;51,500;BR-50/MG;Crescente;Colisão traseira;2;0;0;0;0;0;0;0;0;0;4;0;0;0;0
02/10/2022;21:54:00;283;Com vítima;203,500;BR-50/MG;Decrescente;Queda de moto;0;0;0;1;0;0;0;0;0;0;0;0;0;1;0
03/10/2022;04:37:00;33;Com vítima;78,350;BR-50/MG;Crescente;Atropelamento de animal;0;0;0;0;0;0;0;0;0;1;2;1;0;0;0
03/10/2022;07:56:00;74;Sem vítima;196,950;BR-50/MG;Crescente;Choque;1;0;0;0;0;0;0;0;0;0;3;0;0;0;0
03/10/2022;14:32:00;233;Sem vítima;163,950;BR-50/MG;Crescente;Engavetamento;0;0;0;0;0;1;0;0;0;2;4;0;0;0;0
03/10/2022;19:11:00;307;Sem vítima;182,960;BR-50/MG;Crescente;Atropelamento de animal;0;0;0;0;0;0;0;0;0;1;1;0;0;0;0
03/10/2022;21:18:00;338;Sem vítima;161,000;BR-50/MG;Decrescente;Choque;0;0;0;0;0;1;0;0;0;0;1;0;0;0;0
04/10/2022;01:36:00;17;Sem vítima;148,000;BR-50/MG;Crescente;Choque;1;0;0;0;0;0;0;0;0;0;1;0;0;0;0
04/10/2022;01:52:00;21;Com vítima;194,300;BR-50/MG;Crescente;Tombamento;0;0;0;1;1;0;0;0;0;0;15;2;4;0;0
04/10/2022;06:00:00;42;Sem vítima;191,800;BR-50/MG;Crescente;Choque;0;0;0;0;0;1;0;0;0;0;2;0;0;0;0
04/10/2022;09:27:00;143;Sem vítima;180,800;BR-50/MG;Decrescente;Choque;1;0;0;0;0;0;0;0;0;1;2;0;0;0;0
04/10/2022;13:18:00;247;Sem vítima;226,000;BR-50/MG;Crescente;Colisão traseira;0;0;0;0;0;2;0;0;0;0;0;0;0;0;0
04/10/2022;14:16:00;275;Com vítima;299,850;BR-50/MG;Decrescente;Capotamento;1;0;0;0;0;0;0;0;0;0;1;2;0;0;0
04/10/2022;15:40:00;307;Com vítima;231,750;BR-50/MG;Decrescente;Capotamento;1;0;0;0;0;0;0;0;0;0;0;3;0;0;0
04/10/2022;22:06:00;416;Sem vítima;98,000;BR-50/MG;Decrescente;Atropelamento de animal;0;0;1;0;0;0;0;0;0;0;1;0;0;0;0
04/10/2022;22:11:00;418;Sem vítima;176,000;BR-50/MG;Crescente;Atropelamento de animal;0;0;0;0;0;0;0;0;0;1;1;0;0;0;0
04/10/2022;22:36:00;422;Sem vítima;42,190;BR-50/MG;Crescente;Choque;0;0;0;0;0;0;0;0;0;1;5;0;0;0;0
05/10/2022;00:05:00;1;Sem vítima;175,300;BR-50/MG;Crescente;Choque;0;0;0;0;0;0;0;0;0;1;2;0;0;0;0
05/10/2022;02:52:00;19;Sem vítima;16,000;BR-50/MG;Decrescente;Choque;1;0;0;0;0;0;0;0;0;0;2;0;0;0;0
05/10/2022;23:16:00;445;Com vítima;171,500;BR-50/MG;Crescente;Capotamento;1;0;0;0;0;0;0;0;0;0;0;1;0;0;0
06/10/2022;06:10:00;34;Sem vítima;92,800;BR-50/MG;Decrescente;Colisão traseira;0;0;1;0;0;1;0;0;0;0;2;0;0;0;0
06/10/2022;08:26:00;89;Sem vítima;177,900;BR-50/MG;Decrescente;Engavetamento;1;0;0;0;0;1;0;0;0;2;4;0;0;0;0
06/10/2022;19:07:00;392;Com vítima;145,300;BR-50/MG;Decrescente;Atropelamento de animal;0;0;0;0;0;0;0;0;0;1;0;1;0;0;0
06/10/2022;19:31:00;404;Com vítima;97,100;BR-50/MG;Decrescente;Colisão transversal;0;0;0;1;0;0;0;0;0;1;3;1;0;0;0
06/10/2022;22:24:00;448;Sem vítima;98,000;BR-50/MG;Decrescente;Atropelamento de animal;1;0;0;0;0;0;0;0;0;0;1;0;0;0;0
06/10/2022;22:29:00;450;Sem vítima;15,350;Contorno de Uberlândia/MG;Decrescente;Choque;1;0;0;0;0;0;0;0;0;0;1;0;0;0;0
07/10/2022;14:49:00;231;Sem vítima;27,740;BR-50/MG;Crescente;Choque;1;0;0;0;0;0;0;0;0;0;1;0;0;0;0
07/10/2022;15:12:00;239;Sem vítima;250,800;BR-50/MG;Decrescente;Capotamento;1;0;0;0;0;0;0;0;0;0;1;0;0;0;0
07/10/2022;16:17:00;264;Com vítima;250,800;BR-50/MG;Crescente;Atropelamento de pedestre;1;0;0;0;0;0;0;0;0;0;4;0;1;0;0
07/10/2022;17:57:00;295;Sem vítima;17,500;BR-50/MG;Decrescente;Colisão traseira;1;0;0;0;0;1;0;0;0;0;3;0;0;0;0
07/10/2022;18:28:00;303;Sem vítima;125,000;BR-50/MG;Decrescente;Choque;1;0;0;0;0;0;0;0;0;0;1;0;0;0;0
07/10/2022;20:24:00;335;Com vítima;106,000;BR-50/MG;Decrescente;Capotamento;1;0;0;0;0;0;0;0;0;0;1;1;0;0;0
07/10/2022;21:35:00;351;Sem vítima;87,900;BR-50/MG;Crescente;Choque;1;0;0;0;0;0;0;0;0;0;3;0;0;0;0
08/10/2022;07:12:00;58;Com vítima;29,700;BR-50/MG;Decrescente;Colisão traseira;1;0;0;0;0;1;0;0;0;0;0;1;0;0;0
08/10/2022;07:58:00;78;Sem vítima;51,700;BR-50/MG;Crescente;Colisão traseira;2;0;0;0;0;0;0;0;0;0;4;0;0;0;0
08/10/2022;14:10:00;269;Sem vítima;28,600;BR-50/MG;Decrescente;Choque;0;0;0;0;0;0;0;0;0;1;1;0;0;0;0
08/10/2022;19:17:00;378;Sem vítima;252,000;BR-50/MG;Decrescente;Colisão frontal;1;0;0;0;0;1;0;0;0;0;2;0;0;0;0
09/10/2022;07:09:00;52;Sem vítima;282,800;BR-50/MG;Decrescente;Choque;1;0;0;0;0;0;0;0;0;0;1;0;0;0;0
09/10/2022;17:43:00;254;Sem vítima;173,300;BR-50/MG;Crescente;Choque;1;0;0;1;0;0;0;0;0;0;1;0;0;0;0
09/10/2022;19:46:00;290;Sem vítima;95,700;BR-50/MG;Decrescente;Colisão lateral no mesmo sentido;0;0;0;0;0;2;0;0;0;0;1;0;0;0;0
10/10/2022;05:59:00;22;Sem vítima;1,000;BR-50/MG;Decrescente;Choque;1;0;0;0;0;0;0;0;0;0;1;0;0;0;0
10/10/2022;07:05:00;35;Com vítima;179,390;BR-50/MG;Crescente;Queda de moto;0;0;0;1;0;0;0;0;0;0;0;0;1;0;0
11/10/2022;07:08:00;53;Sem vítima;280,950;BR-50/MG;Decrescente;Colisão transversal;1;0;0;0;0;1;0;0;0;0;2;0;0;0;0
11/10/2022;08:50:00;82;Sem vítima;178,300;BR-50/MG;Decrescente;Colisão traseira;0;0;1;0;0;1;0;0;0;0;2;0;0;0;0
11/10/2022;18:21:00;304;Com vítima;161,000;BR-50/MG;Crescente;Capotamento;1;0;0;0;0;0;0;0;0;0;0;0;1;0;0
12/10/2022;03:16:00;33;Sem vítima;162,000;BR-50/MG;Decrescente;Tombamento;0;0;0;0;0;1;0;0;0;0;1;0;0;0;0
12/10/2022;19:27:00;352;Sem vítima;235,500;BR-50/MG;Crescente;Choque;1;0;0;0;0;0;0;0;0;0;3;0;0;0;0
12/10/2022;20:22:00;371;Com vítima;106,180;BR-50/MG;Decrescente;Choque;0;0;0;0;0;1;0;0;0;0;0;1;0;0;0
13/10/2022;00:21:00;2;Sem vítima;161,800;BR-50/MG;Decrescente;Choque;0;0;0;0;0;1;0;0;0;0;1;0;0;0;0
13/10/2022;14:20:00;241;Com vítima;57,400;BR-50/MG;Decrescente;Choque;1;0;0;0;0;0;0;0;0;0;0;1;0;0;0
13/10/2022;19:10:00;366;Com vítima;174,000;BR-50/MG;Crescente;Atropelamento de pedestre;1;0;0;0;0;0;0;0;0;0;2;0;1;0;0
13/10/2022;21:55:00;413;Com vítima;92,250;BR-50/MG;Decrescente;Choque;0;0;0;0;0;0;0;0;0;1;1;0;1;0;0