data;horario;n_da_ocorrencia;tipo_de_ocorrencia;km;trecho;sentido;tipo_de_acidente;automovel;bicicleta;caminhao;moto;onibus;outros;tracao_animal;transporte_de_cargas_especiais;trator_maquinas;utilitarios;ilesos;levemente_feridos;moderadamente_feridos;gravemente_feridos;mortos
25/11/2022;08:42:00;82;Sem vítima;29,780;BR-50/MG;Decrescente;Choque;1;0;0;0;0;0;0;0;0;0;1;0;0;0;0
25/11/2022;15:24:00;262;Sem vítima;4,000;Contorno de Uberlândia/MG;Crescente;Choque;1;0;0;0;0;0;0;0;0;0;1;0;0;0;0
25/11/2022;23:37:00;393;Sem vítima;164,500;BR-50/MG;Decrescente;Choque;0;0;1;0;0;0;0;0;0;0;2;0;0;0;0
26/11/2022;00:11:00;1;Sem vítima;91,100;BR-50/MG;Crescente;Choque;0;0;0;0;0;1;0;0;0;0;1;0;0;0;0
26/11/2022;06:01:00;32;Sem vítima;121,120;BR-50/MG;Decrescente;Choque;1;0;0;0;0;0;0;0;0;0;1;0;0;0;0
26/11/2022;06:43:00;37;Sem vítima;205,300;BR-50/MG;Crescente;Atropelamento de animal;1;0;0;0;0;0;0;0;0;0;5;0;0;0;0
26/11/2022;14:42:00;201;Sem vítima;198,000;BR-50/MG;Crescente;Colisão traseira;1;0;0;0;0;0;0;0;0;1;3;0;0;0;0
26/11/2022;15:53:00;222;Sem vítima;239,300;BR-50/MG;Crescente;Choque;0;0;1;0;0;0;0;0;0;0;1;0;0;0;0
26/11/2022;18:56:00;286;Com vítima;100,000;BR-50/MG;Crescente;Capotamento;1;0;0;0;0;0;0;0;0;0;0;0;0;2;0
26/11/2022;22:11:00;327;Com vítima;180,000;BR-50/MG;Decrescente;Queda de moto;0;0;0;1;0;0;0;0;0;0;0;1;1;0;0
27/11/2022;00:58:00;7;Com vítima;142,000;BR-50/MG;Crescente;Choque;0;0;0;0;0;0;0;0;0;1;0;0;1;0;0
27/11/2022;01:59:00;18;Com vítima;17,000;Contorno de Uberlândia/MG;Crescente;Colisão traseira;0;0;0;0;0;1;0;0;0;0;0;0;0;2;0
27/11/2022;02:19:00;21;Com vítima;81,000;BR-50/MG;Crescente;Engavetamento;2;0;0;1;0;0;0;0;0;0;4;0;1;0;0
27/11/2022;05:31:00;39;Sem vítima;279,500;BR-50/MG;Decrescente;Choque;1;0;0;0;0;0;0;0;0;0;0;0;0;0;0
27/11/2022;05:45:00;41;Sem vítima;280,740;BR-50/MG;Decrescente;Choque;1;0;0;0;0;0;0;0;0;0;1;0;0;0;0
27/11/2022;07:49:00;70;Sem vítima;77,400;BR-50/MG;Decrescente;Tombamento;0;0;0;0;0;1;0;0;0;0;1;0;0;0;0
27/11/2022;14:12:00;185;Sem vítima;56,600;BR-50/MG;Crescente;Choque;1;0;0;0;0;0;0;0;0;0;2;0;0;0;0
27/11/2022;17:26:00;237;Sem vítima;204,700;BR-50/MG;Decrescente;Capotamento;0;0;0;0;0;1;0;0;0;0;0;0;0;0;0
27/11/2022;21:55:00;297;Sem vítima;64,300;BR-50/MG;Crescente;Choque;1;0;0;0;0;0;0;0;0;0;1;0;0;0;0
28/11/2022;17:57:00;250;Sem vítima;281,150;BR-50/MG;Crescente;Choque;0;0;1;0;0;0;0;0;0;0;1;0;0;0;0
29/11/2022;00:38:00;3;Com vítima;18,900;Contorno de Uberlândia/MG;Decrescente;Choque;0;0;0;1;0;0;0;0;0;0;0;0;0;2;0
29/11/2022;03:59:00;18;Com vítima;59,000;BR-50/MG;Decrescente;Capotamento;1;0;0;0;0;0;0;0;0;0;0;1;0;0;0
29/11/2022;04:42:00;22;Sem vítima;0,800;BR-50/MG;Crescente;Choque;1;0;0;0;0;0;0;0;0;0;1;0;0;0;0
29/11/2022;05:03:00;25;Com vítima;93,000;BR-50/MG;Crescente;Capotamento;0;0;0;0;0;1;0;0;0;0;0;1;0;0;0
29/11/2022;18:05:00;279;Com vítima;177,000;BR-50/MG;Crescente;Atropelamento de pedestre;0;1;0;0;0;0;0;0;0;1;0;1;0;0;0
29/11/2022;20:02:00;305;Sem vítima;238,000;BR-50/MG;Decrescente;Choque;1;0;0;0;0;0;0;0;0;0;3;0;0;0;0
29/11/2022;23:31:00;334;Com vítima;41,300;BR-50/MG;Decrescente;Choque;1;0;0;0;0;0;0;0;0;0;0;1;0;0;0
30/11/2022;08:45:00;88;Sem vítima;90,110;BR-50/MG;Decrescente;Choque;1;0;0;0;0;0;0;0;0;0;2;0;0;0;0
01/12/2022;06:51:00;45;Com vítima;171,000;BR-50/MG;Crescente;Acidentes de outra natureza;0;0;0;1;0;0;0;0;0;0;0;1;0;0;0
01/12/2022;10:05:00;159;Sem vítima;278,600;BR-50/MG;Crescente;Colisão transversal;2;0;0;0;0;0;0;0;0;0;2;0;0;0;0
01/12/2022;12:23:00;221;Sem vítima;193,900;BR-50/MG;Crescente;Choque;0;0;0;0;0;1;0;0;0;0;1;0;0;0;0
01/12/2022;13:20:00;246;Sem vítima;49,000;BR-50/MG;Decrescente;Colisão traseira;1;0;0;0;0;0;0;0;0;1;5;0;0;0;0
01/12/2022;16:41:00;317;Sem vítima;51,900;BR-50/MG;Crescente;Choque;1;0;0;0;0;0;0;0;0;0;1;0;0;0;0
01/12/2022;21:38:00;394;Sem vítima;161,800;BR-50/MG;Decrescente;Colisão traseira;2;0;0;0;0;0;0;0;0;0;5;0;0;0;0
01/12/2022;22:33:00;402;Com vítima;206,000;BR-50/MG;Crescente;Tombamento;0;0;1;0;0;0;0;0;0;0;0;1;0;0;0
01/12/2022;22:48:00;405;Com vítima;192,100;BR-50/MG;Crescente;Colisão traseira;1;0;0;0;0;0;0;0;0;1;3;1;1;0;0
02/12/2022;07:04:00;53;Sem vítima;80,900;BR-50/MG;Decrescente;Choque;1;0;0;0;0;0;0;0;0;0;1;0;0;0;0
02/12/2022;10:12:00;153;Com vítima;77,300;BR-50/MG;Decrescente;Atropelamento de pedestre;0;0;0;0;0;0;0;0;0;1;1;1;0;0;0
02/12/2022;11:11:00;170;Com vítima;279,000;BR-50/MG;Decrescente;Colisão transversal;0;0;0;2;0;0;0;0;0;0;1;1;0;0;0
02/12/2022;14:52:00;242;Sem vítima;171,900;BR-50/MG;Crescente;Colisão traseira;2;0;0;0;0;1;0;0;0;0;5;0;0;0;0
02/12/2022;22:50:00;355;Com vítima;96,000;BR-50/MG;Decrescente;Colisão lateral em sentido contrário;0;0;0;1;0;0;0;0;0;1;2;0;0;1;0
03/12/2022;01:14:00;4;Com vítima;280,000;BR-50/MG;Decrescente;Choque;1;0;0;0;0;0;0;0;0;0;0;1;0;0;0
03/12/2022;01:20:00;6;Com vítima;125,400;BR-50/MG;Crescente;Tombamento;0;0;1;0;0;0;0;0;0;0;0;0;2;0;0
03/12/2022;05:20:00;23;Sem vítima;100,200;BR-50/MG;Decrescente;Choque;1;0;0;0;0;0;0;0;0;0;1;0;0;0;0
03/12/2022;15:11:00;214;Com vítima;8,000;Contorno de Uberlândia/MG;Crescente;Capotamento;1;0;0;0;0;0;0;0;0;0;0;1;0;0;0
04/12/2022;05:50:00;32;Sem vítima;4,650;BR-50/MG;Crescente;Queda de moto;0;0;0;1;0;0;0;0;0;0;0;0;0;0;0
04/12/2022;15:19:00;178;Sem vítima;123,900;BR-50/MG;Crescente;Choque;1;0;0;0;0;0;0;0;0;0;2;0;0;0;0
04/12/2022;16:26:00;206;Sem vítima;272,000;BR-50/MG;Crescente;Choque;1;0;0;0;0;0;0;0;0;0;1;0;0;0;0
04/12/2022;17:30:00;227;Sem vítima;195,070;BR-50/MG;Decrescente;Choque;1;0;0;0;0;0;0;0;0;0;2;0;0;0;0
05/12/2022;06:32:00;46;Sem vítima;29,800;BR-50/MG;Crescente;Choque;1;0;0;0;0;0;0;0;0;0;1;0;0;0;0
05/12/2022;11:09:00;168;Com vítima;161,000;BR-50/MG;Crescente;Capotamento;2;0;0;0;0;1;0;0;0;0;0;2;0;0;0
05/12/2022;12:01:00;187;Sem vítima;97,000;BR-50/MG;Crescente;Acidentes de outra natureza;0;0;0;0;0;1;0;0;0;0;1;0;0;0;0
05/12/2022;16:24:00;272;Sem vítima;28,000;BR-50/MG;Crescente;Choque;1;0;0;0;0;0;0;0;0;0;1;0;0;0;0
05/12/2022;20:28:00;328;Sem vítima;1,000;BR-50/MG;Decrescente;Choque;0;0;1;0;0;0;0;0;0;0;2;0;0;0;0
06/12/2022;13:05:00;196;Sem vítima;120,000;BR-50/MG;Decrescente;Choque;1;0;0;0;0;0;0;0;0;0;2;0;0;0;0
06/12/2022;17:07:00;276;Sem vítima;176,500;BR-50/MG;Crescente;Capotamento;1;0;0;0;0;0;0;0;0;0;1;0;0;0;0
06/12/2022;17:22:00;281;Com vítima;179,750;BR-50/MG;Crescente;Engavetamento;2;0;0;0;0;1;0;0;0;0;2;2;0;0;0
06/12/2022;17:30:00;283;Sem vítima;62,000;BR-50/MG;Crescente;Tombamento;0;0;1;0;0;0;0;0;0;0;2;0;0;0;0
06/12/2022;19:30:00;305;Sem vítima;106,300;BR-50/MG;Decrescente;Colisão lateral no mesmo sentido;1;0;0;0;0;1;0;0;0;0;4;0;0;0;0
07/12/2022;09:16:00;114;Sem vítima;206,900;BR-50/MG;Crescente;Colisão lateral no mesmo sentido;1;0;0;0;0;1;0;0;0;0;4;0;0;0;0
07/12/2022;11:52:00;180;Sem vítima;180,000;BR-50/MG;Crescente;Colisão lateral no mesmo sentido;0;0;0;0;0;1;0;0;0;1;2;0;0;0;0
07/12/2022;14:44:00;234;Sem vítima;58,000;BR-50/MG;Crescente;Choque;1;0;0;0;0;0;0;0;0;0;0;0;0;0;0
07/12/2022;15:59:00;253;Com vítima;10,350;BR-50/MG;Decrescente;Choque;1;0;0;0;0;0;0;0;0;0;0;2;0;0;0
09/12/2022;03:00:00;23;Sem vítima;79,000;BR-50/MG;Crescente;Choque;1;0;0;0;0;0;0;0;0;0;1;0;0;0;0
09/12/2022;11:07:00;150;Sem vítima;0,360;BR-50/MG;Crescente;Colisão lateral em sentido contrário;1;0;0;0;0;1;0;0;0;0;1;0;0;0;0
09/12/2022;23:17:00;353;Com vítima;16,500;Contorno de Uberlândia/MG;Crescente;Colisão traseira;1;0;0;1;0;0;0;0;0;0;1;1;0;0;0
10/12/2022;08:47:00;109;Sem vítima;31,000;BR-50/MG;Crescente;Colisão lateral no mesmo sentido;1;0;0;0;0;2;0;0;0;0;3;0;0;0;0
10/12/2022;10:51:00;172;Com vítima;107,560;BR-50/MG;Decrescente;Atropelamento de pedestre;0;0;0;0;0;1;0;0;0;1;4;0;0;0;1
11/12/2022;02:23:00;22;Sem vítima;177,000;BR-50/MG;Crescente;Choque;1;0;0;0;0;0;0;0;0;0;1;0;0;0;0
11/12/2022;03:44:00;28;Sem vítima;113,700;BR-50/MG;Crescente;Tombamento;0;0;1;0;0;0;0;0;0;0;1;0;0;0;0
11/12/2022;03:54:00;29;Sem vítima;47,000;BR-50/MG;Crescente;Choque;1;0;0;0;0;0;0;0;0;0;3;0;0;0;0
11/12/2022;06:51:00;61;Sem vítima;10,000;Contorno de Uberlândia/MG;Crescente;Choque;1;0;0;0;0;0;0;0;0;0;2;0;0;0;0
11/12/2022;13:43:00;179;Sem vítima;96,100;BR-50/MG;Crescente;Choque;1;0;0;0;0;0;0;0;0;0;2;0;0;0;0
12/12/2022;00:46:00;5;Sem vítima;275,400;BR-50/MG;Decrescente;Choque;1;0;0;0;0;0;0;0;0;0;1;0;0;0;0
12/12/2022;05:37:00;39;Sem vítima;273,000;BR-50/MG;Crescente;Choque;1;0;0;0;0;0;0;0;0;0;3;0;0;0;0
12/12/2022;10:46:00;188;Sem vítima;192,200;BR-50/MG;Crescente;Colisão lateral no mesmo sentido;0;0;0;0;0;2;0;0;0;1;3;0;0;0;0
12/12/2022;13:40:00;247;Sem vítima;229,520;BR-50/MG;Decrescente;Choque;1;0;0;0;0;0;0;0;0;0;3;0;0;0;0
12/12/2022;15:08:00;277;Sem vítima;211,160;BR-50/MG;Decrescente;Choque;1;0;0;0;0;0;0;0;0;0;4;0;0;0;0
12/12/2022;16:20:00;297;Sem vítima;18,700;BR-50/MG;Decrescente;Choque;1;0;0;0;0;0;0;0;0;0;2;0;0;0;0
12/12/2022;16:54:00;311;Sem vítima;198,000;BR-50/MG;Decrescente;Colisão traseira;1;0;0;0;0;1;0;0;0;0;6;0;0;0;0
12/12/2022;17:51:00;329;Sem vítima;58,100;BR-50/MG;Decrescente;Capotamento;0;0;0;0;0;0;0;0;0;1;2;0;0;0;0
12/12/2022;17:56:00;331;Sem vítima;58,100;BR-50/MG;Decrescente;Capotamento;1;0;0;0;0;0;0;0;0;0;2;0;0;0;0
12/12/2022;18:56:00;344;Com vítima;3,700;BR-50/MG;Crescente;Queda de moto;0;0;0;1;0;0;0;0;0;0;0;0;1;0;0
12/12/2022;19:01:00;346;Com vítima;96,000;BR-50/MG;Crescente;Colisão transversal;1;0;0;1;0;0;0;0;0;0;2;1;0;0;0
13/12/2022;07:05:00;39;Sem vítima;173,250;BR-50/MG;Decrescente;Colisão traseira;0;0;0;0;1;1;0;0;0;0;32;0;0;0;0
13/12/2022;08:22:00;65;Sem vítima;146,500;BR-50/MG;Decrescente;Choque;0;0;0;0;0;0;0;0;0;1;1;0;0;0;0
13/12/2022;12:59:00;156;Com vítima;194,000;BR-50/MG;Crescente;Tombamento;0;0;1;0;0;0;0;0;0;0;0;1;0;0;0
13/12/2022;13:16:00;162;Sem vítima;29,800;BR-50/MG;Decrescente;Choque;1;0;0;0;0;0;0;0;0;0;1;0;0;0;0
13/12/2022;13:29:00;166;Sem vítima;137,300;BR-50/MG;Crescente;Choque;1;0;0;0;0;0;0;0;0;0;2;0;0;0;0
13/12/2022;15:57:00;219;Sem vítima;146,450;BR-50/MG;Crescente;Choque;1;0;0;0;0;0;0;0;0;0;2;0;0;0;0
13/12/2022;16:23:00;228;Sem vítima;168,800;BR-50/MG;Crescente;Colisão lateral em sentido contrário;0;0;0;0;0;0;0;0;0;2;2;0;0;0;0
13/12/2022;17:15:00;244;Sem vítima;18,500;BR-50/MG;Crescente;Capotamento;0;0;0;0;0;1;0;0;0;1;1;0;0;0;0
13/12/2022;21:18:00;298;Sem vítima;140,500;BR-50/MG;Decrescente;Choque;0;0;0;0;0;1;0;0;0;0;1;0;0;0;0
13/12/2022;21:34:00;303;Sem vítima;29,800;BR-50/MG;Decrescente;Choque;0;0;0;0;0;0;0;0;0;1;1;0;0;0;0
14/12/2022;00:19:00;2;Sem vítima;84,050;BR-50/MG;Decrescente;Colisão traseira;0;0;0;0;1;1;0;0;0;0;13;0;0;0;0
14/12/2022;06:06:00;36;Sem vítima;44,000;BR-50/MG;Crescente;Tombamento;0;0;0;0;0;1;0;0;0;1;3;0;0;0;0
14/12/2022;06:08:00;38;Sem vítima;187,000;BR-50/MG;Decrescente;Choque;0;0;1;0;0;0;0;0;0;0;1;0;0;0;0
14/12/2022;06:48:00;41;Sem vítima;92,100;BR-50/MG;Decrescente;Choque;0;0;0;0;0;1;0;0;0;0;1;0;0;0;0
14/12/2022;10:52:00;175;Com vítima;29,700;BR-50/MG;Crescente;Queda de moto;0;0;0;1;0;0;0;0;0;0;0;1;0;0;0
14/12/2022;12:49:00;211;Sem vítima;245,100;BR-50/MG;Decrescente;Queda de moto;0;0;0;1;0;0;0;0;0;0;0;0;0;0;0
14/12/2022;21:41:00;374;Sem vítima;89,550;BR-50/MG;Decrescente;Capotamento;0;0;0;0;0;1;0;0;0;1;1;0;0;0;0
15/12/2022;06:19:00;40;Sem vítima;10,650;BR-50/MG;Decrescente;Choque;1;0;0;0;0;0;0;0;0;0;1;0;0;0;0
15/12/2022;14:24:00;234;Com vítima;99,700;BR-50/MG;Decrescente;Colisão frontal;1;0;0;0;0;0;0;0;0;1;0;3;0;0;0
15/12/2022;21:52:00;348;Com vítima;151,000;BR-50/MG;Crescente;Colisão traseira;1;0;0;0;0;0;0;0;0;0;1;1;0;0;0
15/12/2022;22:26:00;351;Sem vítima;32,400;BR-50/MG;Crescente;Atropelamento de animal;1;0;0;0;0;0;0;0;0;0;5;0;0;0;0
16/12/2022;05:58:00;33;Com vítima;180,080;BR-50/MG;Decrescente;Choque;1;0;0;0;0;0;0;0;0;0;0;2;0;0;0
16/12/2022;06:15:00;35;Sem vítima;79,000;BR-50/MG;Decrescente;Choque;1;0;0;0;0;0;0;0;0;0;2;0;0;0;0
16/12/2022;13:23:00;253;Com vítima;252,700;BR-50/MG;Crescente;Choque;1;0;0;0;0;0;0;0;0;0;1;0;1;0;0
16/12/2022;17:02:00;337;Sem vítima;123,300;BR-50/MG;Decrescente;Colisão lateral no mesmo sentido;1;0;0;0;0;1;0;0;0;0;2;0;0;0;0
16/12/2022;23:05:00;427;Com vítima;82,000;BR-50/MG;Crescente;Atropelamento de animal;1;0;0;0;0;0;0;0;0;0;2;0;1;0;0
17/12/2022;04:08:00;26;Com vítima;18,080;BR-50/MG;Decrescente;Choque;1;0;0;0;0;0;0;0;0;0;0;1;0;0;0
17/12/2022;05:43:00;41;Com vítima;33,000;BR-50/MG;Decrescente;Choque;1;0;0;0;0;0;0;0;0;0;0;3;0;0;0
17/12/2022;12:09:00;194;Sem vítima;213,400;BR-50/MG;Crescente;Choque;0;0;0;0;0;0;0;0;0;1;3;0;0;0;0
17/12/2022;13:29:00;217;Com vítima;241,540;BR-50/MG;Crescente;Choque;1;0;0;0;0;0;0;0;0;0;0;3;0;0;0
17/12/2022;13:55:00;230;Com vítima;241,620;BR-50/MG;Crescente;Atropelamento de pedestre;1;0;0;0;0;0;0;0;0;1;0;2;0;1;0
18/12/2022;03:08:00;19;Sem vítima;100,100;BR-50/MG;Decrescente;Choque;1;0;0;0;0;0;0;0;0;0;1;0;0;0;0
18/12/2022;08:45:00;95;Com vítima;109,900;BR-50/MG;Decrescente;Acidentes de outra natureza;1;0;0;0;0;0;0;0;0;0;1;3;0;0;0
18/12/2022;11:18:00;169;Com vítima;175,000;BR-50/MG;Decrescente;Capotamento;1;0;0;1;0;0;0;0;0;0;0;6;0;0;0
18/12/2022;19:36:00;314;Sem vítima;97,950;BR-50/MG;Crescente;Atropelamento de animal;0;0;0;0;0;1;0;0;0;0;1;0;0;0;0
18/12/2022;20:39:00;330;Sem vítima;169,400;BR-50/MG;Decrescente;Choque;1;0;0;0;0;0;0;0;0;0;2;0;0;0;0
19/12/2022;07:30:00;73;Sem vítima;119,000;BR-50/MG;Crescente;Tombamento;0;0;0;0;0;1;0;0;0;0;1;0;0;0;0
19/12/2022;16:10:00;272;Sem vítima;177,150;BR-50/MG;Crescente;Choque;1;0;0;0;0;0;0;0;0;0;1;0;0;0;0
19/12/2022;17:48:00;306;Com vítima;274,000;BR-50/MG;Crescente;Queda de moto;0;0;0;1;0;0;0;0;0;0;0;0;1;0;0
19/12/2022;18:23:00;314;Sem vítima;206,000;BR-50/MG;Crescente;Colisão traseira;2;0;0;0;0;0;0;0;0;0;6;0;0;0;0
19/12/2022;20:03:00;339;Sem vítima;164,500;BR-50/MG;Decrescente;Choque;0;0;1;0;0;0;0;0;0;0;1;0;0;0;0
19/12/2022;23:59:00;372;Sem vítima;174,800;BR-50/MG;Crescente;Colisão traseira;1;0;0;0;0;1;0;0;0;0;4;0;0;0;0
20/12/2022;11:30:00;175;Sem vítima;51,600;BR-50/MG;Crescente;Colisão traseira;1;0;0;0;0;1;0;0;0;0;0;0;0;0;0
20/12/2022;14:08:00;220;Sem vítima;24,100;BR-50/MG;Decrescente;Choque;0;0;0;0;0;0;0;0;0;1;2;0;0;0;0
20/12/2022;14:20:00;225;Sem vítima;16,950;BR-50/MG;Decrescente;Choque;0;0;0;0;0;0;0;0;0;1;3;0;0;0;0
21/12/2022;02:53:00;17;Sem vítima;286,000;BR-50/MG;Crescente;Choque;1;0;0;0;0;0;0;0;0;0;0;0;0;0;0
21/12/2022;04:42:00;28;Com vítima;106,500;BR-50/MG;Crescente;Capotamento;0;0;0;0;0;1;0;0;0;0;0;0;1;0;0
21/12/2022;06:40:00;42;Sem vítima;17,120;BR-50/MG;Crescente;Choque;1;0;0;0;0;0;0;0;0;0;2;0;0;0;0
21/12/2022;07:13:00;60;Com vítima;306,000;BR-50/MG;Crescente;Choque;1;0;0;0;0;0;0;0;0;0;3;0;1;0;0
21/12/2022;09:51:00;144;Sem vítima;105,100;BR-50/MG;Crescente;Colisão traseira;0;0;0;0;0;0;0;0;0;1;2;0;0;0;0
21/12/2022;18:33:00;335;Sem vítima;268,200;BR-50/MG;Crescente;Atropelamento de animal;0;0;0;0;0;0;0;0;0;1;2;0;0;0;0
21/12/2022;21:05:00;385;Sem vítima;132,000;BR-50/MG;Decrescente;Choque;1;0;0;0;0;0;0;0;0;0;1;0;0;0;0
22/12/2022;05:22:00;50;Sem vítima;165,000;BR-50/MG;Decrescente;Choque;1;0;0;0;0;0;0;0;0;0;3;0;0;0;0
22/12/2022;06:27:00;62;Com vítima;159,700;BR-50/MG;Decrescente;Capotamento;0;0;0;0;0;1;0;0;0;0;0;1;0;0;0
22/12/2022;06:54:00;74;Sem vítima;112,400;BR-50/MG;Decrescente;Colisão lateral no mesmo sentido;0;0;0;0;0;2;0;0;0;0;2;0;0;0;0
22/12/2022;10:40:00;198;Sem vítima;18,000;Contorno de Uberlândia/MG;Decrescente;Tombamento;0;0;0;0;0;1;0;0;0;0;1;0;0;0;0
22/12/2022;14:31:00;303;Sem vítima;185,750;BR-50/MG;Crescente;Acidentes de outra natureza;1;0;0;0;0;0;0;0;0;0;2;0;0;0;0
22/12/2022;16:39:00;368;Sem vítima;261,720;BR-50/MG;Decrescente;Choque;1;0;0;0;0;0;0;0;0;0;4;0;0;0;0
22/12/2022;17:21:00;386;Com vítima;198,900;BR-50/MG;Decrescente;Choque;1;0;0;0;0;0;0;0;0;0;4;2;0;0;0
22/12/2022;23:08:00;486;Sem vítima;147,100;BR-50/MG;Decrescente;Capotamento;1;0;0;0;0;0;0;0;0;0;5;0;0;0;0
22/12/2022;23:55:00;500;Sem vítima;169,200;BR-50/MG;Decrescente;Choque;0;0;0;0;0;0;0;0;0;1;1;0;0;0;0
23/12/2022;02:25:00;22;Com vítima;176,850;BR-50/MG;Crescente;Capotamento;1;0;0;0;0;0;0;0;0;0;0;2;0;0;0
23/12/2022;12:30:00;197;Com vítima;279,000;BR-50/MG;Decrescente;Choque;1;0;0;0;0;0;0;0;0;0;3;0;1;0;0
23/12/2022;16:32:00;290;Sem vítima;194,000;BR-50/MG;Crescente;Engavetamento;2;0;0;0;0;0;0;0;0;1;3;0;0;0;0
24/12/2022;06:29:00;58;Sem vítima;177,700;BR-50/MG;Decrescente;Choque;1;0;0;0;0;0;0;0;0;0;0;0;0;0;0
24/12/2022;13:57:00;218;Com vítima;41,440;BR-50/MG;Crescente;Capotamento;1;0;0;0;0;0;0;0;0;0;2;2;0;0;0
24/12/2022;18:13:00;302;Sem vítima;159,100;BR-50/MG;Crescente;Choque;0;0;1;0;0;0;0;0;0;0;1;0;0;0;0
24/12/2022;23:47:00;355;Sem vítima;105,000;BR-50/MG;Decrescente;Choque;1;0;0;0;0;0;0;0;0;0;1;0;0;0;0
25/12/2022;06:47:00;24;Com vítima;189,000;BR-50/MG;Crescente;Choque;0;0;0;1;0;0;0;0;0;0;0;1;0;0;0
25/12/2022;10:05:00;69;Com vítima;129,900;BR-50/MG;Crescente;Choque;1;0;0;0;0;0;0;0;0;0;0;1;0;0;0
25/12/2022;12:09:00;98;Sem vítima;60,300;BR-50/MG;Decrescente;Tombamento;1;0;0;0;0;0;0;0;0;0;1;0;0;0;0
25/12/2022;14:21:00;124;Sem vítima;142,500;BR-50/MG;Crescente;Capotamento;0;0;0;0;0;0;0;0;0;1;2;0;0;0;0
25/12/2022;16:17:00;151;Sem vítima;171,800;BR-50/MG;Decrescente;Acidentes de outra natureza;1;0;0;0;0;0;0;0;0;0;1;0;0;0;0
25/12/2022;17:04:00;168;Sem vítima;174,800;BR-50/MG;Crescente;Choque;1;0;0;0;0;0;0;0;0;0;2;0;0;0;0
25/12/2022;18:47:00;206;Sem vítima;289,600;BR-50/MG;Decrescente;Choque;1;0;0;0;0;1;0;0;0;0;3;0;0;0;0
26/12/2022;12:00:00;158;Sem vítima;39,800;BR-50/MG;Crescente;Choque;1;0;0;0;0;0;0;0;0;0;8;0;0;0;0
26/12/2022;12:04:00;159;Com vítima;17,110;BR-50/MG;Crescente;Capotamento;1;0;0;0;0;0;0;0;0;0;0;2;0;0;0
26/12/2022;14:10:00;192;Sem vítima;29,750;BR-50/MG;Crescente;Choque;1;0;0;0;0;0;0;0;0;0;4;0;0;0;0
26/12/2022;15:53:00;230;Sem vítima;196,550;BR-50/MG;Crescente;Choque;1;0;0;0;0;0;0;0;0;0;6;0;0;0;0
26/12/2022;17:43:00;269;Sem vítima;29,780;BR-50/MG;Crescente;Choque;1;0;0;0;0;0;0;0;0;0;2;0;0;0;0
26/12/2022;19:46:00;301;Sem vítima;60,100;BR-50/MG;Crescente;Colisão traseira;0;0;1;0;0;1;0;0;0;0;2;0;0;0;0
26/12/2022;20:01:00;304;Sem vítima;16,500;BR-50/MG;Crescente;Atropelamento de animal;0;0;1;0;0;0;0;0;0;0;2;0;0;0;0
27/12/2022;03:16:00;24;Sem vítima;195,650;BR-50/MG;Decrescente;Choque;1;0;0;0;0;0;0;0;0;0;5;0;0;0;0
27/12/2022;11:45:00;175;Sem vítima;29,700;BR-50/MG;Decrescente;Choque;0;0;0;0;0;0;0;0;0;1;4;0;0;0;0
27/12/2022;13:56:00;202;Com vítima;147,160;BR-50/MG;Crescente;Colisão lateral no mesmo sentido;1;0;0;0;0;1;0;0;0;0;2;0;1;0;0
27/12/2022;15:43:00;238;Sem vítima;17,000;BR-50/MG;Decrescente;Capotamento;1;0;0;0;0;0;0;0;0;0;1;0;0;0;0
28/12/2022;03:35:00;17;Sem vítima;170,000;BR-50/MG;Decrescente;Choque;0;0;0;0;1;0;0;0;0;0;4;0;0;0;0
28/12/2022;09:28:00;110;Sem vítima;164,750;BR-50/MG;Crescente;Colisão traseira;0;0;2;0;0;0;0;0;0;0;4;0;0;0;0
28/12/2022;10:36:00;139;Com vítima;99,750;BR-50/MG;Crescente;Colisão lateral no mesmo sentido;1;0;0;0;0;1;0;0;0;0;6;2;0;0;0
28/12/2022;16:25:00;273;Sem vítima;196,700;BR-50/MG;Crescente;Choque;1;0;0;0;0;0;0;0;0;0;8;0;0;0;0
28/12/2022;17:42:00;297;Sem vítima;164,200;BR-50/MG;Crescente;Colisão traseira;1;0;0;0;0;0;0;0;0;1;12;0;0;0;0
29/12/2022;06:58:00;38;Com vítima;257,000;BR-50/MG;Decrescente;Colisão traseira;0;1;0;0;0;0;0;0;0;1;2;0;1;0;1
29/12/2022;07:33:00;47;Sem vítima;174,950;BR-50/MG;Crescente;Choque;1;0;0;0;0;0;0;0;0;0;1;0;0;0;0
29/12/2022;15:33:00;230;Sem vítima;78,000;BR-50/MG;Crescente;Colisão traseira;1;0;0;1;0;0;0;0;0;0;1;0;0;0;0
29/12/2022;18:18:00;291;Sem vítima;138,130;BR-50/MG;Decrescente;Colisão traseira;0;0;0;0;0;0;0;0;0;2;7;0;0;0;0
29/12/2022;21:24:00;346;Com vítima;98,000;BR-50/MG;Decrescente;Colisão transversal;1;0;0;1;0;0;0;0;0;0;3;1;0;0;0
29/12/2022;22:12:00;357;Sem vítima;206,000;BR-50/MG;Crescente;Colisão traseira;2;0;0;0;0;0;0;0;0;0;4;0;0;0;0
30/12/2022;07:30:00;51;Com vítima;108,050;BR-50/MG;Crescente;Capotamento;1;0;0;0;0;0;0;0;0;0;0;2;0;0;0
30/12/2022;11:02:00;127;Com vítima;197,000;BR-50/MG;Crescente;Queda de moto;0;0;0;1;0;0;0;0;0;0;0;0;2;0;0
30/12/2022;12:31:00;152;Sem vítima;305,900;BR-50/MG;Decrescente;Choque;0;0;0;0;0;0;0;0;0;1;4;0;0;0;0
30/12/2022;13:32:00;172;Sem vítima;146,500;BR-50/MG;Crescente;Choque;1;0;0;0;0;0;0;0;0;0;3;0;0;0;0
30/12/2022;22:43:00;311;Sem vítima;98,000;BR-50/MG;Crescente;Colisão transversal;1;0;0;1;0;0;0;0;0;0;1;0;0;0;0
31/12/2022;03:28:00;21;Com vítima;180,000;BR-50/MG;Decrescente;Capotamento;1;0;0;0;0;0;0;0;0;0;3;1;0;0;0
01/01/2023;01:02:00;4;Com vítima;202,700;BR-50/MG;Crescente;Queda de moto;0;0;0;1;0;0;0;0;0;0;0;2;0;0;0
01/01/2023;02:04:00;10;Com vítima;63,800;BR-50/MG;Decrescente;Colisão traseira;0;0;0;1;0;1;0;0;0;0;0;0;2;0;0