data;horario;n_da_ocorrencia;tipo_de_ocorrencia;km;trecho;sentido;tipo_de_acidente;automovel;bicicleta;caminhao;moto;onibus;outros;tracao_animal;transporte_de_cargas_especiais;trator_maquinas;utilitarios;ilesos;levemente_feridos;moderadamente_feridos;gravemente_feridos;mortos
09/02/2023;00:37:00;4;Com vítima;144,000;BR-50/MG;Decrescente;Choque;1;0;0;0;0;0;0;0;0;0;1;1;0;0;0
09/02/2023;10:48:00;137;Com vítima;60,650;BR-50/MG;Crescente;Choque;1;0;0;0;0;0;0;0;0;0;0;1;0;0;0
09/02/2023;11:33:00;149;Com vítima;78,600;BR-50/MG;Crescente;Choque;0;0;0;0;0;0;1;0;0;0;0;1;0;0;0
09/02/2023;11:44:00;152;Sem vítima;8,800;BR-50/MG;Decrescente;Choque;0;0;0;0;0;1;0;0;0;0;1;0;0;0;0
09/02/2023;13:09:00;178;Com vítima;196,900;BR-50/MG;Crescente;Choque;0;0;0;0;0;0;0;0;0;1;0;1;0;0;0
10/02/2023;10:18:00;123;Sem vítima;5,600;BR-50/MG;Decrescente;Choque;0;0;0;0;0;1;0;0;0;0;1;0;0;0;0
10/02/2023;14:09:00;192;Sem vítima;173,200;BR-50/MG;Decrescente;Choque;0;0;1;0;0;0;0;0;0;0;1;0;0;0;0
10/02/2023;15:39:00;226;Sem vítima;62,000;BR-50/MG;Crescente;Choque;1;0;0;0;0;0;0;0;0;0;3;0;0;0;0
10/02/2023;17:53:00;271;Sem vítima;77,300;BR-50/MG;Crescente;Choque;1;0;0;0;0;0;0;0;0;0;1;0;0;0;0
10/02/2023;23:45:00;370;Com vítima;101,300;BR-50/MG;Crescente;Queda de moto;1;0;0;1;0;0;0;0;0;0;2;4;0;0;0
11/02/2023;06:30:00;45;Sem vítima;29,000;BR-50/MG;Decrescente;Choque;1;0;0;0;0;0;0;0;0;0;4;0;0;0;0
11/02/2023;08:28:00;74;Sem vítima;51,450;BR-50/MG;Crescente;Colisão traseira;1;0;1;0;0;0;0;0;0;0;2;0;0;0;0
11/02/2023;09:45:00;111;Sem vítima;172,000;BR-50/MG;Crescente;Colisão lateral no mesmo sentido;1;0;0;0;0;1;0;0;0;0;2;0;0;0;0
11/02/2023;12:47:00;199;Com vítima;45,000;BR-50/MG;Crescente;Capotamento;1;0;0;0;0;0;0;0;0;0;0;1;1;0;0
12/02/2023;09:32:00;102;Sem vítima;29,000;BR-50/MG;Crescente;Choque;0;0;0;0;0;1;0;0;0;0;1;0;0;0;0
12/02/2023;13:55:00;170;Sem vítima;229,360;BR-50/MG;Crescente;Choque;0;0;0;0;0;0;0;0;0;1;1;0;0;0;0
12/02/2023;17:38:00;230;Sem vítima;305,250;BR-50/MG;Crescente;Choque;0;0;0;0;0;0;0;0;0;1;2;0;0;0;0
13/02/2023;12:03:00;165;Sem vítima;203,700;BR-50/MG;Decrescente;Choque;0;0;0;0;0;0;0;0;0;1;2;0;0;0;0
14/02/2023;00:26:00;4;Com vítima;168,000;BR-50/MG;Crescente;Choque;0;0;0;0;0;1;0;0;0;0;0;1;0;0;0
14/02/2023;06:16:00;28;Sem vítima;277,000;BR-50/MG;Crescente;Colisão frontal;0;0;0;0;0;1;0;0;0;1;2;0;0;0;0
14/02/2023;09:24:00;107;Com vítima;272,760;BR-50/MG;Crescente;Capotamento;0;0;0;0;0;0;0;0;0;1;3;2;0;0;0
14/02/2023;10:07:00;126;Sem vítima;148,200;BR-50/MG;Decrescente;Colisão traseira;1;0;0;0;0;1;0;0;0;0;2;0;0;0;0
14/02/2023;11:53:00;172;Sem vítima;198,650;BR-50/MG;Crescente;Choque;0;0;1;0;0;0;0;0;0;0;1;0;0;0;0
14/02/2023;14:28:00;224;Sem vítima;183,200;BR-50/MG;Decrescente;Capotamento;1;0;0;0;0;0;0;0;0;0;1;0;0;0;0
15/02/2023;06:59:00;53;Sem vítima;177,600;BR-50/MG;Decrescente;Engavetamento;0;0;0;0;0;1;0;0;0;0;0;0;0;0;0
15/02/2023;07:57:00;69;Com vítima;177,100;BR-50/MG;Decrescente;Colisão traseira;0;0;0;1;0;0;0;0;0;0;0;1;0;0;0
15/02/2023;13:40:00;218;Sem vítima;146,000;BR-50/MG;Crescente;Choque;1;0;0;0;0;0;0;0;0;0;2;0;0;0;0
15/02/2023;20:37:00;381;Com vítima;137,800;BR-50/MG;Decrescente;Atropelamento de animal;1;0;0;0;0;0;0;0;0;0;1;0;1;0;0
16/02/2023;08:15:00;66;Sem vítima;156,200;BR-50/MG;Crescente;Choque;0;0;0;0;0;1;0;0;0;0;0;0;0;0;0
16/02/2023;13:50:00;206;Sem vítima;185,000;BR-50/MG;Crescente;Capotamento;1;0;0;0;0;0;0;0;0;0;1;0;0;0;0
17/02/2023;02:46:00;22;Sem vítima;305,000;BR-50/MG;Crescente;Choque;1;0;0;0;0;0;0;0;0;0;1;0;0;0;0
17/02/2023;06:26:00;38;Com vítima;175,000;BR-50/MG;Crescente;Colisão traseira;0;1;0;0;0;0;0;0;0;0;0;1;0;0;0
17/02/2023;07:35:00;55;Sem vítima;22,700;BR-50/MG;Decrescente;Choque;0;0;1;0;0;0;0;0;0;0;1;0;0;0;0
17/02/2023;08:29:00;77;Sem vítima;134,000;BR-50/MG;Decrescente;Choque;1;0;0;0;0;0;0;0;0;0;1;0;0;0;0
17/02/2023;09:57:00;104;Com vítima;119,000;BR-50/MG;Crescente;Queda de moto;0;0;0;1;0;0;0;0;0;0;0;1;0;0;0
17/02/2023;11:00:00;131;Sem vítima;274,000;BR-50/MG;Crescente;Colisão lateral no mesmo sentido;0;0;0;0;0;0;0;0;0;1;1;0;0;0;0
17/02/2023;11:19:00;140;Sem vítima;156,000;BR-50/MG;Decrescente;Engavetamento;1;0;0;0;0;0;0;0;0;0;1;0;0;0;0
17/02/2023;15:45:00;222;Com vítima;153,100;BR-50/MG;Crescente;Choque;0;0;0;1;0;0;0;0;0;0;0;0;1;0;0
18/02/2023;01:09:00;12;Com vítima;154,000;BR-50/MG;Decrescente;Capotamento;1;0;0;0;0;0;0;0;0;0;0;1;0;0;0
18/02/2023;05:03:00;26;Com vítima;177,000;BR-50/MG;Crescente;Colisão traseira;1;0;0;0;0;0;0;0;0;0;0;0;1;0;0
18/02/2023;07:30:00;61;Com vítima;111,100;BR-50/MG;Decrescente;Capotamento;0;0;0;0;0;0;0;0;0;1;0;1;0;0;0
18/02/2023;10:45:00;129;Com vítima;145,445;BR-50/MG;Crescente;Capotamento;1;0;0;0;0;0;0;0;0;0;1;0;0;0;0
18/02/2023;15:29:00;230;Com vítima;169,250;BR-50/MG;Decrescente;Colisão lateral no mesmo sentido;0;0;0;1;0;0;0;0;0;0;0;1;0;0;0
18/02/2023;20:17:00;326;Sem vítima;119,000;BR-50/MG;Crescente;Choque;1;0;0;0;0;0;0;0;0;0;1;0;0;0;0
18/02/2023;20:21:00;327;Com vítima;155,100;BR-50/MG;Decrescente;Choque;1;0;0;0;0;0;0;0;0;0;0;1;0;0;0
19/02/2023;02:28:00;8;Sem vítima;165,000;BR-50/MG;Decrescente;Choque;1;0;0;0;0;0;0;0;0;0;1;0;0;0;0
19/02/2023;05:18:00;25;Sem vítima;52,000;BR-50/MG;Decrescente;Choque;1;0;0;0;0;0;0;0;0;0;1;0;0;0;0
19/02/2023;10:13:00;94;Com vítima;189,000;BR-50/MG;Crescente;Choque;1;0;0;0;0;0;0;0;0;0;0;1;0;0;0
19/02/2023;15:53:00;188;Sem vítima;116,100;BR-50/MG;Decrescente;Colisão traseira;0;0;0;0;0;1;0;0;0;0;0;0;0;0;0
19/02/2023;21:08:00;271;Sem vítima;175,100;BR-50/MG;Decrescente;Choque;1;0;0;0;0;0;0;0;0;0;1;0;0;0;0
21/02/2023;06:49:00;40;Sem vítima;41,000;BR-50/MG;Crescente;Colisão traseira;1;0;0;0;0;0;0;0;0;0;1;0;0;0;0
21/02/2023;12:07:00;145;Sem vítima;196,400;BR-50/MG;Crescente;Choque;1;0;0;0;0;0;0;0;0;0;1;0;0;0;0
21/02/2023;13:39:00;183;Com vítima;17,840;BR-50/MG;Decrescente;Choque;1;0;0;0;0;0;0;0;0;0;1;0;0;0;0
21/02/2023;14:24:00;197;Sem vítima;124,000;BR-50/MG;Decrescente;Choque;1;0;0;0;0;0;0;0;0;0;1;0;0;0;0
21/02/2023;16:41:00;262;Com vítima;106,000;BR-50/MG;Crescente;Colisão traseira;0;0;0;0;0;0;0;0;0;1;0;1;0;0;0
21/02/2023;17:31:00;273;Sem vítima;14,800;BR-50/MG;Decrescente;Choque;1;0;0;0;0;0;0;0;0;0;1;0;0;0;0
22/02/2023;07:47:00;58;Sem vítima;256,950;BR-50/MG;Decrescente;Choque;1;0;0;0;0;0;0;0;0;0;1;0;0;0;0
22/02/2023;13:09:00;166;Sem vítima;139,000;BR-50/MG;Crescente;Atropelamento de animal;0;0;0;0;0;0;0;0;0;1;1;0;0;0;0
22/02/2023;15:53:00;212;Com vítima;240,850;BR-50/MG;Crescente;Capotamento;0;0;0;0;0;0;0;0;0;1;0;0;1;0;0
22/02/2023;17:59:00;250;Sem vítima;167,500;BR-50/MG;Crescente;Colisão traseira;1;0;0;0;0;0;0;0;0;0;1;0;0;0;0
23/02/2023;09:13:00;81;Sem vítima;196,000;BR-50/MG;Crescente;Choque;1;0;0;0;0;0;0;0;0;0;1;0;0;0;0
23/02/2023;15:20:00;250;Sem vítima;115,800;BR-50/MG;Decrescente;Choque;1;0;0;0;0;0;0;0;0;0;1;0;0;0;0
23/02/2023;16:04:00;263;Com vítima;25,740;BR-50/MG;Decrescente;Capotamento;1;0;0;0;0;0;0;0;0;0;0;0;1;0;0
23/02/2023;18:22:00;304;Sem vítima;106,600;BR-50/MG;Decrescente;Colisão traseira;1;0;0;0;0;0;0;0;0;0;1;0;0;0;0
24/02/2023;08:12:00;76;Com vítima;107,700;BR-50/MG;Decrescente;Capotamento;0;0;0;0;0;0;0;0;0;1;0;1;1;0;0
24/02/2023;09:59:00;116;Sem vítima;143,000;BR-50/MG;Decrescente;Choque;1;0;0;0;0;0;0;0;0;0;1;0;0;0;0
24/02/2023;12:36:00;190;Sem vítima;165,800;BR-50/MG;Crescente;Colisão traseira;0;0;0;0;0;0;0;0;0;1;1;0;0;0;0
24/02/2023;15:01:00;249;Com vítima;98,500;BR-50/MG;Decrescente;Colisão lateral no mesmo sentido;1;0;0;0;0;0;0;0;0;0;1;0;0;0;0
25/02/2023;00:27:00;5;Sem vítima;19,100;BR-50/MG;Crescente;Choque;0;0;0;0;0;1;0;0;0;0;1;0;0;0;0
25/02/2023;05:55:00;38;Com vítima;187,000;BR-50/MG;Decrescente;Queda de moto;0;0;0;1;0;0;0;0;0;0;0;1;0;0;0
25/02/2023;10:05:00;133;Sem vítima;51,475;BR-50/MG;Decrescente;Colisão traseira;1;0;0;0;0;0;0;0;0;0;2;0;0;0;0
25/02/2023;13:38:00;192;Sem vítima;142,300;BR-50/MG;Decrescente;Choque;0;0;0;0;0;1;0;0;0;0;1;0;0;0;0
25/02/2023;14:36:00;212;Com vítima;229,550;BR-50/MG;Decrescente;Capotamento;0;0;0;0;0;0;0;0;0;1;0;0;1;0;0
25/02/2023;16:53:00;249;Sem vítima;167,000;BR-50/MG;Crescente;Colisão traseira;1;0;0;0;0;0;0;0;0;0;1;0;0;0;0
25/02/2023;18:51:00;282;Com vítima;21,500;Contorno de Uberlândia/MG;Decrescente;Tombamento;0;0;0;0;0;1;0;0;0;0;0;1;0;0;0
26/02/2023;16:21:00;210;Sem vítima;57,500;BR-50/MG;Crescente;Colisão traseira;1;0;0;0;0;0;0;0;0;0;1;0;0;0;0
26/02/2023;16:45:00;215;Com vítima;101,000;BR-50/MG;Crescente;Capotamento;1;0;0;0;0;0;0;0;0;0;0;0;1;0;0
26/02/2023;20:26:00;311;Sem vítima;123,250;BR-50/MG;Decrescente;Choque;1;0;0;0;0;0;0;0;0;0;1;0;0;0;0
26/02/2023;22:18:00;328;Sem vítima;176,650;BR-50/MG;Decrescente;Choque;1;0;0;0;0;0;0;0;0;0;1;0;0;0;0
27/02/2023;10:40:00;141;Sem vítima;164,900;BR-50/MG;Decrescente;Tombamento;0;0;0;0;0;1;0;0;0;0;1;0;0;0;0
27/02/2023;14:29:00;196;Sem vítima;118,900;BR-50/MG;Crescente;Colisão traseira;0;0;0;0;0;1;0;0;0;0;1;0;0;0;0
27/02/2023;19:08:00;290;Sem vítima;175,500;BR-50/MG;Crescente;Choque;1;0;0;0;0;0;0;0;0;0;1;0;0;0;0
28/02/2023;09:04:00;78;Sem vítima;176,000;BR-50/MG;Crescente;Colisão traseira;0;0;0;0;0;1;0;0;0;0;1;0;0;0;0
28/02/2023;09:30:00;83;Sem vítima;175,500;BR-50/MG;Crescente;Colisão traseira;0;0;0;0;0;1;0;0;0;0;0;0;0;0;0
01/03/2023;05:57:00;22;Sem vítima;171,500;BR-50/MG;Crescente;Colisão traseira;0;0;0;0;0;0;0;0;0;1;1;0;0;0;0
01/03/2023;20:38:00;331;Com vítima;194,470;BR-50/MG;Crescente;Choque;0;0;0;0;0;1;0;0;0;0;0;1;0;0;0
01/03/2023;20:58:00;337;Com vítima;194,500;BR-50/MG;Crescente;Choque;0;0;0;1;0;0;0;0;0;0;0;1;0;0;0
02/03/2023;15:13:00;236;Com vítima;119,000;BR-50/MG;Decrescente;Capotamento;0;0;0;0;0;0;0;0;0;1;0;1;0;0;0
02/03/2023;23:16:00;378;Sem vítima;175,400;BR-50/MG;Crescente;Choque;0;0;0;0;0;0;0;0;0;1;1;0;0;0;0
03/03/2023;00:25:00;2;Sem vítima;156,000;BR-50/MG;Decrescente;Choque;1;0;0;0;0;0;0;0;0;0;1;0;0;0;0
03/03/2023;02:43:00;16;Com vítima;29,800;BR-50/MG;Decrescente;Tombamento;0;0;0;0;0;1;0;0;0;0;0;0;1;0;0
03/03/2023;02:49:00;17;Com vítima;166,000;BR-50/MG;Decrescente;Tombamento;0;0;1;0;0;0;0;0;0;0;0;1;0;0;0
03/03/2023;12:56:00;172;Sem vítima;58,500;BR-50/MG;Decrescente;Choque;0;0;1;0;0;0;0;0;0;0;1;0;0;0;0
03/03/2023;13:41:00;178;Sem vítima;40,600;BR-50/MG;Decrescente;Colisão lateral no mesmo sentido;1;0;0;0;0;0;0;0;0;0;1;0;0;0;0
03/03/2023;16:15:00;225;Sem vítima;115,380;BR-50/MG;Decrescente;Choque;1;0;0;0;0;1;0;0;0;0;1;0;0;0;0
03/03/2023;16:30:00;233;Sem vítima;287,400;BR-50/MG;Crescente;Choque;0;0;0;0;0;0;0;0;0;1;1;0;0;0;0
04/03/2023;02:11:00;20;Com vítima;164,500;BR-50/MG;Decrescente;Choque;0;0;0;0;0;1;0;0;0;0;0;0;1;0;0
04/03/2023;03:54:00;29;Sem vítima;271,500;BR-50/MG;Crescente;Choque;1;0;0;0;0;0;0;0;0;0;1;0;0;0;0
04/03/2023;05:50:00;35;Sem vítima;181,400;BR-50/MG;Decrescente;Queda de moto;0;0;0;1;0;0;0;0;0;0;1;0;0;0;0
04/03/2023;12:28:00;215;Sem vítima;0,000;Contorno de Uberlândia/MG;Crescente;Choque;0;0;0;1;0;0;0;0;0;0;1;0;0;0;0
04/03/2023;18:40:00;351;Sem vítima;132,800;BR-50/MG;Decrescente;Choque;1;0;0;0;0;0;0;0;0;0;1;0;0;0;0
04/03/2023;21:54:00;401;Sem vítima;169,400;BR-50/MG;Decrescente;Choque;0;0;1;0;0;0;0;0;0;0;1;0;0;0;0
05/03/2023;06:50:00;47;Sem vítima;169,000;BR-50/MG;Crescente;Choque;0;0;0;0;0;0;0;0;0;1;0;0;0;0;0
05/03/2023;12:05:00;142;Com vítima;25,500;BR-50/MG;Crescente;Capotamento;1;0;0;0;0;0;0;0;0;0;0;0;1;0;0
05/03/2023;13:47:00;165;Sem vítima;47,770;BR-50/MG;Crescente;Choque;1;0;0;0;0;0;0;0;0;0;1;0;0;0;0
07/03/2023;01:00:00;6;Sem vítima;91,400;BR-50/MG;Decrescente;Capotamento;1;0;0;0;0;0;0;0;0;0;1;0;0;0;0
07/03/2023;12:28:00;180;Com vítima;137,900;BR-50/MG;Decrescente;Capotamento;0;0;0;0;0;1;0;0;0;0;0;0;0;0;0
07/03/2023;21:04:00;318;Com vítima;6,700;Contorno de Uberlândia/MG;Crescente;Choque;0;0;0;0;0;1;0;0;0;0;0;0;1;0;0
09/03/2023;07:54:00;56;Sem vítima;12,620;BR-50/MG;Crescente;Capotamento;1;0;0;0;0;0;0;0;0;0;0;0;0;0;0
09/03/2023;07:57:00;58;Sem vítima;273,000;BR-50/MG;Decrescente;Colisão lateral no mesmo sentido;0;0;0;0;0;1;0;0;0;0;0;0;0;0;0
09/03/2023;12:12:00;161;Com vítima;99,000;BR-50/MG;Decrescente;Colisão transversal;0;0;1;0;0;0;0;0;0;0;0;0;0;0;0
09/03/2023;16:54:00;260;Sem vítima;271,800;BR-50/MG;Decrescente;Choque;1;0;0;0;0;0;0;0;0;0;1;0;0;0;0
09/03/2023;17:28:00;272;Sem vítima;271,900;BR-50/MG;Decrescente;Choque;0;0;0;0;0;0;0;0;1;0;1;0;0;0;0
09/03/2023;17:55:00;285;Sem vítima;229,000;BR-50/MG;Crescente;Choque;1;0;0;0;0;0;0;0;0;0;1;0;0;0;0
09/03/2023;18:38:00;294;Sem vítima;235,000;BR-50/MG;Decrescente;Choque;1;0;0;0;0;0;0;0;0;0;1;0;0;0;0
09/03/2023;19:19:00;299;Com vítima;206,000;BR-50/MG;Crescente;Colisão traseira;1;0;0;1;0;0;0;0;0;0;1;1;0;0;0
09/03/2023;19:30:00;303;Sem vítima;30,480;BR-50/MG;Crescente;Acidentes de outra natureza;0;0;0;0;0;0;0;0;0;1;1;0;0;0;0
09/03/2023;23:45:00;352;Sem vítima;18,200;BR-50/MG;Crescente;Choque;0;0;0;0;0;1;0;0;0;0;1;0;0;0;0
10/03/2023;09:43:00;135;Sem vítima;97,000;BR-50/MG;Crescente;Colisão traseira;1;0;0;0;0;1;0;0;0;0;1;0;0;0;0
10/03/2023;12:21:00;209;Sem vítima;160,250;BR-50/MG;Crescente;Capotamento;0;0;0;0;0;0;0;0;0;1;0;0;0;0;0
10/03/2023;16:51:00;315;Sem vítima;186,000;BR-50/MG;Crescente;Choque;1;0;0;0;0;0;0;0;0;0;1;0;0;0;0
10/03/2023;19:05:00;365;Sem vítima;59,700;BR-50/MG;Decrescente;Choque;0;0;0;0;0;1;0;0;0;0;1;0;0;0;0
10/03/2023;21:06:00;400;Com vítima;165,000;BR-50/MG;Decrescente;Choque;0;0;1;0;0;0;0;0;0;0;0;1;0;0;0
10/03/2023;22:07:00;415;Com vítima;123,500;BR-50/MG;Crescente;Tombamento;0;0;0;0;0;1;0;0;0;0;0;1;0;0;0
10/03/2023;22:18:00;420;Sem vítima;190,000;BR-50/MG;Crescente;Choque;1;0;0;0;0;0;0;0;0;0;1;0;0;0;0
11/03/2023;02:51:00;14;Sem vítima;176,000;BR-50/MG;Decrescente;Colisão traseira;1;0;0;0;0;1;0;0;0;0;2;0;0;0;0
11/03/2023;05:32:00;27;Sem vítima;114,450;BR-50/MG;Decrescente;Tombamento;0;0;0;0;0;1;0;0;0;0;1;0;0;0;0
11/03/2023;07:41:00;45;Com vítima;310,000;BR-50/MG;Decrescente;Choque;0;0;0;1;0;0;0;0;0;0;0;0;0;1;0
11/03/2023;12:33:00;155;Com vítima;126,500;BR-50/MG;Decrescente;Capotamento;0;0;0;0;0;0;0;0;0;1;0;2;0;0;0
11/03/2023;13:50:00;170;Sem vítima;62,280;BR-50/MG;Decrescente;Choque;0;0;0;0;0;0;0;0;0;1;1;0;0;0;0
11/03/2023;16:26:00;231;Sem vítima;9,000;BR-50/MG;Crescente;Choque;0;0;0;0;0;1;0;0;0;1;2;0;0;0;0
12/03/2023;02:16:00;14;Sem vítima;114,500;BR-50/MG;Crescente;Capotamento;1;0;0;0;0;0;0;0;0;0;1;0;0;0;0
12/03/2023;15:59:00;198;Com vítima;152,200;BR-50/MG;Decrescente;Tombamento;0;0;0;0;0;1;0;0;0;0;0;0;1;0;0
12/03/2023;20:45:00;281;Sem vítima;197,900;BR-50/MG;Crescente;Colisão traseira;1;0;0;0;0;1;0;0;0;0;1;0;0;0;0
13/03/2023;09:04:00;121;Sem vítima;196,950;BR-50/MG;Crescente;Choque;0;0;0;0;0;0;0;0;0;1;1;0;0;0;0
13/03/2023;13:02:00;241;Com vítima;171,300;BR-50/MG;Decrescente;Choque;0;0;1;0;0;0;0;0;0;0;0;1;0;0;0
13/03/2023;15:46:00;297;Sem vítima;146,500;BR-50/MG;Crescente;Choque;1;0;0;0;0;0;0;0;0;0;1;0;0;0;0
13/03/2023;16:28:00;312;Com vítima;119,000;BR-50/MG;Decrescente;Capotamento;1;0;0;0;0;0;0;0;0;0;0;1;0;0;0
13/03/2023;17:05:00;322;Sem vítima;306,300;BR-50/MG;Crescente;Choque;0;0;0;0;0;0;0;0;0;1;1;0;0;0;0
13/03/2023;23:38:00;408;Sem vítima;59,900;BR-50/MG;Crescente;Choque;0;0;0;0;0;1;0;0;0;0;1;0;0;0;0
14/03/2023;01:30:00;13;Sem vítima;306,000;BR-50/MG;Decrescente;Tombamento;0;0;0;0;0;1;0;0;0;0;1;0;0;0;0
14/03/2023;04:05:00;19;Sem vítima;22,860;BR-50/MG;Decrescente;Choque;1;0;0;0;0;0;0;0;0;0;1;0;0;0;0
14/03/2023;13:45:00;222;Sem vítima;192,400;BR-50/MG;Decrescente;Colisão traseira;1;0;0;0;0;0;0;0;0;0;1;0;0;0;0
14/03/2023;15:35:00;249;Sem vítima;109,070;BR-50/MG;Decrescente;Choque;1;0;0;0;0;0;0;0;0;0;1;0;0;0;0
14/03/2023;21:10:00;330;Sem vítima;255,000;BR-50/MG;Crescente;Choque;1;0;0;0;0;0;0;0;0;0;1;0;0;0;0
14/03/2023;21:12:00;332;Sem vítima;96,840;BR-50/MG;Decrescente;Colisão traseira;0;0;0;0;0;1;0;0;0;0;1;0;0;0;0
15/03/2023;02:24:00;23;Sem vítima;252,100;BR-50/MG;Crescente;Choque;1;0;0;0;0;0;0;0;0;0;2;0;0;0;0
15/03/2023;04:10:00;33;Sem vítima;21,030;BR-50/MG;Crescente;Choque;0;0;1;0;0;0;0;0;0;0;1;0;0;0;0
15/03/2023;06:52:00;57;Sem vítima;106,400;BR-50/MG;Crescente;Choque;0;0;0;0;1;0;0;0;0;0;1;0;0;0;0
16/03/2023;06:28:00;30;Sem vítima;201,000;BR-50/MG;Crescente;Choque;1;0;0;0;0;0;0;0;0;0;1;0;0;0;0
16/03/2023;07:08:00;39;Sem vítima;100,400;BR-50/MG;Crescente;Choque;1;0;0;0;0;0;0;0;0;0;1;0;0;0;0
16/03/2023;11:14:00;144;Sem vítima;279,080;BR-50/MG;Crescente;Colisão lateral no mesmo sentido;1;0;0;0;0;1;0;0;0;0;2;0;0;0;0
16/03/2023;13:50:00;197;Com vítima;194,600;BR-50/MG;Decrescente;Colisão traseira;0;0;0;0;0;1;0;0;0;0;1;0;0;0;0
16/03/2023;17:45:00;266;Com vítima;83,400;BR-50/MG;Decrescente;Colisão traseira;1;0;0;0;0;0;0;0;0;0;1;0;0;0;0
16/03/2023;19:13:00;284;Sem vítima;206,400;BR-50/MG;Decrescente;Atropelamento de animal;0;0;0;0;0;0;0;0;0;1;1;0;0;0;0
17/03/2023;10:26:00;141;Com vítima;29,744;BR-50/MG;Decrescente;Tombamento;0;0;0;0;0;1;0;0;0;0;0;1;0;0;0
17/03/2023;12:06:00;181;Com vítima;145,200;BR-50/MG;Crescente;Choque;1;0;0;0;0;0;0;0;0;0;0;1;0;0;0
17/03/2023;13:45:00;214;Sem vítima;205,800;BR-50/MG;Crescente;Choque;1;0;0;0;0;0;0;0;0;0;1;0;0;0;0
17/03/2023;14:49:00;238;Com vítima;175,500;BR-50/MG;Decrescente;Engavetamento;1;0;0;0;0;0;0;0;0;0;1;0;0;0;0
17/03/2023;16:31:00;273;Sem vítima;207,200;BR-50/MG;Crescente;Colisão traseira;0;0;0;0;0;1;0;0;0;0;0;0;0;0;0
17/03/2023;17:21:00;292;Com vítima;178,900;BR-50/MG;Decrescente;Colisão traseira;0;0;0;0;0;1;0;0;0;0;0;0;0;0;0
17/03/2023;23:06:00;377;Com vítima;121,700;BR-50/MG;Decrescente;Tombamento;0;0;0;0;0;1;0;0;0;0;0;0;1;0;0
18/03/2023;16:37:00;281;Com vítima;100,000;BR-50/MG;Decrescente;Capotamento;1;0;0;0;0;0;0;0;0;0;1;0;0;0;0
18/03/2023;18:40:00;316;Sem vítima;59,000;BR-50/MG;Decrescente;Choque;1;0;0;0;0;0;0;0;0;0;1;0;0;0;0
18/03/2023;20:35:00;335;Com vítima;112,900;BR-50/MG;Decrescente;Colisão traseira;0;0;0;0;0;0;0;0;0;1;1;0;0;0;0
18/03/2023;22:07:00;353;Sem vítima;22,900;BR-50/MG;Decrescente;Atropelamento de animal;1;0;0;0;0;0;0;0;0;0;1;0;0;0;0
18/03/2023;22:25:00;355;Sem vítima;87,200;BR-50/MG;Decrescente;Colisão traseira;2;0;0;0;0;0;0;0;0;0;2;0;0;0;0
19/03/2023;00:32:00;6;Sem vítima;81,000;BR-50/MG;Decrescente;Choque;1;0;0;0;0;0;0;0;0;0;1;0;0;0;0
19/03/2023;02:27:00;19;Sem vítima;282,400;BR-50/MG;Crescente;Colisão frontal;1;0;0;0;0;1;0;0;0;0;2;0;0;0;0
19/03/2023;13:31:00;162;Sem vítima;82,500;BR-50/MG;Crescente;Capotamento;1;0;0;0;0;0;0;0;0;0;1;0;0;0;0
19/03/2023;17:07:00;241;Com vítima;180,000;BR-50/MG;Crescente;Colisão lateral no mesmo sentido;0;0;1;1;0;0;0;0;0;0;1;0;1;0;0
19/03/2023;19:03:00;276;Sem vítima;145,000;BR-50/MG;Decrescente;Capotamento;1;0;0;0;0;0;0;0;0;0;1;0;0;0;0
20/03/2023;03:24:00;17;Com vítima;220,470;BR-50/MG;Crescente;Tombamento;0;0;0;0;0;1;0;0;0;0;0;0;1;0;0
20/03/2023;07:25:00;43;Sem vítima;143,630;BR-50/MG;Crescente;Capotamento;1;0;0;0;0;0;0;0;0;0;1;0;0;0;0
20/03/2023;07:56:00;55;Sem vítima;98,500;BR-50/MG;Decrescente;Acidentes de outra natureza;1;0;0;0;0;0;0;0;0;0;0;0;0;0;0
20/03/2023;18:51:00;264;Sem vítima;118,000;BR-50/MG;Decrescente;Choque;0;0;0;0;0;1;0;0;0;0;0;0;0;0;0
20/03/2023;21:09:00;294;Sem vítima;19,600;BR-50/MG;Crescente;Colisão traseira;0;0;0;0;0;1;0;0;0;0;1;0;0;0;0
20/03/2023;23:24:00;325;Com vítima;45,100;BR-50/MG;Decrescente;Atropelamento de pedestre;0;0;0;0;1;0;0;0;0;0;1;0;0;1;0
20/03/2023;23:44:00;327;Sem vítima;44,670;BR-50/MG;Crescente;Choque;1;0;0;0;0;0;0;0;0;0;1;0;0;0;0
21/03/2023;21:54:00;358;Sem vítima;172,000;BR-50/MG;Crescente;Capotamento;0;0;0;0;0;1;0;0;0;0;0;0;0;0;0
22/03/2023;08:28:00;78;Com vítima;147,300;BR-50/MG;Crescente;Choque;1;0;0;0;0;0;0;0;0;0;0;1;0;0;0
22/03/2023;13:38:00;200;Sem vítima;236,650;BR-50/MG;Crescente;Colisão traseira;0;0;1;0;0;0;0;0;0;0;1;0;0;0;0
22/03/2023;18:02:00;308;Com vítima;176,500;BR-50/MG;Decrescente;Engavetamento;1;0;0;0;0;0;0;0;0;0;0;1;0;0;0
22/03/2023;21:13:00;358;Com vítima;186,000;BR-50/MG;Crescente;Choque;1;0;0;0;0;0;0;0;0;0;0;1;0;0;0
23/03/2023;07:20:00;52;Sem vítima;264,950;BR-50/MG;Crescente;Tombamento;0;0;0;0;0;1;0;0;0;0;1;0;0;0;0
23/03/2023;07:55:00;64;Sem vítima;176,080;BR-50/MG;Decrescente;Colisão traseira;0;0;0;0;0;0;0;0;0;1;1;0;0;0;0
23/03/2023;09:43:00;119;Sem vítima;176,070;BR-50/MG;Decrescente;Colisão traseira;0;0;0;0;0;1;0;0;0;1;2;0;0;0;0
23/03/2023;11:08:00;148;Sem vítima;51,200;BR-50/MG;Crescente;Colisão traseira;2;0;0;0;0;0;0;0;0;0;3;0;0;0;0
23/03/2023;18:15:00;302;Com vítima;176,000;BR-50/MG;Decrescente;Engavetamento;1;0;0;0;0;0;0;0;0;0;0;1;0;0;0
23/03/2023;19:35:00;340;Sem vítima;152,700;BR-50/MG;Decrescente;Atropelamento de animal;0;0;0;0;1;0;0;0;0;0;1;0;0;0;0
23/03/2023;19:37:00;341;Sem vítima;152,700;BR-50/MG;Crescente;Atropelamento de animal;0;0;0;0;0;0;0;0;0;1;1;0;0;0;0