data;horario;n_da_ocorrencia;tipo_de_ocorrencia;km;trecho;sentido;tipo_de_acidente;automovel;bicicleta;caminhao;moto;onibus;outros;tracao_animal;transporte_de_cargas_especiais;trator_maquinas;utilitarios;ilesos;levemente_feridos;moderadamente_feridos;gravemente_feridos;mortos
24/03/2023;15:09:00;220;Sem vítima;118,150;BR-50/MG;Decrescente;Choque;1;0;0;0;0;0;0;0;0;0;1;0;0;0;0
24/03/2023;21:16:00;314;Sem vítima;236,300;BR-50/MG;Crescente;Choque;1;0;0;0;0;0;0;0;0;0;1;0;0;0;0
25/03/2023;09:16:00;93;Com vítima;126,600;BR-50/MG;Crescente;Choque;0;0;0;0;0;0;0;0;0;1;1;0;0;0;0
25/03/2023;14:15:00;204;Sem vítima;16,880;BR-50/MG;Crescente;Tombamento;0;0;1;0;0;0;0;0;0;0;1;0;0;0;0
25/03/2023;19:16:00;300;Sem vítima;29,900;BR-50/MG;Decrescente;Colisão lateral no mesmo sentido;0;0;0;0;0;0;0;0;0;1;1;0;0;0;0
25/03/2023;22:19:00;341;Sem vítima;51,000;BR-50/MG;Decrescente;Colisão lateral no mesmo sentido;1;0;0;0;0;0;0;0;0;0;2;0;0;0;0
25/03/2023;22:42:00;346;Com vítima;177,000;BR-50/MG;Decrescente;Capotamento;1;0;0;0;0;0;0;0;0;0;0;0;1;0;0
26/03/2023;19:34:00;332;Sem vítima;59,000;BR-50/MG;Crescente;Colisão traseira;1;0;0;0;0;0;0;0;0;0;1;0;0;0;0
26/03/2023;23:33:00;387;Sem vítima;195,500;BR-50/MG;Decrescente;Choque;1;0;0;0;0;0;0;0;0;0;1;0;0;0;0
27/03/2023;00:22:00;1;Sem vítima;94,300;BR-50/MG;Crescente;Colisão traseira;1;0;0;0;0;1;0;0;0;0;1;0;0;0;0
27/03/2023;06:50:00;34;Com vítima;157,780;BR-50/MG;Decrescente;Choque;1;0;0;0;0;0;0;0;0;0;0;1;0;0;0
27/03/2023;15:27:00;256;Sem vítima;37,000;BR-50/MG;Decrescente;Choque;0;0;1;0;0;0;0;0;0;0;1;0;0;0;0
27/03/2023;15:44:00;257;Sem vítima;20,460;BR-50/MG;Crescente;Choque;0;0;0;0;0;1;0;0;0;0;1;0;0;0;0
27/03/2023;15:53:00;262;Com vítima;0,000;Contorno de Uberlândia/MG;Crescente;Tombamento;0;0;0;0;0;1;0;0;0;0;0;1;0;0;0
27/03/2023;17:04:00;283;Sem vítima;179,500;BR-50/MG;Crescente;Choque;1;0;0;0;0;0;0;0;0;0;1;0;0;0;0
27/03/2023;21:54:00;354;Com vítima;168,000;BR-50/MG;Crescente;Choque;0;0;0;0;0;1;0;0;0;0;0;1;0;0;0
28/03/2023;02:27:00;11;Com vítima;149,500;BR-50/MG;Crescente;Tombamento;0;0;0;0;0;1;0;0;0;0;0;1;0;0;0
28/03/2023;04:48:00;19;Com vítima;168,000;BR-50/MG;Decrescente;Choque;0;0;0;0;0;1;0;0;0;0;0;1;0;0;0
28/03/2023;07:20:00;60;Sem vítima;81,350;BR-50/MG;Crescente;Colisão lateral no mesmo sentido;0;0;0;0;0;1;0;0;0;0;1;0;0;0;0
28/03/2023;08:40:00;101;Com vítima;106,500;BR-50/MG;Decrescente;Tombamento;0;0;1;0;0;0;0;0;0;0;0;1;0;0;0
28/03/2023;18:31:00;260;Sem vítima;280,000;BR-50/MG;Decrescente;Colisão transversal;0;0;0;0;0;1;0;0;0;0;0;0;0;0;0
28/03/2023;19:30:00;281;Sem vítima;97,500;BR-50/MG;Crescente;Colisão transversal;0;0;1;0;0;0;0;0;0;0;0;0;0;0;0
28/03/2023;20:45:00;294;Com vítima;118,000;BR-50/MG;Decrescente;Colisão traseira;0;0;0;0;0;1;0;0;0;0;0;1;0;0;0
29/03/2023;07:39:00;85;Sem vítima;122,100;BR-50/MG;Decrescente;Choque;0;0;1;0;0;0;0;0;0;0;1;0;0;0;0
29/03/2023;11:07:00;189;Com vítima;21,100;Contorno de Uberlândia/MG;Crescente;Engavetamento;1;0;0;0;0;0;0;0;0;0;0;1;0;0;0
29/03/2023;14:08:00;271;Sem vítima;149,450;BR-50/MG;Crescente;Colisão traseira;0;0;0;0;0;2;0;0;0;0;2;0;0;0;0
29/03/2023;19:01:00;364;Sem vítima;283,000;BR-50/MG;Decrescente;Colisão lateral em sentido contrário;0;0;0;0;0;1;0;0;0;0;1;0;0;0;0
29/03/2023;20:12:00;380;Sem vítima;0,200;BR-50/MG;Crescente;Choque;1;0;0;0;0;0;0;0;0;0;1;0;0;0;0
29/03/2023;21:48:00;410;Com vítima;14,640;BR-50/MG;Crescente;Colisão traseira;0;0;0;0;0;0;0;0;0;1;0;1;0;0;0
30/03/2023;02:08:00;17;Com vítima;88,400;BR-50/MG;Decrescente;Choque;0;0;0;0;0;0;0;0;0;1;0;1;0;0;0
30/03/2023;16:38:00;302;Sem vítima;50,000;BR-50/MG;Crescente;Choque;1;0;0;0;0;0;0;0;0;0;1;0;0;0;0
30/03/2023;16:57:00;315;Com vítima;103,280;BR-50/MG;Decrescente;Queda de moto;0;0;0;1;0;0;0;0;0;0;0;1;0;0;0
30/03/2023;19:08:00;367;Sem vítima;39,000;BR-50/MG;Crescente;Queda de moto;0;0;0;0;0;0;0;0;0;0;0;0;0;0;0
30/03/2023;21:48:00;404;Com vítima;106,400;BR-50/MG;Decrescente;Queda de moto;0;0;0;1;0;0;0;0;0;0;0;1;0;0;0
30/03/2023;23:30:00;424;Sem vítima;275,400;BR-50/MG;Decrescente;Choque;0;0;0;0;0;0;0;0;0;1;1;0;0;0;0
31/03/2023;04:17:00;24;Sem vítima;174,000;BR-50/MG;Decrescente;Choque;1;0;0;0;0;0;0;0;0;0;1;0;0;0;0
31/03/2023;15:05:00;261;Com vítima;153,000;BR-50/MG;Crescente;Queda de moto;0;0;0;1;0;0;0;0;0;0;0;0;1;0;0
31/03/2023;15:10:00;264;Com vítima;133,500;BR-50/MG;Decrescente;Capotamento;0;0;0;0;0;0;0;0;0;1;1;0;0;0;0
31/03/2023;19:51:00;367;Com vítima;105,450;BR-50/MG;Crescente;Capotamento;1;0;0;0;0;0;0;0;0;0;0;0;1;0;0
31/03/2023;21:34:00;399;Sem vítima;155,900;BR-50/MG;Decrescente;Choque;0;0;0;0;0;0;0;0;0;1;1;0;0;0;0
01/04/2023;16:29:00;270;Com vítima;155,040;BR-50/MG;Crescente;Tombamento;0;0;0;0;0;1;0;0;0;0;0;0;1;0;0
01/04/2023;18:11:00;304;Sem vítima;148,000;BR-50/MG;Decrescente;Colisão traseira;0;0;0;0;0;0;0;0;0;1;1;0;0;0;0
01/04/2023;19:15:00;320;Sem vítima;272,300;BR-50/MG;Decrescente;Choque;1;0;0;0;0;0;0;0;0;0;2;0;0;0;0
01/04/2023;23:46:00;386;Sem vítima;204,000;BR-50/MG;Decrescente;Choque;1;0;0;0;0;0;0;0;0;0;1;0;0;0;0
02/04/2023;02:31:00;21;Sem vítima;172,000;BR-50/MG;Decrescente;Choque;1;0;0;0;0;0;0;0;0;0;1;0;0;0;0
02/04/2023;08:55:00;103;Com vítima;181,500;BR-50/MG;Crescente;Colisão traseira;0;0;0;1;0;0;0;0;0;0;1;0;0;0;0
02/04/2023;13:08:00;182;Sem vítima;24,100;BR-50/MG;Crescente;Capotamento;0;0;0;0;0;0;0;0;0;1;1;0;0;0;0
02/04/2023;15:36:00;232;Com vítima;150,500;BR-50/MG;Crescente;Choque;1;0;0;0;0;0;0;0;0;0;0;1;0;0;0
02/04/2023;21:14:00;351;Com vítima;98,950;BR-50/MG;Decrescente;Colisão frontal;1;0;0;0;0;0;0;0;0;0;0;0;0;1;0
03/04/2023;00:10:00;2;Sem vítima;115,000;BR-50/MG;Decrescente;Capotamento;1;0;0;0;0;0;0;0;0;0;1;0;0;0;0
03/04/2023;07:43:00;83;Com vítima;110,850;BR-50/MG;Decrescente;Choque;0;0;0;0;0;0;0;0;0;1;1;0;0;0;0
03/04/2023;09:35:00;121;Com vítima;147,300;BR-50/MG;Crescente;Capotamento;0;0;1;0;0;0;0;0;0;0;0;1;0;0;0
03/04/2023;16:46:00;243;Com vítima;201,450;BR-50/MG;Crescente;Atropelamento de animal;0;0;0;0;0;0;0;0;0;0;0;0;0;0;0
03/04/2023;17:13:00;256;Sem vítima;171,000;BR-50/MG;Decrescente;Choque;0;0;1;0;0;0;0;0;0;0;1;0;0;0;0
03/04/2023;21:34:00;314;Sem vítima;278,400;BR-50/MG;Crescente;Colisão transversal;1;0;0;0;0;0;0;0;0;0;1;0;0;0;0
03/04/2023;23:07:00;332;Com vítima;54,000;BR-50/MG;Crescente;Capotamento;0;0;0;0;0;1;0;0;0;0;0;1;0;0;0
03/04/2023;23:46:00;338;Sem vítima;202,600;BR-50/MG;Decrescente;Colisão traseira;0;0;0;0;1;0;0;0;0;0;1;0;0;0;0
04/04/2023;16:32:00;256;Com vítima;105,250;BR-50/MG;Decrescente;Choque;1;0;0;0;0;0;0;0;0;0;0;1;0;0;0
04/04/2023;18:19:00;285;Com vítima;27,100;BR-50/MG;Crescente;Queda de bicicleta;0;1;0;0;0;0;0;0;0;0;0;1;0;0;0
05/04/2023;00:15:00;1;Sem vítima;261,500;BR-50/MG;Crescente;Atropelamento de animal;0;0;0;0;0;0;0;0;0;1;1;0;0;0;0
05/04/2023;00:26:00;2;Sem vítima;262,430;BR-50/MG;Decrescente;Atropelamento de animal;0;0;1;0;0;0;0;0;0;0;1;0;0;0;0
05/04/2023;13:37:00;220;Sem vítima;146,800;BR-50/MG;Crescente;Choque;0;0;0;0;0;0;0;0;0;1;2;0;0;0;0
05/04/2023;13:41:00;224;Sem vítima;146,800;BR-50/MG;Crescente;Colisão lateral em sentido contrário;1;0;0;0;0;0;0;0;0;0;1;0;0;0;0
05/04/2023;23:03:00;377;Com vítima;189,200;BR-50/MG;Crescente;Colisão lateral no mesmo sentido;1;0;0;0;0;0;0;0;0;0;1;0;0;0;0
06/04/2023;01:00:00;10;Sem vítima;105,600;BR-50/MG;Decrescente;Tombamento;0;0;1;0;0;0;0;0;0;0;1;0;0;0;0
06/04/2023;07:20:00;67;Com vítima;165,200;BR-50/MG;Decrescente;Capotamento;0;0;0;0;0;1;0;0;0;0;0;0;0;0;1
06/04/2023;08:46:00;101;Sem vítima;192,060;BR-50/MG;Crescente;Colisão traseira;1;0;0;0;0;0;0;0;0;0;1;0;0;0;0
06/04/2023;11:25:00;175;Com vítima;177,000;BR-50/MG;Crescente;Queda de moto;0;0;0;1;0;0;0;0;0;0;0;1;0;0;0
06/04/2023;13:43:00;228;Sem vítima;85,900;BR-50/MG;Decrescente;Choque;0;0;0;0;0;1;0;0;0;0;0;0;0;0;0
06/04/2023;15:43:00;292;Com vítima;286,400;BR-50/MG;Crescente;Colisão traseira;1;0;0;0;0;0;0;0;0;0;1;0;0;0;0
06/04/2023;15:58:00;295;Com vítima;41,000;BR-50/MG;Crescente;Colisão traseira;0;0;0;0;0;0;0;0;0;1;1;0;0;0;0
06/04/2023;16:59:00;314;Sem vítima;133,600;BR-50/MG;Decrescente;Colisão traseira;0;0;0;0;0;0;0;0;0;1;1;0;0;0;0
06/04/2023;18:28:00;343;Sem vítima;278,620;BR-50/MG;Crescente;Colisão transversal;1;0;0;0;0;0;0;0;0;0;1;0;0;0;0
06/04/2023;19:09:00;359;Sem vítima;81,300;BR-50/MG;Crescente;Atropelamento de animal;0;0;0;0;0;1;0;0;0;0;1;0;0;0;0
06/04/2023;23:28:00;425;Sem vítima;302,000;BR-50/MG;Decrescente;Choque;0;0;1;0;0;0;0;0;0;0;1;0;0;0;0
07/04/2023;00:48:00;3;Sem vítima;61,400;BR-50/MG;Crescente;Choque;1;0;0;0;0;0;0;0;0;0;1;0;0;0;0
07/04/2023;06:04:00;41;Com vítima;280,600;BR-50/MG;Decrescente;Tombamento;0;0;0;0;0;1;0;0;0;0;0;1;0;0;0
07/04/2023;09:36:00;125;Sem vítima;228,000;BR-50/MG;Crescente;Choque;1;0;0;0;0;0;0;0;0;0;1;0;0;0;0
07/04/2023;17:00:00;264;Sem vítima;177,400;BR-50/MG;Decrescente;Choque;1;0;0;0;0;0;0;0;0;0;1;0;0;0;0
07/04/2023;17:08:00;267;Sem vítima;177,555;BR-50/MG;Decrescente;Colisão lateral no mesmo sentido;0;0;0;0;0;1;0;0;0;0;1;0;0;0;0
07/04/2023;18:57:00;290;Sem vítima;156,000;BR-50/MG;Decrescente;Choque;1;0;0;0;0;0;0;0;0;0;1;0;0;0;0
07/04/2023;20:34:00;308;Sem vítima;146,800;BR-50/MG;Crescente;Choque;1;0;0;0;0;0;0;0;0;0;0;0;0;0;0
07/04/2023;21:33:00;320;Sem vítima;18,000;Contorno de Uberlândia/MG;Decrescente;Choque;1;0;0;0;0;0;0;0;0;0;1;0;0;0;0
08/04/2023;02:12:00;7;Sem vítima;15,000;Contorno de Uberlândia/MG;Decrescente;Choque;1;0;0;0;0;0;0;0;0;0;1;0;0;0;0
08/04/2023;13:24:00;133;Com vítima;171,850;BR-50/MG;Crescente;Tombamento;0;0;0;0;0;1;0;0;0;0;0;1;0;0;0
08/04/2023;15:34:00;150;Com vítima;123,000;BR-50/MG;Crescente;Choque;1;0;0;0;0;0;0;0;0;0;0;1;0;0;0
08/04/2023;17:11:00;176;Sem vítima;257,600;BR-50/MG;Decrescente;Choque;0;0;0;0;0;0;0;0;0;1;1;0;0;0;0
08/04/2023;17:13:00;178;Sem vítima;259,300;BR-50/MG;Decrescente;Choque;1;0;0;0;0;0;0;0;0;0;1;0;0;0;0
08/04/2023;20:52:00;226;Sem vítima;17,000;BR-50/MG;Decrescente;Choque;1;0;0;0;0;0;0;0;0;0;1;0;0;0;0
09/04/2023;02:22:00;12;Sem vítima;97,100;BR-50/MG;Crescente;Atropelamento de animal;1;0;0;0;0;0;0;0;0;0;0;0;0;0;0
09/04/2023;05:25:00;22;Sem vítima;55,600;BR-50/MG;Decrescente;Choque;0;0;0;0;0;1;0;0;0;0;0;0;0;0;0
09/04/2023;13:43:00;136;Com vítima;187,000;BR-50/MG;Decrescente;Capotamento;1;0;0;0;0;0;0;0;0;0;0;1;0;0;0
09/04/2023;14:47:00;163;Sem vítima;199,800;BR-50/MG;Crescente;Atropelamento de animal;1;0;0;0;0;0;0;0;0;0;1;0;0;0;0
09/04/2023;15:43:00;190;Sem vítima;17,000;BR-50/MG;Decrescente;Choque;1;0;0;0;0;0;0;0;0;0;1;0;0;0;0
09/04/2023;16:01:00;197;Sem vítima;17,000;BR-50/MG;Decrescente;Choque;1;0;0;0;0;0;0;0;0;0;1;0;0;0;0
09/04/2023;16:15:00;207;Com vítima;24,500;BR-50/MG;Decrescente;Choque;1;0;0;0;0;0;0;0;0;0;0;0;1;0;0
09/04/2023;16:39:00;219;Sem vítima;91,000;BR-50/MG;Crescente;Choque;1;0;0;0;0;0;0;0;0;0;1;0;0;0;0
09/04/2023;16:52:00;226;Sem vítima;196,000;BR-50/MG;Decrescente;Colisão traseira;0;0;0;0;0;1;0;0;0;0;0;0;0;0;0
09/04/2023;17:34:00;241;Com vítima;18,250;Contorno de Uberlândia/MG;Crescente;Colisão traseira;0;1;0;0;0;0;0;0;0;0;0;0;1;0;0
09/04/2023;18:27:00;256;Sem vítima;180,000;BR-50/MG;Crescente;Colisão traseira;1;0;0;0;0;0;0;0;0;0;1;0;0;0;0
09/04/2023;18:44:00;265;Com vítima;268,500;BR-50/MG;Crescente;Colisão lateral no mesmo sentido;1;0;0;0;0;1;0;0;0;0;1;0;1;0;0
09/04/2023;18:45:00;286;Sem vítima;268,300;BR-50/MG;Crescente;Colisão traseira;0;0;0;0;0;0;0;0;0;1;1;0;0;0;0
09/04/2023;21:01:00;314;Sem vítima;119,200;BR-50/MG;Crescente;Colisão transversal;0;0;0;0;0;1;0;0;0;0;0;0;0;0;0
10/04/2023;05:55:00;30;Com vítima;37,800;BR-50/MG;Decrescente;Choque;0;0;0;0;0;1;0;0;0;0;1;0;0;0;0
10/04/2023;07:51:00;73;Sem vítima;41,760;BR-50/MG;Decrescente;Capotamento;1;0;0;0;0;0;0;0;0;0;1;0;0;0;0
10/04/2023;08:32:00;93;Com vítima;121,700;BR-50/MG;Decrescente;Choque;1;0;0;0;0;0;0;0;0;0;0;1;0;0;0
10/04/2023;11:34:00;195;Com vítima;243,950;BR-50/MG;Decrescente;Choque;1;0;0;0;0;0;0;0;0;0;0;1;0;0;0
10/04/2023;13:03:00;227;Sem vítima;29,600;BR-50/MG;Decrescente;Choque;1;0;0;0;0;0;0;0;0;0;1;0;0;0;0
10/04/2023;15:45:00;282;Sem vítima;202,700;BR-50/MG;Decrescente;Choque;1;0;0;0;0;0;0;0;0;0;1;0;0;0;0
10/04/2023;17:49:00;319;Sem vítima;97,000;BR-50/MG;Decrescente;Colisão transversal;1;0;0;0;0;0;0;0;0;0;1;0;0;0;0
10/04/2023;19:05:00;351;Com vítima;276,950;BR-50/MG;Crescente;Colisão transversal;0;0;0;0;1;0;0;0;0;0;1;0;0;0;0
10/04/2023;19:30:00;354;Sem vítima;107,750;BR-50/MG;Crescente;Capotamento;1;0;0;0;0;0;0;0;0;0;2;0;0;0;0
10/04/2023;21:14:00;379;Sem vítima;105,800;BR-50/MG;Decrescente;Choque;1;0;0;0;0;0;0;0;0;0;1;0;0;0;0
12/04/2023;04:03:00;8;Sem vítima;158,900;BR-50/MG;Decrescente;Choque;0;0;0;0;0;1;0;0;0;0;2;0;0;0;0
12/04/2023;09:21:00;99;Com vítima;198,000;BR-50/MG;Decrescente;Colisão traseira;1;0;0;0;0;0;0;0;0;0;0;1;0;0;0
12/04/2023;13:38:00;177;Sem vítima;26,400;BR-50/MG;Crescente;Choque;1;0;0;0;0;0;0;0;0;0;1;0;0;0;0
12/04/2023;15:31:00;205;Com vítima;89,350;BR-50/MG;Crescente;Capotamento;0;0;0;0;0;0;0;0;0;1;0;0;1;0;0
12/04/2023;16:38:00;225;Com vítima;115,400;BR-50/MG;Crescente;Capotamento;1;0;0;0;0;0;0;0;0;0;0;1;0;0;0
12/04/2023;20:17:00;278;Sem vítima;164,700;BR-50/MG;Decrescente;Choque;0;0;1;0;0;0;0;0;0;0;1;0;0;0;0
12/04/2023;20:53:00;283;Sem vítima;131,200;BR-50/MG;Decrescente;Colisão traseira;0;0;0;0;0;1;0;0;0;1;1;0;0;0;0
12/04/2023;23:18:00;297;Sem vítima;137,000;BR-50/MG;Crescente;Colisão traseira;0;0;0;0;0;1;0;0;0;0;1;0;0;0;0
13/04/2023;14:11:00;209;Com vítima;152,000;BR-50/MG;Crescente;Choque;1;0;0;0;0;0;0;0;0;0;1;0;0;0;0
13/04/2023;15:14:00;241;Sem vítima;140,800;BR-50/MG;Crescente;Choque;0;0;1;0;0;0;0;0;0;0;1;0;0;0;0
13/04/2023;17:58:00;268;Com vítima;183,500;BR-50/MG;Crescente;Queda de moto;0;0;0;1;0;0;0;0;0;0;0;1;0;0;0
13/04/2023;21:29:00;313;Com vítima;264,900;BR-50/MG;Crescente;Choque;0;0;0;0;0;1;0;0;0;0;0;1;0;0;0
14/04/2023;06:07:00;32;Sem vítima;272,000;BR-50/MG;Crescente;Choque;0;0;0;0;0;0;0;0;0;1;1;0;0;0;0
14/04/2023;10:42:00;152;Sem vítima;245,000;BR-50/MG;Crescente;Atropelamento de animal;0;0;0;0;0;0;0;0;0;1;1;0;0;0;0
14/04/2023;15:04:00;233;Sem vítima;167,350;BR-50/MG;Crescente;Colisão lateral no mesmo sentido;0;0;1;0;0;0;0;0;0;0;1;0;0;0;0
14/04/2023;15:54:00;246;Sem vítima;169,900;BR-50/MG;Decrescente;Choque;0;0;0;0;0;1;0;0;0;0;1;0;0;0;0
14/04/2023;16:58:00;270;Sem vítima;198,000;BR-50/MG;Decrescente;Colisão traseira;0;0;0;0;0;0;0;0;0;1;1;0;0;0;0
14/04/2023;17:13:00;277;Sem vítima;196,700;BR-50/MG;Decrescente;Choque;1;0;0;0;0;0;0;0;0;0;1;0;0;0;0
14/04/2023;22:49:00;351;Sem vítima;54,820;BR-50/MG;Crescente;Colisão lateral no mesmo sentido;0;0;1;0;0;0;0;0;0;0;1;0;0;0;0
15/04/2023;08:00:00;74;Sem vítima;58,900;BR-50/MG;Decrescente;Choque;1;0;0;0;0;0;0;0;0;0;1;0;0;0;0
16/04/2023;04:04:00;22;Sem vítima;177,300;BR-50/MG;Crescente;Colisão lateral no mesmo sentido;0;0;0;0;0;0;0;0;0;1;1;0;0;0;0
16/04/2023;09:10:00;86;Com vítima;21,470;BR-50/MG;Crescente;Colisão traseira;0;0;0;0;0;1;0;0;0;0;0;0;0;0;0
16/04/2023;10:39:00;115;Com vítima;168,300;BR-50/MG;Decrescente;Tombamento;0;0;0;0;0;1;0;0;0;0;0;0;1;0;0
16/04/2023;14:46:00;171;Com vítima;261,100;BR-50/MG;Crescente;Capotamento;0;0;0;0;0;0;0;0;0;1;0;0;1;0;0
16/04/2023;20:14:00;259;Sem vítima;269,720;BR-50/MG;Crescente;Colisão traseira;0;0;0;0;0;1;0;0;0;0;0;0;0;0;0
17/04/2023;14:22:00;217;Sem vítima;97,000;BR-50/MG;Decrescente;Colisão transversal;1;0;0;0;0;0;0;0;0;0;1;0;0;0;0
17/04/2023;14:34:00;220;Sem vítima;20,820;BR-50/MG;Decrescente;Choque;0;0;1;0;0;0;0;0;0;0;1;0;0;0;0
17/04/2023;23:14:00;362;Com vítima;109,000;BR-50/MG;Decrescente;Atropelamento de pedestre;0;0;0;0;0;0;0;0;0;0;0;0;1;0;0
18/04/2023;07:05:00;40;Sem vítima;97,700;BR-50/MG;Crescente;Colisão transversal;1;0;0;0;0;0;0;0;0;0;1;0;0;0;0
18/04/2023;10:51:00;164;Sem vítima;14,000;BR-50/MG;Decrescente;Colisão traseira;0;0;0;0;0;0;0;0;0;1;1;0;0;0;0
18/04/2023;18:52:00;335;Com vítima;184,750;BR-50/MG;Crescente;Choque;0;0;0;1;0;0;0;0;0;0;0;1;0;0;0
19/04/2023;06:32:00;44;Sem vítima;313,400;BR-50/MG;Crescente;Choque;0;0;0;0;0;1;0;0;0;0;1;0;0;0;0
19/04/2023;07:41:00;91;Sem vítima;313,300;BR-50/MG;Crescente;Choque;1;0;0;0;0;0;0;0;0;0;1;0;0;0;0
19/04/2023;11:54:00;208;Sem vítima;62,850;BR-50/MG;Decrescente;Choque;1;0;0;0;0;0;0;0;0;0;1;0;0;0;0
19/04/2023;14:00:00;246;Sem vítima;133,800;BR-50/MG;Decrescente;Carreta deu L;0;0;0;0;0;1;0;0;0;0;1;0;0;0;0
19/04/2023;15:32:00;266;Sem vítima;16,450;Contorno de Uberlândia/MG;Decrescente;Colisão lateral no mesmo sentido;0;0;0;0;0;1;0;0;0;0;0;0;0;0;0
19/04/2023;15:48:00;276;Sem vítima;100,000;BR-50/MG;Crescente;Choque;1;0;0;0;0;0;0;0;0;0;1;0;0;0;0
20/04/2023;02:16:00;12;Sem vítima;238,500;BR-50/MG;Crescente;Choque;1;0;0;0;0;0;0;0;0;0;1;0;0;0;0
20/04/2023;20:58:00;337;Com vítima;64,000;BR-50/MG;Crescente;Colisão traseira;0;0;0;0;0;0;0;0;0;1;0;1;0;0;0
21/04/2023;00:03:00;2;Com vítima;215,900;BR-50/MG;Crescente;Colisão traseira;0;0;0;0;0;1;0;0;0;0;1;0;0;0;0
21/04/2023;10:13:00;119;Sem vítima;81,000;BR-50/MG;Crescente;Choque;1;0;0;0;0;0;0;0;0;0;1;0;0;0;0
21/04/2023;16:12:00;216;Com vítima;173,100;BR-50/MG;Decrescente;Queda de moto;0;0;0;1;0;0;0;0;0;0;0;1;0;0;0
22/04/2023;05:05:00;28;Sem vítima;15,000;BR-50/MG;Decrescente;Choque;1;0;0;0;0;0;0;0;0;0;1;0;0;0;0
22/04/2023;09:31:00;93;Sem vítima;51,200;BR-50/MG;Crescente;Colisão lateral no mesmo sentido;1;0;0;0;0;0;0;0;0;0;1;0;0;0;0
22/04/2023;11:25:00;134;Sem vítima;101,000;BR-50/MG;Decrescente;Queda de moto;0;0;0;1;0;0;0;0;0;0;0;0;0;0;0
22/04/2023;18:19:00;248;Com vítima;36,400;BR-50/MG;Decrescente;Capotamento;1;0;0;0;0;0;0;0;0;0;0;0;1;0;0
22/04/2023;21:13:00;274;Com vítima;89,000;BR-50/MG;Crescente;Queda de moto;0;0;0;1;0;0;0;0;0;0;0;1;0;0;0
23/04/2023;14:03:00;171;Com vítima;161,820;BR-50/MG;Crescente;Capotamento;1;0;0;0;0;0;0;0;0;0;1;0;0;0;0
23/04/2023;16:16:00;220;Com vítima;95,700;BR-50/MG;Decrescente;Atropelamento de pedestre;0;1;0;0;0;0;0;0;0;0;0;1;0;0;0
23/04/2023;18:15:00;266;Sem vítima;197,000;BR-50/MG;Crescente;Colisão lateral no mesmo sentido;1;0;0;0;0;0;0;0;0;0;1;0;0;0;0
23/04/2023;18:23:00;268;Sem vítima;272,000;BR-50/MG;Crescente;Choque;1;0;0;0;0;0;0;0;0;0;1;0;0;0;0
23/04/2023;18:41:00;271;Sem vítima;246,400;BR-50/MG;Crescente;Colisão traseira;0;0;0;0;0;1;0;0;0;0;1;0;0;0;0
24/04/2023;07:25:00;39;Com vítima;152,000;BR-50/MG;Decrescente;Colisão traseira;0;0;0;0;0;1;0;0;0;0;1;0;0;0;0
24/04/2023;13:56:00;155;Sem vítima;83,500;BR-50/MG;Crescente;Colisão lateral no mesmo sentido;0;0;0;0;0;1;0;0;0;0;1;0;0;0;0
24/04/2023;15:59:00;199;Sem vítima;210,560;BR-50/MG;Crescente;Choque;1;0;0;0;0;0;0;0;0;0;1;0;0;0;0
24/04/2023;17:15:00;215;Com vítima;208,050;BR-50/MG;Crescente;Choque;1;0;0;0;0;0;0;0;0;0;1;0;0;0;0
24/04/2023;18:16:00;224;Com vítima;98,000;BR-50/MG;Decrescente;Colisão transversal;0;0;0;0;0;0;0;0;0;1;1;0;0;0;0
25/04/2023;13:18:00;163;Com vítima;236,500;BR-50/MG;Crescente;Tombamento;0;0;0;0;0;1;0;0;0;0;0;1;0;0;0
25/04/2023;15:03:00;188;Sem vítima;234,700;BR-50/MG;Decrescente;Tombamento;0;0;1;0;0;0;0;0;0;0;1;0;0;0;0
26/04/2023;04:01:00;27;Com vítima;188,700;BR-50/MG;Crescente;Queda de moto;0;0;0;1;0;0;0;0;0;0;0;1;0;0;0
26/04/2023;06:24:00;48;Sem vítima;198,500;BR-50/MG;Crescente;Choque;1;0;0;0;0;0;0;0;0;0;3;0;0;0;0
26/04/2023;10:35:00;173;Com vítima;273,000;BR-50/MG;Crescente;Choque;0;0;0;0;0;0;0;0;0;1;0;0;0;1;0
26/04/2023;13:03:00;236;Sem vítima;182,500;BR-50/MG;Crescente;Colisão traseira;1;0;0;0;0;0;0;0;0;0;1;0;0;0;0
26/04/2023;17:03:00;300;Sem vítima;18,400;BR-50/MG;Crescente;Choque;1;0;0;0;0;0;0;0;0;0;1;0;0;0;0
26/04/2023;17:08:00;303;Sem vítima;175,350;BR-50/MG;Decrescente;Choque;1;0;0;0;0;0;0;0;0;0;1;0;0;0;0
27/04/2023;05:05:00;19;Com vítima;181,200;BR-50/MG;Decrescente;Capotamento;1;0;0;0;0;0;0;0;0;0;0;1;0;0;0
27/04/2023;05:46:00;21;Com vítima;138,200;BR-50/MG;Decrescente;Atropelamento de pedestre;0;0;0;0;0;1;0;0;0;0;0;0;1;0;0
27/04/2023;07:55:00;71;Sem vítima;233,120;BR-50/MG;Crescente;Engavetamento;0;0;1;0;0;0;0;0;0;0;1;0;0;0;0
27/04/2023;13:27:00;190;Sem vítima;290,480;BR-50/MG;Decrescente;Tombamento;0;0;1;0;0;0;0;0;0;0;0;0;0;0;0
27/04/2023;19:42:00;309;Com vítima;123,660;BR-50/MG;Decrescente;Capotamento;1;0;0;0;0;0;0;0;0;0;0;1;0;0;0
27/04/2023;23:30:00;342;Sem vítima;147,000;BR-50/MG;Crescente;Atropelamento de animal;0;0;0;0;1;0;0;0;0;0;1;0;0;0;0
28/04/2023;01:29:00;11;Sem vítima;34,000;BR-50/MG;Decrescente;Tombamento;0;0;1;0;0;0;0;0;0;0;1;0;0;0;0
28/04/2023;04:29:00;23;Com vítima;234,800;BR-50/MG;Decrescente;Choque;0;0;0;0;0;1;0;0;0;0;0;1;0;0;0
28/04/2023;04:49:00;28;Sem vítima;13,400;Contorno de Uberlândia/MG;Crescente;Atropelamento de animal;1;0;0;0;0;0;0;0;0;0;1;0;0;0;0