data;horario;n_da_ocorrencia;tipo_de_ocorrencia;km;trecho;sentido;tipo_de_acidente;automovel;bicicleta;caminhao;moto;onibus;outros;tracao_animal;transporte_de_cargas_especiais;trator_maquinas;utilitarios;ilesos;levemente_feridos;moderadamente_feridos;gravemente_feridos;mortos
18/06/2023;09:59:00;97;Com vítima;298,400;BR-50/MG;Decrescente;Choque;0;0;0;0;0;1;0;0;0;0;0;0;0;0;0
18/06/2023;17:18:00;256;Com vítima;90,300;BR-50/MG;Decrescente;Colisão lateral no mesmo sentido;1;0;0;0;0;0;0;0;0;0;0;0;1;0;0
18/06/2023;19:18:00;301;Sem vítima;38,200;BR-50/MG;Decrescente;Choque;0;0;0;0;0;1;0;0;0;0;0;0;0;0;0
18/06/2023;21:50:00;329;Sem vítima;243,600;BR-50/MG;Crescente;Choque;0;0;0;0;0;1;0;0;0;0;1;0;0;0;0
18/06/2023;22:16:00;333;Sem vítima;164,700;BR-50/MG;Decrescente;Choque;1;0;0;0;0;0;0;0;0;0;1;0;0;0;0
19/06/2023;00:14:00;4;Sem vítima;178,700;BR-50/MG;Decrescente;Colisão lateral em sentido contrário;1;0;0;0;0;0;0;0;0;0;1;0;0;0;0
19/06/2023;08:57:00;98;Sem vítima;166,000;BR-50/MG;Decrescente;Colisão traseira;0;0;1;0;0;0;0;0;0;0;1;0;0;0;0
19/06/2023;14:06:00;220;Sem vítima;180,700;BR-50/MG;Decrescente;Choque;0;0;0;0;0;0;0;0;0;1;1;0;0;0;0
19/06/2023;18:38:00;294;Sem vítima;199,000;BR-50/MG;Decrescente;Colisão traseira;0;0;0;0;0;0;0;0;0;1;1;0;0;0;0
19/06/2023;20:05:00;316;Sem vítima;138,000;BR-50/MG;Decrescente;Choque;1;0;0;0;0;0;0;0;0;0;1;0;0;0;0
19/06/2023;20:24:00;317;Sem vítima;155,000;BR-50/MG;Decrescente;Choque;1;0;0;0;0;0;0;0;0;0;1;0;0;0;0
19/06/2023;23:44:00;348;Com vítima;89,050;BR-50/MG;Decrescente;Tombamento;0;0;0;0;0;1;0;0;0;0;0;1;0;0;0
20/06/2023;06:11:00;26;Sem vítima;204,200;BR-50/MG;Crescente;Colisão lateral no mesmo sentido;0;0;0;0;0;1;0;0;0;0;0;0;0;0;0
20/06/2023;06:19:00;27;Com vítima;118,850;BR-50/MG;Decrescente;Tombamento;0;0;0;0;0;0;0;0;0;1;0;1;0;0;0
20/06/2023;16:17:00;244;Com vítima;244,300;BR-50/MG;Crescente;Tombamento;0;0;0;0;0;1;0;0;0;0;0;0;1;0;0
20/06/2023;17:29:00;269;Com vítima;54,000;BR-50/MG;Decrescente;Engavetamento;0;0;0;0;0;1;0;0;0;0;0;0;0;0;0
20/06/2023;18:08:00;282;Com vítima;166,000;BR-50/MG;Decrescente;Colisão traseira;0;0;0;0;0;0;0;0;0;1;0;0;0;0;0
20/06/2023;18:55:00;295;Com vítima;238,800;BR-50/MG;Crescente;Atropelamento de animal;0;0;0;0;0;0;0;0;0;0;0;0;0;0;0
20/06/2023;21:04:00;319;Com vítima;269,400;BR-50/MG;Crescente;Choque;1;0;0;0;0;0;0;0;0;0;0;0;0;0;0
21/06/2023;00:31:00;5;Com vítima;122,200;BR-50/MG;Decrescente;Capotamento;0;0;1;0;0;0;0;0;0;0;0;0;1;0;0
21/06/2023;13:10:00;194;Com vítima;293,500;BR-50/MG;Decrescente;Choque;1;0;0;0;0;0;0;0;0;0;0;0;0;0;0
21/06/2023;15:32:00;251;Com vítima;125,000;BR-50/MG;Crescente;Atropelamento de animal;0;0;0;0;0;0;0;0;0;0;0;0;0;0;0
21/06/2023;17:37:00;302;Com vítima;107,000;BR-50/MG;Decrescente;Choque;0;0;1;0;0;0;0;0;0;0;0;1;0;0;0
22/06/2023;04:24:00;21;Sem vítima;125,800;BR-50/MG;Crescente;Choque;0;0;0;0;0;0;0;0;0;1;1;0;0;0;0
22/06/2023;18:22:00;346;Sem vítima;60,000;BR-50/MG;Crescente;Queda de moto;0;0;0;1;0;0;0;0;0;0;1;0;0;0;0
22/06/2023;20:53:00;376;Sem vítima;51,272;BR-50/MG;Crescente;Choque;0;0;0;0;1;0;0;0;0;0;2;0;0;0;0
23/06/2023;08:28:00;88;Sem vítima;29,100;BR-50/MG;Crescente;Colisão traseira;0;0;0;0;0;1;0;0;0;0;2;0;0;0;0
23/06/2023;16:27:00;270;Com vítima;38,600;BR-50/MG;Crescente;Choque;0;0;0;0;0;0;0;0;0;1;0;2;0;0;0
23/06/2023;19:43:00;319;Sem vítima;206,800;BR-50/MG;Crescente;Colisão traseira;1;0;0;0;0;0;0;0;0;0;1;0;0;0;0
23/06/2023;20:28:00;336;Sem vítima;272,200;BR-50/MG;Crescente;Choque;1;0;0;0;0;0;0;0;0;0;1;0;0;0;0
23/06/2023;22:09:00;359;Com vítima;189,000;BR-50/MG;Decrescente;Colisão traseira;0;0;0;0;0;1;0;0;0;0;0;0;0;0;0
24/06/2023;07:11:00;48;Com vítima;100,800;BR-50/MG;Decrescente;Atropelamento de pedestre;0;0;0;0;0;0;0;0;0;0;0;0;0;0;1
25/06/2023;03:33:00;19;Sem vítima;9,000;Contorno de Uberlândia/MG;Crescente;Atropelamento de animal;0;0;0;0;0;0;0;0;0;1;1;0;0;0;0
25/06/2023;08:38:00;79;Com vítima;174,450;BR-50/MG;Crescente;Capotamento;0;0;0;0;0;0;0;0;0;1;0;0;1;0;0
25/06/2023;16:23:00;232;Com vítima;206,600;BR-50/MG;Decrescente;Choque;0;0;1;0;0;0;0;0;0;0;0;1;0;0;0
25/06/2023;17:33:00;258;Com vítima;174,150;BR-50/MG;Decrescente;Colisão traseira;0;0;0;0;0;1;0;0;0;0;0;0;0;0;0
25/06/2023;18:40:00;271;Com vítima;172,900;BR-50/MG;Crescente;Choque;1;0;0;0;0;0;0;0;0;0;1;0;0;0;0
25/06/2023;20:40:00;296;Sem vítima;269,000;BR-50/MG;Crescente;Choque;1;0;0;0;0;0;0;0;0;0;1;0;0;0;0
25/06/2023;21:35:00;308;Sem vítima;270,000;BR-50/MG;Crescente;Choque;1;0;0;0;0;0;0;0;0;0;1;0;0;0;0
26/06/2023;05:52:00;22;Com vítima;248,500;BR-50/MG;Decrescente;Colisão traseira;0;0;0;0;0;1;0;0;0;0;0;0;0;0;0
26/06/2023;10:40:00;148;Com vítima;153,400;BR-50/MG;Decrescente;Choque;1;0;0;0;0;0;0;0;0;0;1;0;0;0;0
26/06/2023;14:14:00;230;Sem vítima;99,900;BR-50/MG;Crescente;Choque;0;0;1;0;0;0;0;0;0;0;1;0;0;0;0
26/06/2023;20:12:00;319;Sem vítima;49,600;BR-50/MG;Crescente;Choque;0;0;0;0;0;0;0;0;0;1;1;0;0;0;0
27/06/2023;07:08:00;46;Sem vítima;38,000;BR-50/MG;Decrescente;Colisão traseira;0;0;0;0;0;1;0;0;0;0;1;0;0;0;0
27/06/2023;13:12:00;183;Sem vítima;47,000;BR-50/MG;Crescente;Colisão lateral no mesmo sentido;0;0;0;0;0;1;0;0;0;0;0;0;0;0;0
27/06/2023;16:32:00;235;Com vítima;166,050;BR-50/MG;Crescente;Colisão traseira;1;0;0;0;0;0;0;0;0;0;1;0;0;0;0
28/06/2023;06:23:00;31;Com vítima;199,000;BR-50/MG;Decrescente;Colisão traseira;0;0;1;0;0;0;0;0;0;0;1;0;0;0;0
28/06/2023;06:37:00;36;Com vítima;166,600;BR-50/MG;Crescente;Capotamento;1;0;0;0;0;0;0;0;0;0;0;1;0;0;0
28/06/2023;07:21:00;60;Com vítima;176,900;BR-50/MG;Decrescente;Queda de moto;0;0;0;1;0;0;0;0;0;0;0;0;0;0;1
28/06/2023;18:34:00;268;Sem vítima;28,700;BR-50/MG;Crescente;Colisão traseira;0;0;1;0;0;0;0;0;0;0;1;0;0;0;0
29/06/2023;11:55:00;193;Sem vítima;77,300;BR-50/MG;Decrescente;Colisão traseira;0;0;0;0;0;1;0;0;0;0;0;0;0;0;0
29/06/2023;13:19:00;216;Sem vítima;195,200;BR-50/MG;Crescente;Colisão traseira;0;0;0;0;0;0;0;0;0;1;1;0;0;0;0
29/06/2023;14:06:00;230;Com vítima;0,430;Contorno de Uberlândia/MG;Crescente;Tombamento;0;0;0;0;0;1;0;0;0;0;0;1;0;0;0
29/06/2023;15:31:00;266;Sem vítima;292,000;BR-50/MG;Decrescente;Choque;1;0;0;0;0;0;0;0;0;0;1;0;0;0;0
30/06/2023;13:31:00;229;Com vítima;97,200;BR-50/MG;Decrescente;Colisão transversal;1;0;0;0;0;0;0;0;0;0;1;0;0;0;0
30/06/2023;21:35:00;367;Com vítima;174,000;BR-50/MG;Decrescente;Queda de moto;0;0;0;1;0;0;0;0;0;0;0;1;0;0;0
01/07/2023;20:12:00;288;Sem vítima;101,800;BR-50/MG;Crescente;Choque;0;0;1;0;0;0;0;0;0;0;1;0;0;0;0
02/07/2023;00:28:00;6;Com vítima;261,450;BR-50/MG;Crescente;Choque;0;0;0;0;0;0;0;0;0;1;0;0;1;0;0
02/07/2023;02:03:00;18;Sem vítima;274,000;BR-50/MG;Decrescente;Choque;1;0;0;0;0;0;0;0;0;0;1;0;0;0;0
02/07/2023;05:08:00;34;Sem vítima;48,700;BR-50/MG;Crescente;Capotamento;1;0;0;0;0;0;0;0;0;0;1;0;0;0;0
02/07/2023;08:26:00;69;Com vítima;47,000;BR-50/MG;Decrescente;Choque;0;0;0;1;0;0;0;0;0;0;0;0;1;0;0
02/07/2023;15:19:00;181;Sem vítima;45,000;BR-50/MG;Decrescente;Colisão traseira;0;0;0;0;0;1;0;0;0;0;1;0;0;0;0
02/07/2023;17:00:00;217;Com vítima;150,800;BR-50/MG;Crescente;Capotamento;1;0;0;0;0;0;0;0;0;0;0;1;0;0;0
03/07/2023;03:16:00;15;Com vítima;2,272;BR-50/MG;Decrescente;Colisão traseira;0;0;0;0;0;1;0;0;0;0;0;0;0;0;0
03/07/2023;07:15:00;56;Com vítima;204,000;BR-50/MG;Decrescente;Choque;0;0;0;0;0;0;0;0;0;1;1;0;0;0;0
03/07/2023;14:53:00;239;Com vítima;157,550;BR-50/MG;Decrescente;Capotamento;0;0;0;0;0;0;0;0;0;1;1;0;0;0;0
03/07/2023;19:12:00;320;Com vítima;105,000;BR-50/MG;Decrescente;Colisão traseira;0;0;1;0;0;0;0;0;0;0;1;0;0;0;0
03/07/2023;21:17:00;343;Sem vítima;206,600;BR-50/MG;Crescente;Atropelamento de animal;0;0;0;0;0;0;0;0;0;0;0;0;0;0;0
04/07/2023;00:26:00;6;Sem vítima;141,200;BR-50/MG;Crescente;Atropelamento de animal;0;0;0;0;0;0;0;0;0;0;0;0;0;0;0
04/07/2023;20:23:00;300;Com vítima;176,150;BR-50/MG;Decrescente;Queda de moto;0;0;0;1;0;0;0;0;0;0;0;1;0;0;0
05/07/2023;01:01:00;7;Com vítima;151,000;BR-50/MG;Crescente;Atropelamento de animal;0;0;0;0;0;0;0;0;0;0;0;0;0;0;0
05/07/2023;01:49:00;13;Sem vítima;143,500;BR-50/MG;Decrescente;Atropelamento de animal;0;0;1;0;0;0;0;0;0;0;1;0;0;0;0
05/07/2023;07:00:00;42;Sem vítima;51,100;BR-50/MG;Decrescente;Colisão traseira;1;0;0;0;0;0;0;0;0;0;1;0;0;0;0
05/07/2023;13:33:00;187;Com vítima;287,000;BR-50/MG;Decrescente;Capotamento;1;0;0;0;0;0;0;0;0;0;0;1;0;0;0
06/07/2023;06:04:00;34;Sem vítima;141,500;BR-50/MG;Decrescente;Choque;0;0;0;0;0;0;0;0;0;1;1;0;0;0;0
06/07/2023;07:13:00;50;Com vítima;45,000;BR-50/MG;Crescente;Choque;1;0;0;0;0;0;0;0;0;0;0;1;0;0;0
06/07/2023;10:10:00;137;Sem vítima;96,000;BR-50/MG;Crescente;Colisão lateral no mesmo sentido;0;0;0;0;0;1;0;0;0;0;0;0;0;0;0
06/07/2023;12:13:00;171;Com vítima;204,000;BR-50/MG;Decrescente;Colisão traseira;1;0;0;0;0;0;0;0;0;0;0;0;1;0;0
06/07/2023;14:00:00;206;Sem vítima;294,100;BR-50/MG;Decrescente;Tombamento;0;0;1;0;0;0;0;0;0;0;1;0;0;0;0
06/07/2023;17:02:00;274;Com vítima;17,000;BR-50/MG;Decrescente;Colisão traseira;0;0;0;0;0;0;0;0;0;1;0;1;0;0;0
07/07/2023;08:36:00;99;Sem vítima;180,000;BR-50/MG;Decrescente;Queda de moto;0;0;0;1;0;0;0;0;0;0;2;0;0;0;0
07/07/2023;16:20:00;274;Sem vítima;84,351;BR-50/MG;Decrescente;Choque;1;0;0;0;0;0;0;0;0;0;1;0;0;0;0
07/07/2023;20:23:00;360;Com vítima;45,000;BR-50/MG;Crescente;Choque;0;0;0;0;0;1;0;0;0;0;0;1;0;0;0
07/07/2023;22:42:00;389;Sem vítima;156,500;BR-50/MG;Decrescente;Choque;1;0;0;0;0;0;0;0;0;0;1;0;0;0;0
08/07/2023;08:31:00;81;Sem vítima;16,800;Contorno de Uberlândia/MG;Crescente;Colisão lateral no mesmo sentido;0;0;0;0;0;0;0;0;0;1;1;0;0;0;0
08/07/2023;12:49:00;184;Com vítima;178,800;BR-50/MG;Crescente;Atropelamento de pedestre;0;0;0;0;0;1;0;0;0;0;0;0;0;0;0
08/07/2023;12:59:00;185;Sem vítima;178,400;BR-50/MG;Crescente;Colisão traseira;1;0;0;0;0;0;0;0;0;0;1;0;0;0;0
08/07/2023;15:46:00;236;Com vítima;171,700;BR-50/MG;Decrescente;Atropelamento de pedestre;0;0;0;0;0;0;0;0;0;0;0;0;0;1;0
08/07/2023;18:22:00;278;Com vítima;99,000;BR-50/MG;Decrescente;Colisão lateral no mesmo sentido;0;0;0;0;0;1;0;0;0;0;1;0;0;0;0
08/07/2023;19:19:00;290;Sem vítima;58,500;BR-50/MG;Crescente;Choque;1;0;0;0;0;0;0;0;0;0;1;0;0;0;0
08/07/2023;21:06:00;313;Com vítima;173,380;BR-50/MG;Crescente;Engavetamento;0;0;0;1;0;0;0;0;0;0;0;0;1;0;0
08/07/2023;21:11:00;315;Com vítima;55,110;BR-50/MG;Decrescente;Colisão traseira;0;0;0;0;0;1;0;0;0;0;1;0;0;0;0
08/07/2023;22:31:00;324;Com vítima;253,500;BR-50/MG;Crescente;Capotamento;0;0;0;0;0;0;0;0;0;0;0;0;0;0;0
08/07/2023;23:36:00;332;Sem vítima;175,300;BR-50/MG;Crescente;Choque;1;0;0;0;0;0;0;0;0;0;1;0;0;0;0
09/07/2023;05:00:00;36;Sem vítima;80,500;BR-50/MG;Crescente;Choque;1;0;0;0;0;0;0;0;0;0;1;0;0;0;0
09/07/2023;06:20:00;42;Com vítima;264,800;BR-50/MG;Crescente;Capotamento;0;0;0;0;0;0;0;0;0;1;1;0;0;0;0
09/07/2023;19:26:00;263;Sem vítima;118,500;BR-50/MG;Decrescente;Capotamento;0;0;0;0;0;1;0;0;0;0;0;0;0;0;0
10/07/2023;06:15:00;15;Sem vítima;307,600;BR-50/MG;Crescente;Choque;1;0;0;0;0;0;0;0;0;0;1;0;0;0;0
10/07/2023;06:51:00;21;Com vítima;139,800;BR-50/MG;Crescente;Colisão traseira;0;0;1;0;0;0;0;0;0;0;1;0;0;0;0
10/07/2023;08:01:00;50;Sem vítima;79,000;BR-50/MG;Decrescente;Colisão traseira;0;0;1;0;0;0;0;0;0;0;1;0;0;0;0
10/07/2023;09:19:00;80;Sem vítima;44,100;BR-50/MG;Crescente;Choque;1;0;0;0;0;0;0;0;0;0;1;0;0;0;0
10/07/2023;11:48:00;140;Sem vítima;157,000;BR-50/MG;Decrescente;Tombamento;0;0;0;0;0;1;0;0;0;0;1;0;0;0;0
10/07/2023;18:58:00;280;Com vítima;138,450;BR-50/MG;Crescente;Colisão traseira;0;0;0;0;0;0;0;0;0;1;0;0;1;0;0
11/07/2023;16:42:00;284;Sem vítima;13,000;BR-50/MG;Crescente;Colisão traseira;0;0;0;0;0;1;0;0;0;0;0;0;0;0;0
11/07/2023;18:49:00;338;Com vítima;237,500;BR-50/MG;Decrescente;Capotamento;1;0;0;0;0;0;0;0;0;0;0;0;0;1;0
12/07/2023;03:38:00;22;Sem vítima;146,100;BR-50/MG;Crescente;Choque;1;0;0;0;0;0;0;0;0;0;1;0;0;0;0
12/07/2023;12:08:00;198;Sem vítima;310,980;BR-50/MG;Decrescente;Choque;1;0;0;0;0;0;0;0;0;0;1;0;0;0;0
12/07/2023;18:18:00;326;Com vítima;151,600;BR-50/MG;Decrescente;Capotamento;0;0;0;0;0;0;0;0;0;1;0;1;0;0;0
12/07/2023;19:22:00;348;Sem vítima;95,700;BR-50/MG;Decrescente;Colisão lateral no mesmo sentido;0;0;0;1;0;0;0;0;0;0;0;0;0;0;0
13/07/2023;08:50:00;91;Com vítima;169,300;BR-50/MG;Decrescente;Colisão traseira;0;0;0;0;0;1;0;0;0;0;1;0;0;0;0
13/07/2023;09:27:00;109;Sem vítima;169,350;BR-50/MG;Decrescente;Colisão traseira;0;0;0;0;0;1;0;0;0;0;1;0;0;0;0
13/07/2023;11:27:00;154;Com vítima;177,000;BR-50/MG;Decrescente;Queda de moto;0;0;0;1;0;0;0;0;0;0;0;0;1;0;0
13/07/2023;12:53:00;185;Sem vítima;212,000;BR-50/MG;Decrescente;Choque;0;0;0;0;0;0;0;0;0;1;1;0;0;0;0
13/07/2023;13:01:00;187;Sem vítima;178,000;BR-50/MG;Decrescente;Choque;1;0;0;0;0;0;0;0;0;0;1;0;0;0;0
13/07/2023;21:10:00;345;Sem vítima;175,000;BR-50/MG;Crescente;Colisão lateral no mesmo sentido;1;0;0;0;0;0;0;0;0;0;1;0;0;0;0
13/07/2023;21:59:00;360;Sem vítima;250,000;BR-50/MG;Crescente;Tombamento;0;0;0;0;0;1;0;0;0;0;1;0;0;0;0
14/07/2023;14:20:00;212;Sem vítima;193,329;BR-50/MG;Crescente;Colisão traseira;0;0;0;0;0;0;0;0;0;1;1;0;0;0;0
14/07/2023;19:00:00;290;Sem vítima;14,000;BR-50/MG;Crescente;Colisão lateral no mesmo sentido;0;0;0;0;0;0;0;0;0;1;2;0;0;0;0
14/07/2023;19:46:00;305;Com vítima;20,050;Contorno de Uberlândia/MG;Crescente;Colisão lateral no mesmo sentido;0;0;0;1;0;0;0;0;0;0;0;2;0;0;0
14/07/2023;20:05:00;310;Sem vítima;52,600;BR-50/MG;Crescente;Colisão lateral no mesmo sentido;1;0;0;0;0;0;0;0;0;0;2;0;0;0;0
14/07/2023;20:15:00;313;Com vítima;19,600;Contorno de Uberlândia/MG;Crescente;Choque;1;0;0;0;0;0;0;0;0;0;0;2;0;0;0
15/07/2023;03:11:00;12;Sem vítima;279,900;BR-50/MG;Decrescente;Colisão frontal;1;0;0;0;0;0;0;0;0;0;2;0;0;0;0
15/07/2023;10:47:00;137;Com vítima;153,320;BR-50/MG;Decrescente;Colisão lateral no mesmo sentido;0;0;1;0;0;0;0;0;0;0;2;0;0;0;0
15/07/2023;18:37:00;308;Sem vítima;77,300;BR-50/MG;Decrescente;Choque;1;0;0;0;0;0;0;0;0;0;2;0;0;0;0
15/07/2023;20:01:00;327;Sem vítima;46,300;BR-50/MG;Crescente;Capotamento;1;0;0;0;0;0;0;0;0;0;1;0;0;0;0
15/07/2023;21:13:00;346;Sem vítima;96,200;BR-50/MG;Crescente;Colisão transversal;1;0;0;0;0;0;0;0;0;0;1;0;0;0;0
15/07/2023;22:40:00;371;Sem vítima;99,120;BR-50/MG;Crescente;Colisão lateral no mesmo sentido;1;0;0;0;0;0;0;0;0;0;1;0;0;0;0
16/07/2023;16:07:00;205;Com vítima;218,000;BR-50/MG;Crescente;Capotamento;0;0;0;0;0;0;0;0;0;1;0;0;1;0;0
16/07/2023;17:58:00;246;Sem vítima;41,000;BR-50/MG;Decrescente;Choque;1;0;0;0;0;0;0;0;0;0;1;0;0;0;0
16/07/2023;19:02:00;265;Com vítima;115,100;BR-50/MG;Decrescente;Queda de moto;0;0;0;1;0;0;0;0;0;0;0;0;1;0;0
17/07/2023;00:08:00;3;Sem vítima;281,300;BR-50/MG;Crescente;Capotamento;1;0;0;0;0;0;0;0;0;0;1;0;0;0;0
17/07/2023;07:15:00;50;Com vítima;181,200;BR-50/MG;Decrescente;Colisão lateral no mesmo sentido;0;0;0;0;0;1;0;0;0;0;1;0;0;0;0
17/07/2023;12:54:00;181;Com vítima;174,000;BR-50/MG;Decrescente;Capotamento;1;0;0;0;0;0;0;0;0;0;0;0;1;0;0
19/07/2023;01:59:00;12;Sem vítima;62,502;BR-50/MG;Crescente;Tombamento;1;0;0;0;0;0;0;0;0;0;2;0;0;0;0
19/07/2023;13:12:00;211;Com vítima;109,200;BR-50/MG;Decrescente;Tombamento;0;0;0;0;0;0;0;0;0;0;0;0;0;0;0
21/07/2023;16:03:00;263;Sem vítima;172,000;BR-50/MG;Crescente;Colisão lateral no mesmo sentido;0;0;0;0;0;0;0;0;0;0;0;0;0;0;0
22/07/2023;03:29:00;18;Com vítima;21,500;Contorno de Uberlândia/MG;Crescente;Colisão frontal;0;0;0;0;0;1;0;0;0;0;1;0;0;0;0
22/07/2023;13:46:00;169;Com vítima;198,900;BR-50/MG;Crescente;Capotamento;1;0;0;0;0;0;0;0;0;0;0;0;1;0;0
22/07/2023;19:05:00;251;Sem vítima;98,850;BR-50/MG;Crescente;Choque;1;0;0;0;0;0;0;0;0;0;1;0;0;0;0
22/07/2023;20:44:00;274;Sem vítima;79,200;BR-50/MG;Decrescente;Colisão traseira;0;0;0;1;0;0;0;0;0;0;1;0;0;0;0
22/07/2023;22:23:00;298;Com vítima;177,800;BR-50/MG;Crescente;Choque;1;0;0;0;0;0;0;0;0;0;1;0;0;0;0
22/07/2023;22:24:00;299;Com vítima;79,150;BR-50/MG;Crescente;Colisão traseira;1;0;0;0;0;0;0;0;0;0;0;1;0;0;0
23/07/2023;15:35:00;182;Sem vítima;197,000;BR-50/MG;Crescente;Choque;1;0;0;0;0;0;0;0;0;0;1;0;0;0;0
23/07/2023;15:42:00;185;Com vítima;57,900;BR-50/MG;Decrescente;Acidentes de outra natureza;0;0;0;1;0;0;0;0;0;0;0;1;0;0;0
23/07/2023;17:10:00;219;Sem vítima;180,200;BR-50/MG;Decrescente;Choque;1;0;0;0;0;0;0;0;0;0;1;0;0;0;0
24/07/2023;06:30:00;27;Sem vítima;109,700;BR-50/MG;Decrescente;Capotamento;0;0;0;0;0;0;0;0;0;1;2;0;0;0;0
24/07/2023;06:42:00;34;Sem vítima;176,380;BR-50/MG;Crescente;Colisão lateral no mesmo sentido;0;0;0;0;0;1;0;0;0;0;0;0;0;0;0
24/07/2023;09:09:00;124;Com vítima;281,200;BR-50/MG;Decrescente;Colisão traseira;1;0;0;1;0;0;0;0;0;0;1;1;0;0;0
24/07/2023;20:23:00;367;Com vítima;83,800;BR-50/MG;Decrescente;Engavetamento;0;0;0;0;0;0;0;0;0;1;1;0;0;0;0
25/07/2023;15:00:00;213;Sem vítima;265,000;BR-50/MG;Decrescente;Choque;0;0;0;0;0;1;0;0;0;0;1;0;0;0;0
25/07/2023;19:09:00;293;Sem vítima;104,000;BR-50/MG;Crescente;Colisão transversal;1;0;0;0;0;0;0;0;0;0;1;0;0;0;0
26/07/2023;07:21:00;46;Com vítima;159,200;BR-50/MG;Crescente;Capotamento;0;0;0;0;0;0;0;0;0;1;0;1;0;0;0
26/07/2023;08:28:00;74;Sem vítima;34,400;BR-50/MG;Decrescente;Choque;0;0;0;0;0;0;0;0;0;1;1;0;0;0;0
26/07/2023;08:47:00;86;Com vítima;138,400;BR-50/MG;Decrescente;Atropelamento de animal;1;0;0;0;0;0;0;0;0;0;0;0;1;0;0
26/07/2023;14:39:00;213;Sem vítima;153,000;BR-50/MG;Decrescente;Colisão traseira;0;0;0;0;0;1;0;0;0;0;0;0;0;0;0
26/07/2023;18:49:00;304;Com vítima;278,650;BR-50/MG;Decrescente;Colisão transversal;1;0;0;0;0;0;0;0;0;0;1;0;0;0;0
27/07/2023;03:28:00;20;Sem vítima;79,000;BR-50/MG;Crescente;Capotamento;0;0;0;0;0;1;0;0;0;0;0;0;0;0;0
27/07/2023;11:05:00;172;Sem vítima;185,000;BR-50/MG;Decrescente;Tombamento;0;0;0;0;0;1;0;0;0;0;1;0;0;0;0
27/07/2023;12:00:00;192;Sem vítima;178,800;BR-50/MG;Crescente;Choque;0;0;0;0;0;1;0;0;0;0;1;0;0;0;0
27/07/2023;16:38:00;303;Sem vítima;156,000;BR-50/MG;Crescente;Choque;0;0;0;0;0;0;0;0;0;1;1;0;0;0;0
27/07/2023;18:26:00;350;Sem vítima;138,130;BR-50/MG;Decrescente;Choque;1;0;0;0;0;0;0;0;0;0;1;0;0;0;0
27/07/2023;20:32:00;395;Sem vítima;131,000;BR-50/MG;Crescente;Choque;0;0;1;0;0;0;0;0;0;0;1;0;0;0;0
28/07/2023;07:09:00;45;Com vítima;14,703;Contorno de Uberlândia/MG;Crescente;Choque;0;0;0;1;0;0;0;0;0;0;0;1;0;0;0
28/07/2023;08:35:00;95;Sem vítima;98,200;BR-50/MG;Decrescente;Colisão transversal;0;0;0;0;0;0;0;0;0;1;1;0;0;0;0
28/07/2023;09:44:00;134;Sem vítima;124,500;BR-50/MG;Crescente;Colisão lateral no mesmo sentido;0;0;0;0;0;1;0;0;0;0;0;0;0;0;0
30/07/2023;00:30:00;4;Com vítima;121,700;BR-50/MG;Crescente;Tombamento;0;0;0;0;0;0;0;0;0;0;0;0;0;0;0
30/07/2023;13:41:00;170;Com vítima;191,000;BR-50/MG;Crescente;Colisão traseira;0;0;0;0;0;1;0;0;0;0;0;0;0;0;0
31/07/2023;18:29:00;330;Com vítima;178,800;BR-50/MG;Crescente;Colisão lateral no mesmo sentido;0;0;0;0;0;0;0;0;0;0;0;0;0;0;0
01/08/2023;00:39:00;6;Com vítima;113,000;BR-50/MG;Crescente;Colisão traseira;0;0;0;0;0;0;0;0;0;0;0;0;0;0;0
01/08/2023;07:03:00;43;Sem vítima;121,900;BR-50/MG;Decrescente;Choque;0;0;0;0;0;0;0;0;0;0;0;0;0;0;0
01/08/2023;14:41:00;235;Sem vítima;29,750;BR-50/MG;Decrescente;Choque;0;0;0;0;0;0;0;0;0;0;0;0;0;0;0
01/08/2023;16:13:00;282;Sem vítima;93,600;BR-50/MG;Decrescente;Colisão traseira;0;0;0;0;0;0;0;0;0;0;0;0;0;0;0
02/08/2023;07:58:00;68;Com vítima;96,000;BR-50/MG;Crescente;Colisão transversal;0;0;0;0;0;0;0;0;0;1;0;0;0;0;0
02/08/2023;09:55:00;120;Sem vítima;21,600;BR-50/MG;Decrescente;Colisão traseira;0;0;0;0;0;0;0;0;0;1;0;0;0;0;0
02/08/2023;16:51:00;244;Sem vítima;179,000;BR-50/MG;Decrescente;Colisão lateral no mesmo sentido;0;0;0;0;0;1;0;0;0;0;0;0;0;0;0
03/08/2023;02:25:00;12;Sem vítima;106,400;BR-50/MG;Decrescente;Choque;0;0;1;0;0;0;0;0;0;0;0;0;0;0;0
03/08/2023;14:59:00;244;Com vítima;178,800;BR-50/MG;Crescente;Colisão traseira;0;0;0;0;0;1;0;0;0;0;0;0;0;0;0
03/08/2023;17:25:00;298;Sem vítima;186,000;BR-50/MG;Decrescente;Engavetamento;0;0;0;0;0;1;0;0;0;0;0;0;0;0;0
03/08/2023;18:30:00;315;Com vítima;97,000;BR-50/MG;Decrescente;Colisão transversal;0;1;0;0;0;0;0;0;0;0;0;0;0;0;0
03/08/2023;21:18:00;359;Sem vítima;156,400;BR-50/MG;Decrescente;Choque;0;0;0;0;0;0;0;0;0;0;0;0;0;0;0
04/08/2023;10:28:00;155;Sem vítima;163,750;BR-50/MG;Crescente;Colisão traseira;0;0;0;0;0;0;0;0;0;0;0;0;0;0;0
04/08/2023;13:12:00;216;Com vítima;180,000;BR-50/MG;Crescente;Queda de moto;0;0;0;0;0;0;0;0;0;0;0;0;0;0;0
04/08/2023;15:51:00;279;Com vítima;114,030;BR-50/MG;Crescente;Capotamento;0;0;0;0;0;0;0;0;0;0;0;0;0;0;0
04/08/2023;18:13:00;327;Sem vítima;89,000;BR-50/MG;Decrescente;Choque;1;0;0;0;0;0;0;0;0;0;1;0;0;0;0
04/08/2023;19:14:00;344;Sem vítima;282,800;BR-50/MG;Crescente;Colisão transversal;1;0;0;0;0;0;0;0;0;0;1;0;0;0;0