data;horario;n_da_ocorrencia;tipo_de_ocorrencia;km;trecho;sentido;tipo_de_acidente;automovel;bicicleta;caminhao;moto;onibus;outros;tracao_animal;transporte_de_cargas_especiais;trator_maquinas;utilitarios;ilesos;levemente_feridos;moderadamente_feridos;gravemente_feridos;mortos
05/08/2023;17:09:00;284;Sem vítima;51,910;BR-50/MG;Decrescente;Choque;0;0;0;0;0;1;0;0;0;0;1;0;0;0;0
06/08/2023;06:42:00;43;Com vítima;179,100;BR-50/MG;Crescente;Colisão traseira;0;0;0;0;0;0;0;0;0;0;0;0;0;0;0
06/08/2023;07:05:00;47;Sem vítima;220,500;BR-50/MG;Decrescente;Choque;0;0;0;0;0;0;0;0;0;0;0;0;0;0;0
07/08/2023;11:42:00;153;Sem vítima;105,100;BR-50/MG;Crescente;Choque;0;0;0;0;0;0;0;0;0;0;0;0;0;0;0
07/08/2023;15:25:00;201;Com vítima;138,000;BR-50/MG;Crescente;Colisão traseira;0;0;0;0;0;2;0;0;0;0;1;0;1;0;0
07/08/2023;18:08:00;242;Sem vítima;172,000;BR-50/MG;Decrescente;Choque;0;0;0;0;0;0;0;0;0;0;0;0;0;0;0
08/08/2023;07:19:00;52;Sem vítima;169,600;BR-50/MG;Decrescente;Colisão lateral no mesmo sentido;0;0;0;0;0;1;0;0;0;0;0;0;0;0;0
08/08/2023;12:50:00;198;Sem vítima;29,200;BR-50/MG;Decrescente;Choque;1;0;0;0;0;0;0;0;0;0;1;0;0;0;0
08/08/2023;17:05:00;298;Sem vítima;171,900;BR-50/MG;Crescente;Colisão traseira;0;0;0;1;0;0;0;0;0;0;1;0;0;0;0
08/08/2023;18:40:00;330;Com vítima;34,000;BR-50/MG;Crescente;Engavetamento;0;0;0;0;0;1;0;0;0;0;1;0;0;0;0
08/08/2023;22:13:00;379;Com vítima;24,100;BR-50/MG;Crescente;Capotamento;1;0;0;0;0;0;0;0;0;0;0;1;0;0;0
09/08/2023;00:23:00;4;Com vítima;184,300;BR-50/MG;Decrescente;Colisão traseira;0;0;0;0;0;1;0;0;0;0;0;0;0;0;0
09/08/2023;00:38:00;6;Sem vítima;261,000;BR-50/MG;Crescente;Choque;1;0;0;0;0;0;0;0;0;0;1;0;0;0;0
09/08/2023;06:57:00;41;Sem vítima;29,500;BR-50/MG;Decrescente;Choque;0;0;0;0;0;0;0;0;0;1;1;0;0;0;0
09/08/2023;19:22:00;310;Sem vítima;299,000;BR-50/MG;Decrescente;Colisão traseira;0;0;1;0;0;0;0;0;0;0;1;0;0;0;0
09/08/2023;19:49:00;314;Sem vítima;154,000;BR-50/MG;Decrescente;Choque;0;0;0;0;0;0;0;0;0;1;1;0;0;0;0
10/08/2023;04:52:00;32;Sem vítima;29,300;BR-50/MG;Decrescente;Choque;0;0;1;0;0;0;0;0;0;0;1;0;0;0;0
10/08/2023;11:24:00;183;Sem vítima;165,800;BR-50/MG;Crescente;Engavetamento;1;0;0;0;0;0;0;0;0;1;2;0;0;0;0
10/08/2023;16:15:00;262;Sem vítima;128,000;BR-50/MG;Decrescente;Capotamento;1;0;0;0;0;0;0;0;0;0;1;0;0;0;0
10/08/2023;17:29:00;290;Com vítima;176,100;BR-50/MG;Decrescente;Colisão traseira;0;0;0;1;0;0;0;0;0;0;0;0;1;0;0
10/08/2023;18:56:00;314;Sem vítima;180,000;BR-50/MG;Decrescente;Colisão traseira;0;0;1;0;0;0;0;0;0;0;1;0;0;0;0
10/08/2023;20:00:00;330;Com vítima;290,400;BR-50/MG;Decrescente;Queda de bicicleta;0;1;0;0;0;0;0;0;0;0;0;1;0;0;0
11/08/2023;06:19:00;35;Com vítima;110,150;BR-50/MG;Decrescente;Colisão traseira;0;0;0;0;0;1;0;0;0;0;1;0;0;0;0
11/08/2023;07:01:00;56;Com vítima;280,000;BR-50/MG;Crescente;Colisão transversal;0;0;0;1;0;0;0;0;0;0;0;0;1;0;0
11/08/2023;07:38:00;69;Com vítima;174,050;BR-50/MG;Crescente;Queda de moto;0;0;0;1;0;0;0;0;0;0;0;1;0;0;0
11/08/2023;07:53:00;73;Com vítima;154,150;BR-50/MG;Crescente;Tombamento;0;0;0;0;0;1;0;0;0;0;0;0;1;0;0
12/08/2023;03:06:00;20;Com vítima;47,000;BR-50/MG;Decrescente;Atropelamento de pedestre;0;0;0;0;0;0;0;0;0;0;0;0;0;0;1
12/08/2023;21:25:00;376;Sem vítima;279,050;BR-50/MG;Decrescente;Colisão traseira;1;0;0;0;0;0;0;0;0;0;2;0;0;0;0
13/08/2023;03:21:00;14;Sem vítima;32,500;BR-50/MG;Crescente;Choque;1;0;0;0;0;0;0;0;0;0;1;0;0;0;0
13/08/2023;06:09:00;22;Sem vítima;113,000;BR-50/MG;Decrescente;Choque;1;0;0;0;0;0;0;0;0;0;1;0;0;0;0
13/08/2023;10:41:00;88;Com vítima;121,600;BR-50/MG;Crescente;Tombamento;0;0;0;0;0;0;0;0;0;1;0;1;0;0;0
13/08/2023;14:30:00;163;Sem vítima;118,200;BR-50/MG;Decrescente;Colisão lateral no mesmo sentido;0;0;0;0;0;1;0;0;0;0;1;0;0;0;0
13/08/2023;15:36:00;181;Com vítima;2,170;BR-50/MG;Decrescente;Choque;1;0;0;0;0;0;0;0;0;0;0;0;1;0;0
14/08/2023;07:46:00;74;Com vítima;181,000;BR-50/MG;Crescente;Queda de moto;0;0;0;1;0;0;0;0;0;0;0;0;1;0;0
14/08/2023;15:51:00;228;Sem vítima;86,000;BR-50/MG;Decrescente;Choque;1;0;0;0;0;0;0;0;0;0;1;0;0;0;0
15/08/2023;05:36:00;23;Sem vítima;177,000;BR-50/MG;Decrescente;Choque;1;0;0;0;0;0;0;0;0;0;1;0;0;0;0
15/08/2023;15:52:00;196;Sem vítima;51,475;BR-50/MG;Crescente;Colisão traseira;0;0;0;0;0;0;0;0;0;1;1;0;0;0;0
15/08/2023;18:38:00;229;Com vítima;178,000;BR-50/MG;Decrescente;Atropelamento de pedestre;0;0;0;0;0;0;0;0;0;0;0;0;0;0;0
15/08/2023;18:58:00;233;Com vítima;178,000;BR-50/MG;Crescente;Atropelamento de animal;0;0;0;0;0;0;0;0;0;0;0;0;0;0;0
16/08/2023;08:24:00;78;Com vítima;9,970;BR-50/MG;Decrescente;Colisão transversal;0;0;1;0;0;0;0;0;0;0;0;0;2;0;0
16/08/2023;23:43:00;346;Com vítima;181,700;BR-50/MG;Decrescente;Atropelamento de pedestre;0;1;0;0;0;0;0;0;0;0;0;0;1;0;0
17/08/2023;05:58:00;20;Com vítima;175,000;BR-50/MG;Decrescente;Choque;1;0;0;0;0;0;0;0;0;0;0;1;0;0;0
17/08/2023;12:14:00;181;Sem vítima;118,000;BR-50/MG;Crescente;Tombamento;0;0;0;0;0;1;0;0;0;0;1;0;0;0;0
17/08/2023;17:08:00;260;Com vítima;178,800;BR-50/MG;Crescente;Colisão traseira;0;0;0;0;0;1;0;0;0;0;0;0;0;0;0
18/08/2023;12:15:00;145;Sem vítima;141,250;BR-50/MG;Crescente;Colisão traseira;0;0;0;0;0;0;0;0;0;1;1;0;0;0;0
18/08/2023;17:23:00;251;Com vítima;91,880;BR-50/MG;Crescente;Queda de moto;0;0;0;1;0;0;0;0;0;0;0;1;0;0;0
18/08/2023;18:41:00;275;Com vítima;49,800;BR-50/MG;Crescente;Choque;0;0;0;0;0;1;0;0;0;0;0;0;0;0;0
19/08/2023;03:28:00;24;Sem vítima;269,600;BR-50/MG;Decrescente;Queda de moto;0;0;0;1;0;0;0;0;0;0;1;0;0;0;0
20/08/2023;01:11:00;9;Com vítima;183,000;BR-50/MG;Crescente;Colisão traseira;0;0;0;0;0;0;0;0;0;0;0;0;0;0;0
20/08/2023;06:47:00;32;Com vítima;283,000;BR-50/MG;Crescente;Colisão transversal;0;0;0;1;0;0;0;0;0;0;0;0;1;0;0
21/08/2023;18:19:00;323;Com vítima;114,000;BR-50/MG;Crescente;Tombamento;0;0;0;0;0;1;0;0;0;0;0;0;1;0;0
21/08/2023;19:15:00;332;Sem vítima;42,000;BR-50/MG;Crescente;Colisão traseira;0;0;0;0;0;0;0;0;0;0;0;0;0;0;0
22/08/2023;06:39:00;30;Com vítima;306,220;BR-50/MG;Crescente;Tombamento;0;0;0;0;0;1;0;0;0;0;0;0;1;0;0
23/08/2023;11:32:00;151;Sem vítima;199,050;BR-50/MG;Crescente;Colisão traseira;0;0;0;0;0;0;0;0;0;0;0;0;0;0;0
23/08/2023;15:33:00;218;Sem vítima;152,680;BR-50/MG;Decrescente;Capotamento;0;0;0;0;0;0;0;0;0;1;1;0;0;0;0
23/08/2023;18:37:00;277;Com vítima;61,000;BR-50/MG;Decrescente;Choque;0;0;0;0;0;0;0;0;0;1;0;1;0;0;0
24/08/2023;13:38:00;254;Com vítima;58,000;BR-50/MG;Crescente;Colisão traseira;1;0;0;0;0;0;0;0;0;0;1;0;0;0;0
24/08/2023;13:56:00;259;Sem vítima;83,450;BR-50/MG;Decrescente;Colisão traseira;0;0;0;0;0;2;0;0;0;0;2;0;0;0;0
25/08/2023;05:56:00;30;Sem vítima;102,300;BR-50/MG;Crescente;Choque;0;0;0;0;0;1;0;0;0;0;0;0;0;0;0
25/08/2023;16:09:00;282;Com vítima;147,950;BR-50/MG;Decrescente;Colisão lateral no mesmo sentido;0;0;0;0;0;1;0;0;0;0;1;0;0;0;0
25/08/2023;20:14:00;356;Com vítima;177,000;BR-50/MG;Decrescente;Colisão traseira;0;0;0;0;0;1;0;0;0;0;0;0;0;0;0
26/08/2023;03:43:00;24;Com vítima;19,000;Contorno de Uberlândia/MG;Crescente;Choque;0;0;0;0;0;0;0;0;0;1;1;0;0;0;0
26/08/2023;14:46:00;188;Com vítima;236,400;BR-50/MG;Crescente;Capotamento;1;0;0;0;0;0;0;0;0;0;0;0;1;0;0
26/08/2023;15:56:00;213;Com vítima;166,299;BR-50/MG;Decrescente;Colisão traseira;1;0;0;0;0;0;0;0;0;0;3;0;0;0;0
26/08/2023;18:39:00;253;Com vítima;115,000;BR-50/MG;Decrescente;Tombamento;0;0;0;0;0;1;0;0;0;0;0;0;1;0;0
26/08/2023;21:15:00;270;Com vítima;117,400;BR-50/MG;Decrescente;Atropelamento de pedestre;0;0;0;0;0;0;0;0;0;0;0;0;0;1;0
27/08/2023;04:38:00;22;Sem vítima;273,000;BR-50/MG;Decrescente;Choque;1;0;0;0;0;0;0;0;0;0;2;0;0;0;0
27/08/2023;04:55:00;25;Sem vítima;23,950;BR-50/MG;Decrescente;Colisão lateral no mesmo sentido;0;0;0;0;0;1;0;0;0;0;0;0;0;0;0
27/08/2023;07:37:00;49;Sem vítima;29,800;BR-50/MG;Crescente;Choque;0;0;0;0;0;0;0;0;0;1;1;0;0;0;0
27/08/2023;20:15:00;266;Com vítima;81,100;BR-50/MG;Decrescente;Queda de moto;0;0;0;1;0;0;0;0;0;0;0;0;1;0;0
28/08/2023;02:16:00;6;Sem vítima;59,400;BR-50/MG;Decrescente;Tombamento;0;0;1;0;0;0;0;0;0;0;1;0;0;0;0
28/08/2023;06:18:00;23;Sem vítima;17,050;BR-50/MG;Crescente;Choque;1;0;0;0;0;0;0;0;0;0;2;0;0;0;0
28/08/2023;09:26:00;106;Sem vítima;50,975;BR-50/MG;Crescente;Capotamento;0;0;0;0;0;0;0;0;0;0;0;0;0;0;0
28/08/2023;15:23:00;216;Com vítima;4,300;Contorno de Uberlândia/MG;Decrescente;Choque;0;0;0;0;0;0;0;0;0;1;0;0;1;0;0
28/08/2023;19:25:00;288;Sem vítima;13,900;BR-50/MG;Crescente;Colisão traseira;1;0;0;0;0;1;0;0;0;0;2;0;0;0;0
29/08/2023;07:34:00;58;Sem vítima;29,800;BR-50/MG;Decrescente;Choque;1;0;0;0;0;0;0;0;0;0;1;0;0;0;0
29/08/2023;13:28:00;206;Sem vítima;62,500;BR-50/MG;Decrescente;Choque;1;0;0;0;0;0;0;0;0;0;1;0;0;0;0
29/08/2023;15:04:00;247;Com vítima;29,900;BR-50/MG;Crescente;Capotamento;0;0;0;0;0;0;0;0;0;1;0;1;0;0;0
29/08/2023;16:21:00;283;Sem vítima;98,900;BR-50/MG;Decrescente;Colisão transversal;0;0;0;0;0;0;0;0;0;1;1;0;0;0;0
29/08/2023;19:08:00;329;Com vítima;118,510;BR-50/MG;Crescente;Colisão traseira;0;0;0;0;0;0;0;0;0;1;0;0;0;0;0
29/08/2023;20:24:00;343;Sem vítima;94,500;BR-50/MG;Crescente;Tombamento;0;0;1;0;0;0;0;0;0;0;0;0;0;0;0
29/08/2023;23:14:00;367;Sem vítima;128,000;BR-50/MG;Decrescente;Tombamento;0;0;0;0;0;1;0;0;0;0;1;0;0;0;0
30/08/2023;13:05:00;183;Sem vítima;182,000;BR-50/MG;Decrescente;Atropelamento de animal;0;0;0;0;0;0;0;0;0;0;0;0;0;0;0
30/08/2023;16:10:00;240;Com vítima;118,400;BR-50/MG;Crescente;Tombamento;0;0;0;0;0;1;0;0;0;0;0;1;0;0;0
30/08/2023;17:21:00;269;Sem vítima;179,700;BR-50/MG;Crescente;Colisão traseira;0;0;0;0;0;0;0;0;0;1;0;0;0;0;0
30/08/2023;21:37:00;327;Sem vítima;174,000;BR-50/MG;Decrescente;Tombamento;0;0;1;0;0;0;0;0;0;0;1;0;0;0;0
30/08/2023;22:33:00;334;Com vítima;163,400;BR-50/MG;Crescente;Capotamento;1;0;0;0;0;0;0;0;0;0;0;1;0;0;0
31/08/2023;09:59:00;136;Sem vítima;188,400;BR-50/MG;Decrescente;Choque;0;0;0;0;0;1;0;0;0;0;1;0;0;0;0
31/08/2023;15:30:00;252;Com vítima;15,550;BR-50/MG;Crescente;Tombamento;0;0;0;0;0;1;0;0;0;0;0;0;1;0;0
31/08/2023;19:13:00;304;Com vítima;115,000;BR-50/MG;Decrescente;Capotamento;1;0;0;0;0;0;0;0;0;0;0;0;1;0;0
01/09/2023;09:33:00;119;Com vítima;41,000;BR-50/MG;Crescente;Queda de bicicleta;0;1;0;0;0;0;0;0;0;0;0;1;0;0;0
01/09/2023;11:39:00;177;Com vítima;86,000;BR-50/MG;Crescente;Colisão traseira;0;0;1;0;0;0;0;0;0;0;0;1;0;0;0
01/09/2023;16:14:00;286;Com vítima;39,500;BR-50/MG;Crescente;Atropelamento de pedestre;0;0;0;0;0;0;0;0;0;0;0;1;0;0;0
02/09/2023;00:48:00;3;Com vítima;36,000;BR-50/MG;Decrescente;Choque;1;0;0;0;0;0;0;0;0;0;0;1;0;0;0
02/09/2023;01:36:00;11;Com vítima;256,000;BR-50/MG;Decrescente;Queda de moto;0;0;0;1;0;0;0;0;0;0;0;0;1;0;0
02/09/2023;07:46:00;72;Sem vítima;170,450;BR-50/MG;Crescente;Choque;0;0;0;0;0;1;0;0;0;0;1;0;0;0;0
02/09/2023;09:12:00;120;Com vítima;180,000;BR-50/MG;Crescente;Queda de moto;0;0;0;1;0;0;0;0;0;0;0;1;0;0;0
02/09/2023;11:17:00;177;Sem vítima;139,000;BR-50/MG;Decrescente;Capotamento;1;0;0;0;0;0;0;0;0;0;1;0;0;0;0
03/09/2023;02:22:00;14;Sem vítima;203,000;BR-50/MG;Decrescente;Atropelamento de animal;0;0;0;0;0;1;0;0;0;0;0;0;0;0;0
03/09/2023;09:46:00;90;Com vítima;306,000;BR-50/MG;Crescente;Tombamento;0;0;0;0;0;1;0;0;0;0;0;1;0;0;0
03/09/2023;15:14:00;200;Com vítima;18,250;Contorno de Uberlândia/MG;Crescente;Queda de moto;0;0;0;1;0;0;0;0;0;0;0;0;0;0;0
03/09/2023;21:39:00;323;Sem vítima;11,000;BR-50/MG;Decrescente;Colisão traseira;1;0;0;0;0;0;0;0;0;0;1;0;0;0;0
03/09/2023;22:54:00;335;Sem vítima;56,500;BR-50/MG;Crescente;Choque;1;0;0;0;0;0;0;0;0;0;1;0;0;0;0
04/09/2023;04:30:00;17;Com vítima;22,000;BR-50/MG;Decrescente;Queda de moto;0;0;0;1;0;0;0;0;0;0;0;1;0;0;0
04/09/2023;05:13:00;19;Sem vítima;108,950;BR-50/MG;Decrescente;Choque;1;0;0;0;0;0;0;0;0;0;1;0;0;0;0
04/09/2023;06:33:00;32;Com vítima;27,700;BR-50/MG;Decrescente;Tombamento;0;0;1;0;0;0;0;0;0;0;0;1;0;0;0
04/09/2023;08:08:00;88;Com vítima;192,000;BR-50/MG;Decrescente;Choque;0;0;0;0;0;0;0;0;0;1;0;0;0;1;0
04/09/2023;08:38:00;100;Sem vítima;192,000;BR-50/MG;Crescente;Colisão traseira;0;0;1;0;0;0;0;0;0;0;1;0;0;0;0
04/09/2023;08:44:00;104;Sem vítima;309,500;BR-50/MG;Decrescente;Choque;1;0;0;0;0;0;0;0;0;0;1;0;0;0;0
04/09/2023;10:27:00;140;Com vítima;11,000;Contorno de Uberlândia/MG;Crescente;Tombamento;0;0;0;0;0;1;0;0;0;0;0;1;0;0;0
04/09/2023;18:28:00;303;Sem vítima;179,000;BR-50/MG;Crescente;Colisão traseira;0;0;0;0;0;1;0;0;0;0;0;0;0;0;0
04/09/2023;21:26:00;348;Sem vítima;87,200;BR-50/MG;Decrescente;Choque;1;0;0;0;0;0;0;0;0;0;1;0;0;0;0
05/09/2023;02:49:00;15;Com vítima;99,600;BR-50/MG;Crescente;Colisão lateral no mesmo sentido;0;0;0;0;0;1;0;0;0;0;1;0;0;0;0
05/09/2023;07:42:00;80;Sem vítima;171,500;BR-50/MG;Crescente;Choque;1;0;0;0;0;0;0;0;0;0;1;0;0;0;0
05/09/2023;16:01:00;278;Sem vítima;164,600;BR-50/MG;Crescente;Choque;1;0;0;0;0;0;0;0;0;0;1;0;0;0;0
05/09/2023;20:12:00;357;Com vítima;131,400;BR-50/MG;Decrescente;Colisão traseira;0;0;0;0;0;0;0;0;0;1;1;0;0;0;0
06/09/2023;02:00:00;16;Com vítima;280,400;BR-50/MG;Crescente;Queda de moto;0;0;0;1;0;0;0;0;0;0;0;0;1;0;0
06/09/2023;18:17:00;355;Sem vítima;282,800;BR-50/MG;Crescente;Colisão transversal;1;0;0;0;0;0;0;0;0;0;1;0;0;0;0
06/09/2023;20:58:00;405;Sem vítima;115,150;BR-50/MG;Decrescente;Colisão traseira;0;0;0;0;0;2;0;0;0;0;2;0;0;0;0
07/09/2023;00:38:00;10;Sem vítima;89,900;BR-50/MG;Decrescente;Choque;1;0;0;0;0;0;0;0;0;0;1;0;0;0;0
07/09/2023;06:01:00;40;Sem vítima;41,700;BR-50/MG;Decrescente;Capotamento;1;0;0;0;0;0;0;0;0;0;1;0;0;0;0
07/09/2023;08:22:00;73;Sem vítima;246,000;BR-50/MG;Decrescente;Choque;0;0;0;0;0;0;0;0;0;1;1;0;0;0;0
07/09/2023;11:11:00;146;Sem vítima;166,400;BR-50/MG;Decrescente;Choque;0;0;0;0;0;0;0;0;0;1;1;0;0;0;0
07/09/2023;14:36:00;196;Sem vítima;302,580;BR-50/MG;Crescente;Choque;1;0;0;0;0;0;0;0;0;0;1;0;0;0;0
07/09/2023;18:09:00;257;Sem vítima;171,400;BR-50/MG;Crescente;Colisão traseira;1;0;0;0;0;0;0;0;0;0;1;0;0;0;0
07/09/2023;19:05:00;273;Sem vítima;120,000;BR-50/MG;Decrescente;Colisão traseira;0;0;0;0;0;1;0;0;0;0;1;0;0;0;0
08/09/2023;01:49:00;19;Com vítima;115,000;BR-50/MG;Decrescente;Capotamento;1;0;0;0;0;0;0;0;0;0;1;0;0;0;0
08/09/2023;11:27:00;137;Com vítima;0,300;BR-50/MG;Crescente;Tombamento;0;0;0;0;0;1;0;0;0;0;0;1;0;0;0
08/09/2023;12:32:00;154;Sem vítima;155,000;BR-50/MG;Crescente;Colisão traseira;1;0;0;0;0;0;0;0;0;0;1;0;0;0;0
08/09/2023;18:22:00;257;Sem vítima;98,000;BR-50/MG;Crescente;Colisão transversal;1;0;0;0;0;1;0;0;0;0;2;0;0;0;0
08/09/2023;20:21:00;286;Com vítima;31,950;BR-50/MG;Decrescente;Capotamento;1;0;0;0;0;0;0;0;0;0;0;1;0;0;0
09/09/2023;06:59:00;48;Com vítima;98,000;BR-50/MG;Crescente;Colisão transversal;0;0;0;0;0;1;0;0;0;0;0;0;0;0;0
09/09/2023;09:08:00;99;Sem vítima;169,800;BR-50/MG;Crescente;Choque;1;0;0;0;0;0;0;0;0;0;1;0;0;0;0
09/09/2023;16:21:00;235;Com vítima;35,050;BR-50/MG;Decrescente;Colisão traseira;0;1;0;0;0;0;0;0;0;0;0;1;0;0;0
09/09/2023;17:32:00;250;Com vítima;292,500;BR-50/MG;Decrescente;Queda de moto;0;0;0;1;0;0;0;0;0;0;0;0;1;0;0
09/09/2023;19:02:00;275;Sem vítima;165,500;BR-50/MG;Decrescente;Choque;1;0;0;0;0;0;0;0;0;0;1;0;0;0;0
10/09/2023;03:21:00;25;Com vítima;79,650;BR-50/MG;Decrescente;Capotamento;0;0;0;0;0;1;0;0;0;0;0;0;0;1;0
10/09/2023;16:41:00;255;Com vítima;48,800;BR-50/MG;Crescente;Queda de moto;0;0;0;1;0;0;0;0;0;0;0;0;1;0;0
10/09/2023;17:40:00;281;Sem vítima;79,000;BR-50/MG;Crescente;Engavetamento;0;0;0;0;0;1;0;0;0;0;0;0;0;0;0
10/09/2023;19:04:00;309;Com vítima;205,100;BR-50/MG;Crescente;Colisão lateral no mesmo sentido;0;0;0;0;0;0;0;0;0;1;1;0;0;0;0
11/09/2023;06:35:00;46;Com vítima;270,500;BR-50/MG;Decrescente;Tombamento;0;0;0;0;0;0;0;0;0;1;1;0;0;0;0
11/09/2023;07:01:00;52;Sem vítima;276,500;BR-50/MG;Decrescente;Choque;1;0;0;0;0;0;0;0;0;0;1;0;0;0;0
11/09/2023;08:56:00;108;Sem vítima;158,100;BR-50/MG;Decrescente;Choque;0;0;0;0;0;0;0;0;0;1;1;0;0;0;0
11/09/2023;11:10:00;157;Sem vítima;18,050;BR-50/MG;Decrescente;Choque;1;0;0;0;0;0;0;0;0;0;1;0;0;0;0
11/09/2023;11:40:00;169;Com vítima;190,000;BR-50/MG;Crescente;Capotamento;1;0;0;0;0;0;0;0;0;0;0;1;0;0;0
11/09/2023;18:08:00;284;Com vítima;109,000;BR-50/MG;Crescente;Queda de moto;0;0;0;1;0;0;0;0;0;0;0;1;0;0;0
12/09/2023;06:05:00;23;Sem vítima;179,950;BR-50/MG;Decrescente;Choque;1;0;0;0;0;0;0;0;0;0;1;0;0;0;0
12/09/2023;09:35:00;112;Sem vítima;180,300;BR-50/MG;Crescente;Carreta deu L;0;0;0;0;0;1;0;0;0;0;1;0;0;0;0
13/09/2023;02:52:00;9;Com vítima;141,000;BR-50/MG;Crescente;Capotamento;1;0;0;0;0;0;0;0;0;0;0;0;0;0;0
13/09/2023;05:06:00;22;Sem vítima;52,500;BR-50/MG;Decrescente;Tombamento;0;0;1;0;0;0;0;0;0;0;1;0;0;0;0
13/09/2023;07:22:00;65;Sem vítima;306,000;BR-50/MG;Crescente;Tombamento;0;0;0;0;0;1;0;0;0;0;1;0;0;0;0
13/09/2023;08:04:00;87;Sem vítima;171,450;BR-50/MG;Crescente;Choque;1;0;0;0;0;0;0;0;0;0;0;0;0;0;0
13/09/2023;19:04:00;358;Com vítima;19,900;Contorno de Uberlândia/MG;Crescente;Colisão traseira;0;0;0;0;0;1;0;0;0;0;0;0;0;0;0
13/09/2023;20:42:00;382;Sem vítima;51,200;BR-50/MG;Crescente;Choque;0;0;0;0;0;1;0;0;0;0;0;0;0;0;0
13/09/2023;21:13:00;387;Com vítima;13,800;BR-50/MG;Crescente;Colisão traseira;0;0;0;0;0;1;0;0;0;0;1;0;0;0;0
14/09/2023;00:12:00;1;Sem vítima;261,900;BR-50/MG;Crescente;Choque;1;0;0;0;0;0;0;0;0;0;1;0;0;0;0
14/09/2023;17:13:00;286;Com vítima;95,700;BR-50/MG;Decrescente;Tombamento;0;0;0;0;0;1;0;0;0;0;0;1;0;0;0
14/09/2023;18:48:00;302;Sem vítima;177,000;BR-50/MG;Crescente;Choque;1;0;0;0;0;0;0;0;0;0;1;0;0;0;0
14/09/2023;20:36:00;332;Com vítima;185,900;BR-50/MG;Decrescente;Colisão traseira;0;0;0;0;0;1;0;0;0;0;0;1;0;0;0
14/09/2023;20:53:00;337;Com vítima;62,500;BR-50/MG;Decrescente;Tombamento;0;0;1;0;0;0;0;0;0;0;0;1;0;0;0
15/09/2023;13:26:00;184;Com vítima;145,300;BR-50/MG;Crescente;Choque;1;0;0;0;0;0;0;0;0;0;0;0;1;0;0
15/09/2023;13:26:00;185;Sem vítima;89,600;BR-50/MG;Decrescente;Choque;0;0;0;0;0;0;0;0;0;1;1;0;0;0;0
15/09/2023;17:54:00;273;Sem vítima;17,000;BR-50/MG;Crescente;Capotamento;1;0;0;0;0;0;0;0;0;0;1;0;0;0;0
16/09/2023;08:04:00;61;Sem vítima;97,500;BR-50/MG;Decrescente;Colisão transversal;1;0;0;0;0;0;0;0;0;0;1;0;0;0;0
16/09/2023;10:19:00;110;Com vítima;311,700;BR-50/MG;Crescente;Queda de moto;0;0;0;1;0;0;0;0;0;0;0;0;1;0;0
16/09/2023;19:03:00;263;Sem vítima;279,800;BR-50/MG;Decrescente;Colisão transversal;1;0;0;0;0;0;0;0;0;0;1;0;0;0;0
16/09/2023;20:32:00;284;Com vítima;182,300;BR-50/MG;Crescente;Capotamento;1;0;0;0;0;0;0;0;0;0;1;0;0;0;0
16/09/2023;21:54:00;295;Sem vítima;111,000;BR-50/MG;Decrescente;Choque;1;0;0;0;0;0;0;0;0;0;1;0;0;0;0
16/09/2023;21:56:00;296;Com vítima;277,300;BR-50/MG;Crescente;Atropelamento de animal;0;0;0;0;0;0;0;0;0;0;0;0;0;0;0
17/09/2023;01:50:00;14;Com vítima;91,000;BR-50/MG;Crescente;Capotamento;1;0;0;0;0;0;0;0;0;0;0;0;1;0;0
17/09/2023;04:59:00;27;Sem vítima;45,200;BR-50/MG;Decrescente;Choque;1;0;0;0;0;0;0;0;0;0;1;0;0;0;0
17/09/2023;07:54:00;90;Sem vítima;195,100;BR-50/MG;Crescente;Colisão transversal;0;0;0;0;0;0;0;0;0;1;1;0;0;0;0
17/09/2023;10:31:00;138;Sem vítima;179,900;BR-50/MG;Decrescente;Choque;0;0;0;0;0;0;0;0;0;1;1;0;0;0;0
17/09/2023;13:51:00;187;Com vítima;194,000;BR-50/MG;Crescente;Tombamento;0;0;1;0;0;0;0;0;0;0;0;1;0;0;0
17/09/2023;19:47:00;289;Sem vítima;93,900;BR-50/MG;Decrescente;Colisão lateral no mesmo sentido;0;0;0;0;0;1;0;0;0;0;1;0;0;0;0
17/09/2023;21:34:00;308;Com vítima;125,000;BR-50/MG;Decrescente;Queda de moto;0;0;0;1;0;0;0;0;0;0;0;1;0;0;0
18/09/2023;01:30:00;6;Sem vítima;178,500;BR-50/MG;Crescente;Choque;0;0;1;0;0;0;0;0;0;0;1;0;0;0;0
18/09/2023;11:17:00;200;Sem vítima;119,800;BR-50/MG;Crescente;Choque;1;0;0;0;0;0;0;0;0;0;1;0;0;0;0
18/09/2023;15:54:00;303;Com vítima;96,010;BR-50/MG;Crescente;Colisão transversal;1;0;0;0;0;0;0;0;0;0;0;1;0;0;0
18/09/2023;17:13:00;334;Sem vítima;28,500;BR-50/MG;Crescente;Carreta deu L;0;0;0;0;0;1;0;0;0;0;1;0;0;0;0
19/09/2023;13:32:00;231;Sem vítima;296,950;BR-50/MG;Decrescente;Colisão traseira;0;0;1;0;0;0;0;0;0;0;1;0;0;0;0
19/09/2023;15:17:00;258;Com vítima;78,150;BR-50/MG;Decrescente;Colisão traseira;0;0;0;1;0;0;0;0;0;0;0;0;1;0;0
19/09/2023;17:33:00;300;Com vítima;97,300;BR-50/MG;Decrescente;Engavetamento;0;0;0;0;0;0;0;0;0;1;4;0;0;0;0
19/09/2023;21:13:00;367;Sem vítima;297,600;BR-50/MG;Crescente;Acidentes de outra natureza;0;0;1;0;0;0;0;0;0;0;2;0;0;0;0
20/09/2023;06:27:00;44;Com vítima;296,000;BR-50/MG;Decrescente;Capotamento;0;0;0;0;0;0;0;0;0;1;0;0;2;0;0
21/09/2023;06:26:00;42;Com vítima;63,600;BR-50/MG;Decrescente;Capotamento;1;0;0;0;0;0;0;0;0;0;1;0;0;0;0
21/09/2023;07:11:00;68;Com vítima;105,100;BR-50/MG;Crescente;Colisão transversal;1;0;0;0;0;0;0;0;0;0;0;1;0;0;0
21/09/2023;14:03:00;253;Com vítima;206,500;BR-50/MG;Decrescente;Colisão traseira;1;0;0;0;0;0;0;0;0;0;0;0;1;0;0